ISO-10303-21;
HEADER;
FILE_DESCRIPTION(('KiCad electronic assembly'),'2;1');
FILE_NAME('.step','2026-08-14T09:10:31',('Pcbnew'),('Kicad'),
  'Open CASCADE STEP processor 7.9','KiCad to STEP converter','Unknown'
  );
FILE_SCHEMA(('AUTOMOTIVE_DESIGN { 1 0 10303 214 1 1 1 1 }'));
ENDSEC;
DATA;
#1 = APPLICATION_PROTOCOL_DEFINITION('international standard',
  'automotive_design',2000,#2);
#2 = APPLICATION_CONTEXT(
  'core data for automotive mechanical design processes');
#3 = SHAPE_DEFINITION_REPRESENTATION(#4,#10);
#4 = PRODUCT_DEFINITION_SHAPE('','',#5);
#5 = PRODUCT_DEFINITION('design','',#6,#9);
#6 = PRODUCT_DEFINITION_FORMATION('','',#7);
#7 = PRODUCT('.step 1','.step 1','',(#8));
#8 = PRODUCT_CONTEXT('',#2,'mechanical');
#9 = PRODUCT_DEFINITION_CONTEXT('part definition',#2,'design');
#10 = SHAPE_REPRESENTATION('',(#11,#15,#19,#23,#27,#31,#35),#39);
#11 = AXIS2_PLACEMENT_3D('',#12,#13,#14);
#12 = CARTESIAN_POINT('',(0.,0.,0.));
#13 = DIRECTION('',(0.,0.,1.));
#14 = DIRECTION('',(1.,0.,-0.));
#15 = AXIS2_PLACEMENT_3D('',#16,#17,#18);
#16 = CARTESIAN_POINT('',(176.5,-71.,1.595));
#17 = DIRECTION('',(0.,0.,1.));
#18 = DIRECTION('',(1.,0.,0.));
#19 = AXIS2_PLACEMENT_3D('',#20,#21,#22);
#20 = CARTESIAN_POINT('',(156.5,-71.,1.595));
#21 = DIRECTION('',(0.,0.,1.));
#22 = DIRECTION('',(1.,0.,0.));
#23 = AXIS2_PLACEMENT_3D('',#24,#25,#26);
#24 = CARTESIAN_POINT('',(157.,-97.,1.595));
#25 = DIRECTION('',(0.,0.,1.));
#26 = DIRECTION('',(1.,0.,0.));
#27 = AXIS2_PLACEMENT_3D('',#28,#29,#30);
#28 = CARTESIAN_POINT('',(177.,-97.,1.595));
#29 = DIRECTION('',(0.,0.,1.));
#30 = DIRECTION('',(-1.,1.224646799147E-16,0.));
#31 = AXIS2_PLACEMENT_3D('',#32,#33,#34);
#32 = CARTESIAN_POINT('',(198.,-71.,1.595));
#33 = DIRECTION('',(0.,0.,1.));
#34 = DIRECTION('',(1.,0.,0.));
#35 = AXIS2_PLACEMENT_3D('',#36,#37,#38);
#36 = CARTESIAN_POINT('',(0.,0.,0.));
#37 = DIRECTION('',(0.,0.,1.));
#38 = DIRECTION('',(1.,0.,-0.));
#39 = ( GEOMETRIC_REPRESENTATION_CONTEXT(3) 
GLOBAL_UNCERTAINTY_ASSIGNED_CONTEXT((#43)) GLOBAL_UNIT_ASSIGNED_CONTEXT(
(#40,#41,#42)) REPRESENTATION_CONTEXT('Context #1',
  '3D Context with UNIT and UNCERTAINTY') );
#40 = ( LENGTH_UNIT() NAMED_UNIT(*) SI_UNIT(.MILLI.,.METRE.) );
#41 = ( NAMED_UNIT(*) PLANE_ANGLE_UNIT() SI_UNIT($,.RADIAN.) );
#42 = ( NAMED_UNIT(*) SI_UNIT($,.STERADIAN.) SOLID_ANGLE_UNIT() );
#43 = UNCERTAINTY_MEASURE_WITH_UNIT(LENGTH_MEASURE(1.E-06),#40,
  'distance_accuracy_value','confusion accuracy');
#44 = PRODUCT_RELATED_PRODUCT_CATEGORY('part',$,(#7));
#45 = SHAPE_DEFINITION_REPRESENTATION(#46,#52);
#46 = PRODUCT_DEFINITION_SHAPE('','',#47);
#47 = PRODUCT_DEFINITION('design','',#48,#51);
#48 = PRODUCT_DEFINITION_FORMATION('','',#49);
#49 = PRODUCT('LED_SK6812MINI-E_3.2x2.8mm_P1.5mm_ReverseMount',
  'LED_SK6812MINI-E_3.2x2.8mm_P1.5mm_ReverseMount','',(#50));
#50 = PRODUCT_CONTEXT('',#2,'mechanical');
#51 = PRODUCT_DEFINITION_CONTEXT('part definition',#2,'design');
#52 = SHAPE_REPRESENTATION('',(#11,#53),#57);
#53 = AXIS2_PLACEMENT_3D('',#54,#55,#56);
#54 = CARTESIAN_POINT('',(0.,0.,0.));
#55 = DIRECTION('',(0.,0.,1.));
#56 = DIRECTION('',(1.,0.,-0.));
#57 = ( GEOMETRIC_REPRESENTATION_CONTEXT(3) 
GLOBAL_UNCERTAINTY_ASSIGNED_CONTEXT((#61)) GLOBAL_UNIT_ASSIGNED_CONTEXT(
(#58,#59,#60)) REPRESENTATION_CONTEXT('Context #1',
  '3D Context with UNIT and UNCERTAINTY') );
#58 = ( LENGTH_UNIT() NAMED_UNIT(*) SI_UNIT(.MILLI.,.METRE.) );
#59 = ( NAMED_UNIT(*) PLANE_ANGLE_UNIT() SI_UNIT($,.RADIAN.) );
#60 = ( NAMED_UNIT(*) SI_UNIT($,.STERADIAN.) SOLID_ANGLE_UNIT() );
#61 = UNCERTAINTY_MEASURE_WITH_UNIT(LENGTH_MEASURE(2.E-06),#58,
  'distance_accuracy_value','confusion accuracy');
#62 = CONTEXT_DEPENDENT_SHAPE_REPRESENTATION(#63,#65);
#63 = ( REPRESENTATION_RELATIONSHIP('','',#52,#10) 
REPRESENTATION_RELATIONSHIP_WITH_TRANSFORMATION(#64) 
SHAPE_REPRESENTATION_RELATIONSHIP() );
#64 = ITEM_DEFINED_TRANSFORMATION('','',#11,#15);
#65 = PRODUCT_DEFINITION_SHAPE('Placement','Placement of an item',#66);
#66 = NEXT_ASSEMBLY_USAGE_OCCURRENCE('7','D2','',#5,#47,$);
#67 = PRODUCT_RELATED_PRODUCT_CATEGORY('part',$,(#49));
#68 = SHAPE_DEFINITION_REPRESENTATION(#69,#75);
#69 = PRODUCT_DEFINITION_SHAPE('','',#70);
#70 = PRODUCT_DEFINITION('design','',#71,#74);
#71 = PRODUCT_DEFINITION_FORMATION('','',#72);
#72 = PRODUCT('LED_SK6812MINI_E_3_2x2_8mm_P1_5mm',
  'LED_SK6812MINI_E_3_2x2_8mm_P1_5mm','',(#73));
#73 = PRODUCT_CONTEXT('',#2,'mechanical');
#74 = PRODUCT_DEFINITION_CONTEXT('part definition',#2,'design');
#75 = SHAPE_REPRESENTATION('',(#11,#76,#80,#84,#88,#92),#96);
#76 = AXIS2_PLACEMENT_3D('',#77,#78,#79);
#77 = CARTESIAN_POINT('',(0.,0.,0.));
#78 = DIRECTION('',(0.,0.,1.));
#79 = DIRECTION('',(1.,0.,0.));
#80 = AXIS2_PLACEMENT_3D('',#81,#82,#83);
#81 = CARTESIAN_POINT('',(0.,0.,0.));
#82 = DIRECTION('',(0.,0.,1.));
#83 = DIRECTION('',(1.,0.,0.));
#84 = AXIS2_PLACEMENT_3D('',#85,#86,#87);
#85 = CARTESIAN_POINT('',(0.,0.,0.));
#86 = DIRECTION('',(0.,0.,1.));
#87 = DIRECTION('',(1.,0.,0.));
#88 = AXIS2_PLACEMENT_3D('',#89,#90,#91);
#89 = CARTESIAN_POINT('',(0.,0.,0.));
#90 = DIRECTION('',(0.,0.,1.));
#91 = DIRECTION('',(1.,0.,0.));
#92 = AXIS2_PLACEMENT_3D('',#93,#94,#95);
#93 = CARTESIAN_POINT('',(0.,0.,0.));
#94 = DIRECTION('',(0.,0.,1.));
#95 = DIRECTION('',(1.,0.,0.));
#96 = ( GEOMETRIC_REPRESENTATION_CONTEXT(3) 
GLOBAL_UNCERTAINTY_ASSIGNED_CONTEXT((#100)) GLOBAL_UNIT_ASSIGNED_CONTEXT
((#97,#98,#99)) REPRESENTATION_CONTEXT('Context #1',
  '3D Context with UNIT and UNCERTAINTY') );
#97 = ( LENGTH_UNIT() NAMED_UNIT(*) SI_UNIT(.MILLI.,.METRE.) );
#98 = ( NAMED_UNIT(*) PLANE_ANGLE_UNIT() SI_UNIT($,.RADIAN.) );
#99 = ( NAMED_UNIT(*) SI_UNIT($,.STERADIAN.) SOLID_ANGLE_UNIT() );
#100 = UNCERTAINTY_MEASURE_WITH_UNIT(LENGTH_MEASURE(2.E-06),#97,
  'distance_accuracy_value','confusion accuracy');
#101 = CONTEXT_DEPENDENT_SHAPE_REPRESENTATION(#102,#104);
#102 = ( REPRESENTATION_RELATIONSHIP('','',#75,#52) 
REPRESENTATION_RELATIONSHIP_WITH_TRANSFORMATION(#103) 
SHAPE_REPRESENTATION_RELATIONSHIP() );
#103 = ITEM_DEFINED_TRANSFORMATION('','',#11,#53);
#104 = PRODUCT_DEFINITION_SHAPE('Placement','Placement of an item',#105
  );
#105 = NEXT_ASSEMBLY_USAGE_OCCURRENCE('6','=>[0:1:1:3]','',#47,#70,$);
#106 = PRODUCT_RELATED_PRODUCT_CATEGORY('part',$,(#72));
#107 = SHAPE_DEFINITION_REPRESENTATION(#108,#114);
#108 = PRODUCT_DEFINITION_SHAPE('','',#109);
#109 = PRODUCT_DEFINITION('design','',#110,#113);
#110 = PRODUCT_DEFINITION_FORMATION('','',#111);
#111 = PRODUCT('Body','Body','',(#112));
#112 = PRODUCT_CONTEXT('',#2,'mechanical');
#113 = PRODUCT_DEFINITION_CONTEXT('part definition',#2,'design');
#114 = ADVANCED_BREP_SHAPE_REPRESENTATION('',(#11,#115),#965);
#115 = MANIFOLD_SOLID_BREP('',#116);
#116 = CLOSED_SHELL('',(#117,#173,#220,#253,#277,#318,#365,#376,#401,
    #423,#522,#539,#575,#599,#617,#709,#721,#738,#755,#772,#789,#806,
    #834,#851,#868,#885,#897,#922,#947,#956));
#117 = ADVANCED_FACE('',(#118),#168,.F.);
#118 = FACE_BOUND('',#119,.F.);
#119 = EDGE_LOOP('',(#120,#130,#138,#146,#154,#162));
#120 = ORIENTED_EDGE('',*,*,#121,.F.);
#121 = EDGE_CURVE('',#122,#124,#126,.T.);
#122 = VERTEX_POINT('',#123);
#123 = CARTESIAN_POINT('',(-1.6,1.4,0.15));
#124 = VERTEX_POINT('',#125);
#125 = CARTESIAN_POINT('',(-1.6,1.4,-0.83995));
#126 = LINE('',#127,#128);
#127 = CARTESIAN_POINT('',(-1.6,1.4,0.15));
#128 = VECTOR('',#129,1.);
#129 = DIRECTION('',(0.,2.2E-16,-1.));
#130 = ORIENTED_EDGE('',*,*,#131,.T.);
#131 = EDGE_CURVE('',#122,#132,#134,.T.);
#132 = VERTEX_POINT('',#133);
#133 = CARTESIAN_POINT('',(-1.6,-1.4,0.15));
#134 = LINE('',#135,#136);
#135 = CARTESIAN_POINT('',(-1.6,1.4,0.15));
#136 = VECTOR('',#137,1.);
#137 = DIRECTION('',(0.,-1.,2.2E-16));
#138 = ORIENTED_EDGE('',*,*,#139,.T.);
#139 = EDGE_CURVE('',#132,#140,#142,.T.);
#140 = VERTEX_POINT('',#141);
#141 = CARTESIAN_POINT('',(-1.6,-1.4,-0.34));
#142 = LINE('',#143,#144);
#143 = CARTESIAN_POINT('',(-1.6,-1.4,0.15));
#144 = VECTOR('',#145,1.);
#145 = DIRECTION('',(0.,2.2E-16,-1.));
#146 = ORIENTED_EDGE('',*,*,#147,.F.);
#147 = EDGE_CURVE('',#148,#140,#150,.T.);
#148 = VERTEX_POINT('',#149);
#149 = CARTESIAN_POINT('',(-1.6,-0.586827201635,-0.34));
#150 = LINE('',#151,#152);
#151 = CARTESIAN_POINT('',(-1.6,-0.586827201635,-0.34));
#152 = VECTOR('',#153,1.);
#153 = DIRECTION('',(0.,-1.,-2.2E-16));
#154 = ORIENTED_EDGE('',*,*,#155,.F.);
#155 = EDGE_CURVE('',#156,#148,#158,.T.);
#156 = VERTEX_POINT('',#157);
#157 = CARTESIAN_POINT('',(-1.6,-0.586827201635,-0.83995));
#158 = LINE('',#159,#160);
#159 = CARTESIAN_POINT('',(-1.6,-0.586827201635,-0.84));
#160 = VECTOR('',#161,1.);
#161 = DIRECTION('',(0.,0.,1.));
#162 = ORIENTED_EDGE('',*,*,#163,.F.);
#163 = EDGE_CURVE('',#124,#156,#164,.T.);
#164 = LINE('',#165,#166);
#165 = CARTESIAN_POINT('',(-1.6,1.4,-0.83995));
#166 = VECTOR('',#167,1.);
#167 = DIRECTION('',(0.,-1.,2.2E-16));
#168 = PLANE('',#169);
#169 = AXIS2_PLACEMENT_3D('',#170,#171,#172);
#170 = CARTESIAN_POINT('',(-1.6,1.4,0.15));
#171 = DIRECTION('',(1.,0.,0.));
#172 = DIRECTION('',(0.,-2.2E-16,-1.));
#173 = ADVANCED_FACE('',(#174),#215,.T.);
#174 = FACE_BOUND('',#175,.T.);
#175 = EDGE_LOOP('',(#176,#177,#185,#193,#201,#209));
#176 = ORIENTED_EDGE('',*,*,#121,.F.);
#177 = ORIENTED_EDGE('',*,*,#178,.F.);
#178 = EDGE_CURVE('',#179,#122,#181,.T.);
#179 = VERTEX_POINT('',#180);
#180 = CARTESIAN_POINT('',(-1.555,1.4,0.15));
#181 = LINE('',#182,#183);
#182 = CARTESIAN_POINT('',(1.6,1.4,0.15));
#183 = VECTOR('',#184,1.);
#184 = DIRECTION('',(-1.,0.,0.));
#185 = ORIENTED_EDGE('',*,*,#186,.F.);
#186 = EDGE_CURVE('',#187,#179,#189,.T.);
#187 = VERTEX_POINT('',#188);
#188 = CARTESIAN_POINT('',(1.555,1.4,0.15));
#189 = LINE('',#190,#191);
#190 = CARTESIAN_POINT('',(4.655694667823,1.4,0.15));
#191 = VECTOR('',#192,1.);
#192 = DIRECTION('',(-1.,-1.1E-16,1.1E-16));
#193 = ORIENTED_EDGE('',*,*,#194,.F.);
#194 = EDGE_CURVE('',#195,#187,#197,.T.);
#195 = VERTEX_POINT('',#196);
#196 = CARTESIAN_POINT('',(1.6,1.4,0.15));
#197 = LINE('',#198,#199);
#198 = CARTESIAN_POINT('',(1.6,1.4,0.15));
#199 = VECTOR('',#200,1.);
#200 = DIRECTION('',(-1.,0.,0.));
#201 = ORIENTED_EDGE('',*,*,#202,.F.);
#202 = EDGE_CURVE('',#203,#195,#205,.T.);
#203 = VERTEX_POINT('',#204);
#204 = CARTESIAN_POINT('',(1.6,1.4,-0.83995));
#205 = LINE('',#206,#207);
#206 = CARTESIAN_POINT('',(1.6,1.4,-0.84));
#207 = VECTOR('',#208,1.);
#208 = DIRECTION('',(0.,-2.2E-16,1.));
#209 = ORIENTED_EDGE('',*,*,#210,.F.);
#210 = EDGE_CURVE('',#124,#203,#211,.T.);
#211 = LINE('',#212,#213);
#212 = CARTESIAN_POINT('',(-1.6,1.4,-0.83995));
#213 = VECTOR('',#214,1.);
#214 = DIRECTION('',(1.,0.,0.));
#215 = PLANE('',#216);
#216 = AXIS2_PLACEMENT_3D('',#217,#218,#219);
#217 = CARTESIAN_POINT('',(-1.6814E-13,1.4,-2.455333978938E-02));
#218 = DIRECTION('',(0.,1.,-2.5E-16));
#219 = DIRECTION('',(0.,-2.5E-16,-1.));
#220 = ADVANCED_FACE('',(#221),#248,.T.);
#221 = FACE_BOUND('',#222,.T.);
#222 = EDGE_LOOP('',(#223,#232,#240,#247));
#223 = ORIENTED_EDGE('',*,*,#224,.T.);
#224 = EDGE_CURVE('',#124,#225,#227,.T.);
#225 = VERTEX_POINT('',#226);
#226 = CARTESIAN_POINT('',(-1.59995,1.39995,-0.84));
#227 = ELLIPSE('',#228,7.071067811865E-05,5.E-05);
#228 = AXIS2_PLACEMENT_3D('',#229,#230,#231);
#229 = CARTESIAN_POINT('',(-1.59995,1.39995,-0.83995));
#230 = DIRECTION('',(-0.707106781187,-0.707106781187,1.599999999999E-16)
  );
#231 = DIRECTION('',(0.707106781187,-0.707106781187,1.599999999999E-16)
  );
#232 = ORIENTED_EDGE('',*,*,#233,.T.);
#233 = EDGE_CURVE('',#225,#234,#236,.T.);
#234 = VERTEX_POINT('',#235);
#235 = CARTESIAN_POINT('',(-1.59995,-0.586877201635,-0.84));
#236 = LINE('',#237,#238);
#237 = CARTESIAN_POINT('',(-1.59995,1.4,-0.84));
#238 = VECTOR('',#239,1.);
#239 = DIRECTION('',(0.,-1.,2.2E-16));
#240 = ORIENTED_EDGE('',*,*,#241,.F.);
#241 = EDGE_CURVE('',#156,#234,#242,.T.);
#242 = CIRCLE('',#243,5.E-05);
#243 = AXIS2_PLACEMENT_3D('',#244,#245,#246);
#244 = CARTESIAN_POINT('',(-1.59995,-0.586877201635,-0.83995));
#245 = DIRECTION('',(0.,-1.,2.2E-16));
#246 = DIRECTION('',(0.,-2.2E-16,-1.));
#247 = ORIENTED_EDGE('',*,*,#163,.F.);
#248 = CYLINDRICAL_SURFACE('',#249,5.E-05);
#249 = AXIS2_PLACEMENT_3D('',#250,#251,#252);
#250 = CARTESIAN_POINT('',(-1.59995,1.4,-0.83995));
#251 = DIRECTION('',(0.,-1.,2.2E-16));
#252 = DIRECTION('',(-1.,0.,0.));
#253 = ADVANCED_FACE('',(#254),#272,.F.);
#254 = FACE_BOUND('',#255,.F.);
#255 = EDGE_LOOP('',(#256,#257,#265,#271));
#256 = ORIENTED_EDGE('',*,*,#178,.F.);
#257 = ORIENTED_EDGE('',*,*,#258,.T.);
#258 = EDGE_CURVE('',#179,#259,#261,.T.);
#259 = VERTEX_POINT('',#260);
#260 = CARTESIAN_POINT('',(-1.555,-1.4,0.15));
#261 = LINE('',#262,#263);
#262 = CARTESIAN_POINT('',(-1.555,1.4,0.15));
#263 = VECTOR('',#264,1.);
#264 = DIRECTION('',(0.,-1.,2.2E-16));
#265 = ORIENTED_EDGE('',*,*,#266,.T.);
#266 = EDGE_CURVE('',#259,#132,#267,.T.);
#267 = LINE('',#268,#269);
#268 = CARTESIAN_POINT('',(1.6,-1.4,0.15));
#269 = VECTOR('',#270,1.);
#270 = DIRECTION('',(-1.,0.,0.));
#271 = ORIENTED_EDGE('',*,*,#131,.F.);
#272 = PLANE('',#273);
#273 = AXIS2_PLACEMENT_3D('',#274,#275,#276);
#274 = CARTESIAN_POINT('',(1.6,1.4,0.15));
#275 = DIRECTION('',(0.,-2.2E-16,-1.));
#276 = DIRECTION('',(-1.,-0.,0.));
#277 = ADVANCED_FACE('',(#278),#313,.T.);
#278 = FACE_BOUND('',#279,.T.);
#279 = EDGE_LOOP('',(#280,#290,#296,#297,#298,#306));
#280 = ORIENTED_EDGE('',*,*,#281,.T.);
#281 = EDGE_CURVE('',#282,#284,#286,.T.);
#282 = VERTEX_POINT('',#283);
#283 = CARTESIAN_POINT('',(-0.786827201636,-1.4,-0.83995));
#284 = VERTEX_POINT('',#285);
#285 = CARTESIAN_POINT('',(-0.786827201636,-1.4,-0.34));
#286 = LINE('',#287,#288);
#287 = CARTESIAN_POINT('',(-0.786827201636,-1.4,-0.84));
#288 = VECTOR('',#289,1.);
#289 = DIRECTION('',(0.,0.,1.));
#290 = ORIENTED_EDGE('',*,*,#291,.T.);
#291 = EDGE_CURVE('',#284,#148,#292,.T.);
#292 = LINE('',#293,#294);
#293 = CARTESIAN_POINT('',(-0.786827201636,-1.4,-0.34));
#294 = VECTOR('',#295,1.);
#295 = DIRECTION('',(-0.707106781187,0.707106781187,1.599999999999E-16)
  );
#296 = ORIENTED_EDGE('',*,*,#155,.F.);
#297 = ORIENTED_EDGE('',*,*,#241,.T.);
#298 = ORIENTED_EDGE('',*,*,#299,.F.);
#299 = EDGE_CURVE('',#300,#234,#302,.T.);
#300 = VERTEX_POINT('',#301);
#301 = CARTESIAN_POINT('',(-0.786877201636,-1.39995,-0.84));
#302 = LINE('',#303,#304);
#303 = CARTESIAN_POINT('',(-0.786827201636,-1.4,-0.84));
#304 = VECTOR('',#305,1.);
#305 = DIRECTION('',(-0.707106781187,0.707106781187,1.599999999999E-16)
  );
#306 = ORIENTED_EDGE('',*,*,#307,.T.);
#307 = EDGE_CURVE('',#300,#282,#308,.T.);
#308 = CIRCLE('',#309,5.E-05);
#309 = AXIS2_PLACEMENT_3D('',#310,#311,#312);
#310 = CARTESIAN_POINT('',(-0.786877201636,-1.39995,-0.83995));
#311 = DIRECTION('',(-1.,-0.,0.));
#312 = DIRECTION('',(0.,-1.,-2.2E-16));
#313 = PLANE('',#314);
#314 = AXIS2_PLACEMENT_3D('',#315,#316,#317);
#315 = CARTESIAN_POINT('',(-0.786827201636,-1.4,-0.84));
#316 = DIRECTION('',(-0.707106781187,-0.707106781187,0.));
#317 = DIRECTION('',(-0.707106781187,0.707106781187,0.));
#318 = ADVANCED_FACE('',(#319),#360,.T.);
#319 = FACE_BOUND('',#320,.T.);
#320 = EDGE_LOOP('',(#321,#331,#339,#345,#346,#347,#353,#354));
#321 = ORIENTED_EDGE('',*,*,#322,.T.);
#322 = EDGE_CURVE('',#323,#325,#327,.T.);
#323 = VERTEX_POINT('',#324);
#324 = CARTESIAN_POINT('',(1.6,-1.4,-0.83995));
#325 = VERTEX_POINT('',#326);
#326 = CARTESIAN_POINT('',(1.6,-1.4,0.15));
#327 = LINE('',#328,#329);
#328 = CARTESIAN_POINT('',(1.6,-1.4,-0.84));
#329 = VECTOR('',#330,1.);
#330 = DIRECTION('',(0.,-2.2E-16,1.));
#331 = ORIENTED_EDGE('',*,*,#332,.T.);
#332 = EDGE_CURVE('',#325,#333,#335,.T.);
#333 = VERTEX_POINT('',#334);
#334 = CARTESIAN_POINT('',(1.555,-1.4,0.15));
#335 = LINE('',#336,#337);
#336 = CARTESIAN_POINT('',(1.6,-1.4,0.15));
#337 = VECTOR('',#338,1.);
#338 = DIRECTION('',(-1.,0.,0.));
#339 = ORIENTED_EDGE('',*,*,#340,.T.);
#340 = EDGE_CURVE('',#333,#259,#341,.T.);
#341 = LINE('',#342,#343);
#342 = CARTESIAN_POINT('',(4.655694667823,-1.4,0.15));
#343 = VECTOR('',#344,1.);
#344 = DIRECTION('',(-1.,0.,0.));
#345 = ORIENTED_EDGE('',*,*,#266,.T.);
#346 = ORIENTED_EDGE('',*,*,#139,.T.);
#347 = ORIENTED_EDGE('',*,*,#348,.T.);
#348 = EDGE_CURVE('',#140,#284,#349,.T.);
#349 = LINE('',#350,#351);
#350 = CARTESIAN_POINT('',(-1.6,-1.4,-0.34));
#351 = VECTOR('',#352,1.);
#352 = DIRECTION('',(1.,5.5E-16,0.));
#353 = ORIENTED_EDGE('',*,*,#281,.F.);
#354 = ORIENTED_EDGE('',*,*,#355,.T.);
#355 = EDGE_CURVE('',#282,#323,#356,.T.);
#356 = LINE('',#357,#358);
#357 = CARTESIAN_POINT('',(-0.786827201636,-1.4,-0.83995));
#358 = VECTOR('',#359,1.);
#359 = DIRECTION('',(1.,0.,0.));
#360 = PLANE('',#361);
#361 = AXIS2_PLACEMENT_3D('',#362,#363,#364);
#362 = CARTESIAN_POINT('',(-1.6822E-13,-1.4,-2.455333978938E-02));
#363 = DIRECTION('',(0.,-1.,2.5E-16));
#364 = DIRECTION('',(0.,2.5E-16,1.));
#365 = ADVANCED_FACE('',(#366),#371,.F.);
#366 = FACE_BOUND('',#367,.F.);
#367 = EDGE_LOOP('',(#368,#369,#370));
#368 = ORIENTED_EDGE('',*,*,#348,.T.);
#369 = ORIENTED_EDGE('',*,*,#291,.T.);
#370 = ORIENTED_EDGE('',*,*,#147,.T.);
#371 = PLANE('',#372);
#372 = AXIS2_PLACEMENT_3D('',#373,#374,#375);
#373 = CARTESIAN_POINT('',(-1.3125,-1.1125,-0.34));
#374 = DIRECTION('',(0.,-2.2E-16,1.));
#375 = DIRECTION('',(1.,0.,0.));
#376 = ADVANCED_FACE('',(#377),#396,.T.);
#377 = FACE_BOUND('',#378,.T.);
#378 = EDGE_LOOP('',(#379,#380,#389,#395));
#379 = ORIENTED_EDGE('',*,*,#210,.T.);
#380 = ORIENTED_EDGE('',*,*,#381,.F.);
#381 = EDGE_CURVE('',#382,#203,#384,.T.);
#382 = VERTEX_POINT('',#383);
#383 = CARTESIAN_POINT('',(1.59995,1.39995,-0.84));
#384 = ELLIPSE('',#385,7.071067811865E-05,5.E-05);
#385 = AXIS2_PLACEMENT_3D('',#386,#387,#388);
#386 = CARTESIAN_POINT('',(1.59995,1.39995,-0.83995));
#387 = DIRECTION('',(0.707106781187,-0.707106781187,1.599999999999E-16)
  );
#388 = DIRECTION('',(-0.707106781187,-0.707106781187,1.599999999999E-16)
  );
#389 = ORIENTED_EDGE('',*,*,#390,.F.);
#390 = EDGE_CURVE('',#225,#382,#391,.T.);
#391 = LINE('',#392,#393);
#392 = CARTESIAN_POINT('',(-1.6,1.39995,-0.84));
#393 = VECTOR('',#394,1.);
#394 = DIRECTION('',(1.,0.,0.));
#395 = ORIENTED_EDGE('',*,*,#224,.F.);
#396 = CYLINDRICAL_SURFACE('',#397,5.E-05);
#397 = AXIS2_PLACEMENT_3D('',#398,#399,#400);
#398 = CARTESIAN_POINT('',(-1.6,1.39995,-0.83995));
#399 = DIRECTION('',(1.,0.,0.));
#400 = DIRECTION('',(0.,1.,-2.5E-16));
#401 = ADVANCED_FACE('',(#402),#418,.F.);
#402 = FACE_BOUND('',#403,.F.);
#403 = EDGE_LOOP('',(#404,#405,#411,#412));
#404 = ORIENTED_EDGE('',*,*,#202,.F.);
#405 = ORIENTED_EDGE('',*,*,#406,.T.);
#406 = EDGE_CURVE('',#203,#323,#407,.T.);
#407 = LINE('',#408,#409);
#408 = CARTESIAN_POINT('',(1.6,1.4,-0.83995));
#409 = VECTOR('',#410,1.);
#410 = DIRECTION('',(0.,-1.,2.2E-16));
#411 = ORIENTED_EDGE('',*,*,#322,.T.);
#412 = ORIENTED_EDGE('',*,*,#413,.F.);
#413 = EDGE_CURVE('',#195,#325,#414,.T.);
#414 = LINE('',#415,#416);
#415 = CARTESIAN_POINT('',(1.6,1.4,0.15));
#416 = VECTOR('',#417,1.);
#417 = DIRECTION('',(0.,-1.,2.2E-16));
#418 = PLANE('',#419);
#419 = AXIS2_PLACEMENT_3D('',#420,#421,#422);
#420 = CARTESIAN_POINT('',(1.6,1.4,-0.84));
#421 = DIRECTION('',(-1.,0.,0.));
#422 = DIRECTION('',(0.,2.2E-16,1.));
#423 = ADVANCED_FACE('',(#424),#517,.T.);
#424 = FACE_BOUND('',#425,.T.);
#425 = EDGE_LOOP('',(#426,#434,#435,#443,#452,#460,#468,#477,#485,#494,
    #502,#510));
#426 = ORIENTED_EDGE('',*,*,#427,.T.);
#427 = EDGE_CURVE('',#428,#187,#430,.T.);
#428 = VERTEX_POINT('',#429);
#429 = CARTESIAN_POINT('',(1.464049765445,1.313472197661,0.640723552549)
  );
#430 = LINE('',#431,#432);
#431 = CARTESIAN_POINT('',(1.604984244352,1.447553773077,-0.119690848846
    ));
#432 = VECTOR('',#433,1.);
#433 = DIRECTION('',(0.179556884817,0.17082597658,-0.968802255798));
#434 = ORIENTED_EDGE('',*,*,#186,.T.);
#435 = ORIENTED_EDGE('',*,*,#436,.F.);
#436 = EDGE_CURVE('',#437,#179,#439,.T.);
#437 = VERTEX_POINT('',#438);
#438 = CARTESIAN_POINT('',(-1.464049765445,1.313472197661,0.640723552549
    ));
#439 = LINE('',#440,#441);
#440 = CARTESIAN_POINT('',(-1.454881506202,1.304749742711,0.690191052756
    ));
#441 = VECTOR('',#442,1.);
#442 = DIRECTION('',(-0.179556884817,0.17082597658,-0.968802255798));
#443 = ORIENTED_EDGE('',*,*,#444,.T.);
#444 = EDGE_CURVE('',#437,#445,#447,.T.);
#445 = VERTEX_POINT('',#446);
#446 = CARTESIAN_POINT('',(-1.365724274689,1.299052803596,0.7225));
#447 = ELLIPSE('',#448,0.101542661187,0.1);
#448 = AXIS2_PLACEMENT_3D('',#449,#450,#451);
#449 = CARTESIAN_POINT('',(-1.365724274689,1.316685501658,0.6225));
#450 = DIRECTION('',(-8.999999999996E-17,0.984807753028,0.17364817758));
#451 = DIRECTION('',(5.099999999998E-16,0.17364817758,-0.984807753028));
#452 = ORIENTED_EDGE('',*,*,#453,.F.);
#453 = EDGE_CURVE('',#454,#445,#456,.T.);
#454 = VERTEX_POINT('',#455);
#455 = CARTESIAN_POINT('',(-0.794,1.299052803596,0.7225));
#456 = LINE('',#457,#458);
#457 = CARTESIAN_POINT('',(1.644985196567,1.299052803596,0.7225));
#458 = VECTOR('',#459,1.);
#459 = DIRECTION('',(-1.,-9.E-17,0.));
#460 = ORIENTED_EDGE('',*,*,#461,.F.);
#461 = EDGE_CURVE('',#462,#454,#464,.T.);
#462 = VERTEX_POINT('',#463);
#463 = CARTESIAN_POINT('',(-0.755580934477,1.273770705299,0.86588190451)
  );
#464 = LINE('',#465,#466);
#465 = CARTESIAN_POINT('',(-0.690485079301,1.230933645445,1.108822943391
    ));
#466 = VECTOR('',#467,1.);
#467 = DIRECTION('',(-0.255144817825,0.167900917853,-0.95221342341));
#468 = ORIENTED_EDGE('',*,*,#469,.T.);
#469 = EDGE_CURVE('',#462,#470,#472,.T.);
#470 = VERTEX_POINT('',#471);
#471 = CARTESIAN_POINT('',(-0.658988351848,1.260701685312,0.94));
#472 = ELLIPSE('',#473,0.101542661187,0.1);
#473 = AXIS2_PLACEMENT_3D('',#474,#475,#476);
#474 = CARTESIAN_POINT('',(-0.658988351848,1.278334383374,0.84));
#475 = DIRECTION('',(-8.999999999996E-17,0.984807753028,0.17364817758));
#476 = DIRECTION('',(5.099999999998E-16,0.17364817758,-0.984807753028));
#477 = ORIENTED_EDGE('',*,*,#478,.F.);
#478 = EDGE_CURVE('',#479,#470,#481,.T.);
#479 = VERTEX_POINT('',#480);
#480 = CARTESIAN_POINT('',(0.658988351848,1.260701685312,0.94));
#481 = LINE('',#482,#483);
#482 = CARTESIAN_POINT('',(4.655694667823,1.260701685312,0.94));
#483 = VECTOR('',#484,1.);
#484 = DIRECTION('',(-1.,-1.1E-16,1.1E-16));
#485 = ORIENTED_EDGE('',*,*,#486,.T.);
#486 = EDGE_CURVE('',#479,#487,#489,.T.);
#487 = VERTEX_POINT('',#488);
#488 = CARTESIAN_POINT('',(0.755580934477,1.273770705299,0.86588190451)
  );
#489 = ELLIPSE('',#490,0.101542661187,0.1);
#490 = AXIS2_PLACEMENT_3D('',#491,#492,#493);
#491 = CARTESIAN_POINT('',(0.658988351848,1.278334383374,0.84));
#492 = DIRECTION('',(-8.999999999996E-17,0.984807753028,0.17364817758));
#493 = DIRECTION('',(5.099999999998E-16,0.17364817758,-0.984807753028));
#494 = ORIENTED_EDGE('',*,*,#495,.T.);
#495 = EDGE_CURVE('',#487,#496,#498,.T.);
#496 = VERTEX_POINT('',#497);
#497 = CARTESIAN_POINT('',(0.794,1.299052803596,0.7225));
#498 = LINE('',#499,#500);
#499 = CARTESIAN_POINT('',(0.993565578779,1.430379177906,
    -2.22888794447E-02));
#500 = VECTOR('',#501,1.);
#501 = DIRECTION('',(0.255144817825,0.167900917853,-0.95221342341));
#502 = ORIENTED_EDGE('',*,*,#503,.T.);
#503 = EDGE_CURVE('',#496,#504,#506,.T.);
#504 = VERTEX_POINT('',#505);
#505 = CARTESIAN_POINT('',(1.365724274689,1.299052803596,0.7225));
#506 = LINE('',#507,#508);
#507 = CARTESIAN_POINT('',(3.010709471256,1.299052803596,0.7225));
#508 = VECTOR('',#509,1.);
#509 = DIRECTION('',(1.,9.E-17,0.));
#510 = ORIENTED_EDGE('',*,*,#511,.T.);
#511 = EDGE_CURVE('',#504,#428,#512,.T.);
#512 = ELLIPSE('',#513,0.101542661187,0.1);
#513 = AXIS2_PLACEMENT_3D('',#514,#515,#516);
#514 = CARTESIAN_POINT('',(1.365724274689,1.316685501658,0.6225));
#515 = DIRECTION('',(-8.999999999996E-17,0.984807753028,0.17364817758));
#516 = DIRECTION('',(5.099999999998E-16,0.17364817758,-0.984807753028));
#517 = PLANE('',#518);
#518 = AXIS2_PLACEMENT_3D('',#519,#520,#521);
#519 = CARTESIAN_POINT('',(4.655694667823,1.4,0.15));
#520 = DIRECTION('',(-8.999999999996E-17,0.984807753028,0.17364817758));
#521 = DIRECTION('',(2.999999999999E-16,-0.17364817758,0.984807753028));
#522 = ADVANCED_FACE('',(#523),#534,.F.);
#523 = FACE_BOUND('',#524,.F.);
#524 = EDGE_LOOP('',(#525,#526,#527,#528));
#525 = ORIENTED_EDGE('',*,*,#194,.F.);
#526 = ORIENTED_EDGE('',*,*,#413,.T.);
#527 = ORIENTED_EDGE('',*,*,#332,.T.);
#528 = ORIENTED_EDGE('',*,*,#529,.F.);
#529 = EDGE_CURVE('',#187,#333,#530,.T.);
#530 = LINE('',#531,#532);
#531 = CARTESIAN_POINT('',(1.555,1.4,0.15));
#532 = VECTOR('',#533,1.);
#533 = DIRECTION('',(0.,-1.,2.2E-16));
#534 = PLANE('',#535);
#535 = AXIS2_PLACEMENT_3D('',#536,#537,#538);
#536 = CARTESIAN_POINT('',(1.6,1.4,0.15));
#537 = DIRECTION('',(0.,-2.2E-16,-1.));
#538 = DIRECTION('',(-1.,-0.,0.));
#539 = ADVANCED_FACE('',(#540,#559),#570,.F.);
#540 = FACE_BOUND('',#541,.F.);
#541 = EDGE_LOOP('',(#542,#543,#551,#557,#558));
#542 = ORIENTED_EDGE('',*,*,#299,.F.);
#543 = ORIENTED_EDGE('',*,*,#544,.T.);
#544 = EDGE_CURVE('',#300,#545,#547,.T.);
#545 = VERTEX_POINT('',#546);
#546 = CARTESIAN_POINT('',(1.59995,-1.39995,-0.84));
#547 = LINE('',#548,#549);
#548 = CARTESIAN_POINT('',(-0.786827201636,-1.39995,-0.84));
#549 = VECTOR('',#550,1.);
#550 = DIRECTION('',(1.,0.,0.));
#551 = ORIENTED_EDGE('',*,*,#552,.F.);
#552 = EDGE_CURVE('',#382,#545,#553,.T.);
#553 = LINE('',#554,#555);
#554 = CARTESIAN_POINT('',(1.59995,1.4,-0.84));
#555 = VECTOR('',#556,1.);
#556 = DIRECTION('',(0.,-1.,2.2E-16));
#557 = ORIENTED_EDGE('',*,*,#390,.F.);
#558 = ORIENTED_EDGE('',*,*,#233,.T.);
#559 = FACE_BOUND('',#560,.F.);
#560 = EDGE_LOOP('',(#561));
#561 = ORIENTED_EDGE('',*,*,#562,.F.);
#562 = EDGE_CURVE('',#563,#563,#565,.T.);
#563 = VERTEX_POINT('',#564);
#564 = CARTESIAN_POINT('',(1.2,0.,-0.84));
#565 = CIRCLE('',#566,1.2);
#566 = AXIS2_PLACEMENT_3D('',#567,#568,#569);
#567 = CARTESIAN_POINT('',(0.,-1.9E-16,-0.84));
#568 = DIRECTION('',(-0.,2.2E-16,1.));
#569 = DIRECTION('',(1.,0.,0.));
#570 = PLANE('',#571);
#571 = AXIS2_PLACEMENT_3D('',#572,#573,#574);
#572 = CARTESIAN_POINT('',(-1.6,1.4,-0.84));
#573 = DIRECTION('',(0.,2.2E-16,1.));
#574 = DIRECTION('',(1.,0.,-0.));
#575 = ADVANCED_FACE('',(#576),#594,.T.);
#576 = FACE_BOUND('',#577,.T.);
#577 = EDGE_LOOP('',(#578,#579,#580,#588));
#578 = ORIENTED_EDGE('',*,*,#436,.T.);
#579 = ORIENTED_EDGE('',*,*,#258,.T.);
#580 = ORIENTED_EDGE('',*,*,#581,.F.);
#581 = EDGE_CURVE('',#582,#259,#584,.T.);
#582 = VERTEX_POINT('',#583);
#583 = CARTESIAN_POINT('',(-1.464049765445,-1.313472197661,
    0.640723552549));
#584 = LINE('',#585,#586);
#585 = CARTESIAN_POINT('',(-1.411939333921,-1.263895622726,0.9218862808)
  );
#586 = VECTOR('',#587,1.);
#587 = DIRECTION('',(-0.179556884817,-0.17082597658,-0.968802255798));
#588 = ORIENTED_EDGE('',*,*,#589,.F.);
#589 = EDGE_CURVE('',#437,#582,#590,.T.);
#590 = LINE('',#591,#592);
#591 = CARTESIAN_POINT('',(-1.464049765445,1.4,0.640723552549));
#592 = VECTOR('',#593,1.);
#593 = DIRECTION('',(0.,-1.,2.2E-16));
#594 = PLANE('',#595);
#595 = AXIS2_PLACEMENT_3D('',#596,#597,#598);
#596 = CARTESIAN_POINT('',(-1.555,1.4,0.15));
#597 = DIRECTION('',(-0.983254907564,4.E-17,0.182235525492));
#598 = DIRECTION('',(0.182235525492,2.2E-16,0.983254907564));
#599 = ADVANCED_FACE('',(#600),#612,.T.);
#600 = FACE_BOUND('',#601,.T.);
#601 = EDGE_LOOP('',(#602,#603,#610,#611));
#602 = ORIENTED_EDGE('',*,*,#544,.T.);
#603 = ORIENTED_EDGE('',*,*,#604,.T.);
#604 = EDGE_CURVE('',#545,#323,#605,.T.);
#605 = ELLIPSE('',#606,7.071067811865E-05,5.E-05);
#606 = AXIS2_PLACEMENT_3D('',#607,#608,#609);
#607 = CARTESIAN_POINT('',(1.59995,-1.39995,-0.83995));
#608 = DIRECTION('',(-0.707106781187,-0.707106781187,1.599999999999E-16)
  );
#609 = DIRECTION('',(0.707106781187,-0.707106781187,1.599999999999E-16)
  );
#610 = ORIENTED_EDGE('',*,*,#355,.F.);
#611 = ORIENTED_EDGE('',*,*,#307,.F.);
#612 = CYLINDRICAL_SURFACE('',#613,5.E-05);
#613 = AXIS2_PLACEMENT_3D('',#614,#615,#616);
#614 = CARTESIAN_POINT('',(-0.786827201636,-1.39995,-0.83995));
#615 = DIRECTION('',(1.,0.,0.));
#616 = DIRECTION('',(0.,-2.2E-16,-1.));
#617 = ADVANCED_FACE('',(#618),#704,.F.);
#618 = FACE_BOUND('',#619,.F.);
#619 = EDGE_LOOP('',(#620,#628,#629,#630,#639,#647,#655,#664,#672,#681,
    #689,#697));
#620 = ORIENTED_EDGE('',*,*,#621,.T.);
#621 = EDGE_CURVE('',#622,#333,#624,.T.);
#622 = VERTEX_POINT('',#623);
#623 = CARTESIAN_POINT('',(1.464049765445,-1.313472197661,0.640723552549
    ));
#624 = LINE('',#625,#626);
#625 = CARTESIAN_POINT('',(1.562042072071,-1.406699653093,0.112004379198
    ));
#626 = VECTOR('',#627,1.);
#627 = DIRECTION('',(0.179556884817,-0.17082597658,-0.968802255798));
#628 = ORIENTED_EDGE('',*,*,#340,.T.);
#629 = ORIENTED_EDGE('',*,*,#581,.F.);
#630 = ORIENTED_EDGE('',*,*,#631,.T.);
#631 = EDGE_CURVE('',#582,#632,#634,.T.);
#632 = VERTEX_POINT('',#633);
#633 = CARTESIAN_POINT('',(-1.365724274689,-1.299052803596,0.7225));
#634 = ELLIPSE('',#635,0.101542661187,0.1);
#635 = AXIS2_PLACEMENT_3D('',#636,#637,#638);
#636 = CARTESIAN_POINT('',(-1.365724274689,-1.316685501658,0.6225));
#637 = DIRECTION('',(0.,0.984807753028,-0.17364817758));
#638 = DIRECTION('',(0.,0.17364817758,0.984807753028));
#639 = ORIENTED_EDGE('',*,*,#640,.F.);
#640 = EDGE_CURVE('',#641,#632,#643,.T.);
#641 = VERTEX_POINT('',#642);
#642 = CARTESIAN_POINT('',(-0.794,-1.299052803596,0.7225));
#643 = LINE('',#644,#645);
#644 = CARTESIAN_POINT('',(1.644985196567,-1.299052803596,0.7225));
#645 = VECTOR('',#646,1.);
#646 = DIRECTION('',(-1.,0.,0.));
#647 = ORIENTED_EDGE('',*,*,#648,.F.);
#648 = EDGE_CURVE('',#649,#641,#651,.T.);
#649 = VERTEX_POINT('',#650);
#650 = CARTESIAN_POINT('',(-0.755580934477,-1.273770705299,0.86588190451
    ));
#651 = LINE('',#652,#653);
#652 = CARTESIAN_POINT('',(-0.630510410563,-1.191466639943,
    1.332651454287));
#653 = VECTOR('',#654,1.);
#654 = DIRECTION('',(-0.255144817825,-0.167900917853,-0.95221342341));
#655 = ORIENTED_EDGE('',*,*,#656,.T.);
#656 = EDGE_CURVE('',#649,#657,#659,.T.);
#657 = VERTEX_POINT('',#658);
#658 = CARTESIAN_POINT('',(-0.658988351848,-1.260701685312,0.94));
#659 = ELLIPSE('',#660,0.101542661187,0.1);
#660 = AXIS2_PLACEMENT_3D('',#661,#662,#663);
#661 = CARTESIAN_POINT('',(-0.658988351848,-1.278334383374,0.84));
#662 = DIRECTION('',(0.,0.984807753028,-0.17364817758));
#663 = DIRECTION('',(0.,0.17364817758,0.984807753028));
#664 = ORIENTED_EDGE('',*,*,#665,.F.);
#665 = EDGE_CURVE('',#666,#657,#668,.T.);
#666 = VERTEX_POINT('',#667);
#667 = CARTESIAN_POINT('',(0.658988351848,-1.260701685312,0.94));
#668 = LINE('',#669,#670);
#669 = CARTESIAN_POINT('',(4.655694667823,-1.260701685312,0.94));
#670 = VECTOR('',#671,1.);
#671 = DIRECTION('',(-1.,0.,0.));
#672 = ORIENTED_EDGE('',*,*,#673,.T.);
#673 = EDGE_CURVE('',#666,#674,#676,.T.);
#674 = VERTEX_POINT('',#675);
#675 = CARTESIAN_POINT('',(0.755580934477,-1.273770705299,0.86588190451)
  );
#676 = ELLIPSE('',#677,0.101542661187,0.1);
#677 = AXIS2_PLACEMENT_3D('',#678,#679,#680);
#678 = CARTESIAN_POINT('',(0.658988351848,-1.278334383374,0.84));
#679 = DIRECTION('',(0.,0.984807753028,-0.17364817758));
#680 = DIRECTION('',(0.,0.17364817758,0.984807753028));
#681 = ORIENTED_EDGE('',*,*,#682,.T.);
#682 = EDGE_CURVE('',#674,#683,#685,.T.);
#683 = VERTEX_POINT('',#684);
#684 = CARTESIAN_POINT('',(0.794,-1.299052803596,0.7225));
#685 = LINE('',#686,#687);
#686 = CARTESIAN_POINT('',(0.933590910041,-1.390912172404,0.201539631451
    ));
#687 = VECTOR('',#688,1.);
#688 = DIRECTION('',(0.255144817825,-0.167900917853,-0.95221342341));
#689 = ORIENTED_EDGE('',*,*,#690,.T.);
#690 = EDGE_CURVE('',#683,#691,#693,.T.);
#691 = VERTEX_POINT('',#692);
#692 = CARTESIAN_POINT('',(1.365724274689,-1.299052803596,0.7225));
#693 = LINE('',#694,#695);
#694 = CARTESIAN_POINT('',(3.010709471256,-1.299052803596,0.7225));
#695 = VECTOR('',#696,1.);
#696 = DIRECTION('',(1.,0.,0.));
#697 = ORIENTED_EDGE('',*,*,#698,.T.);
#698 = EDGE_CURVE('',#691,#622,#699,.T.);
#699 = ELLIPSE('',#700,0.101542661187,0.1);
#700 = AXIS2_PLACEMENT_3D('',#701,#702,#703);
#701 = CARTESIAN_POINT('',(1.365724274689,-1.316685501658,0.6225));
#702 = DIRECTION('',(0.,0.984807753028,-0.17364817758));
#703 = DIRECTION('',(0.,0.17364817758,0.984807753028));
#704 = PLANE('',#705);
#705 = AXIS2_PLACEMENT_3D('',#706,#707,#708);
#706 = CARTESIAN_POINT('',(4.655694667823,-1.4,0.15));
#707 = DIRECTION('',(0.,0.984807753028,-0.17364817758));
#708 = DIRECTION('',(0.,0.17364817758,0.984807753028));
#709 = ADVANCED_FACE('',(#710),#716,.T.);
#710 = FACE_BOUND('',#711,.T.);
#711 = EDGE_LOOP('',(#712,#713,#714,#715));
#712 = ORIENTED_EDGE('',*,*,#381,.T.);
#713 = ORIENTED_EDGE('',*,*,#406,.T.);
#714 = ORIENTED_EDGE('',*,*,#604,.F.);
#715 = ORIENTED_EDGE('',*,*,#552,.F.);
#716 = CYLINDRICAL_SURFACE('',#717,5.E-05);
#717 = AXIS2_PLACEMENT_3D('',#718,#719,#720);
#718 = CARTESIAN_POINT('',(1.59995,1.4,-0.83995));
#719 = DIRECTION('',(0.,-1.,2.2E-16));
#720 = DIRECTION('',(0.,-2.2E-16,-1.));
#721 = ADVANCED_FACE('',(#722),#733,.T.);
#722 = FACE_BOUND('',#723,.F.);
#723 = EDGE_LOOP('',(#724,#725,#726,#727));
#724 = ORIENTED_EDGE('',*,*,#427,.T.);
#725 = ORIENTED_EDGE('',*,*,#529,.T.);
#726 = ORIENTED_EDGE('',*,*,#621,.F.);
#727 = ORIENTED_EDGE('',*,*,#728,.F.);
#728 = EDGE_CURVE('',#428,#622,#729,.T.);
#729 = LINE('',#730,#731);
#730 = CARTESIAN_POINT('',(1.464049765445,1.4,0.640723552549));
#731 = VECTOR('',#732,1.);
#732 = DIRECTION('',(0.,-1.,2.2E-16));
#733 = PLANE('',#734);
#734 = AXIS2_PLACEMENT_3D('',#735,#736,#737);
#735 = CARTESIAN_POINT('',(1.555,1.4,0.15));
#736 = DIRECTION('',(0.983254907564,4.E-17,0.182235525492));
#737 = DIRECTION('',(0.182235525492,-2.2E-16,-0.983254907564));
#738 = ADVANCED_FACE('',(#739),#750,.T.);
#739 = FACE_BOUND('',#740,.T.);
#740 = EDGE_LOOP('',(#741,#742,#748,#749));
#741 = ORIENTED_EDGE('',*,*,#511,.F.);
#742 = ORIENTED_EDGE('',*,*,#743,.T.);
#743 = EDGE_CURVE('',#504,#691,#744,.T.);
#744 = LINE('',#745,#746);
#745 = CARTESIAN_POINT('',(1.365724274689,1.4,0.7225));
#746 = VECTOR('',#747,1.);
#747 = DIRECTION('',(0.,-1.,2.2E-16));
#748 = ORIENTED_EDGE('',*,*,#698,.T.);
#749 = ORIENTED_EDGE('',*,*,#728,.F.);
#750 = CYLINDRICAL_SURFACE('',#751,0.1);
#751 = AXIS2_PLACEMENT_3D('',#752,#753,#754);
#752 = CARTESIAN_POINT('',(1.365724274689,1.4,0.6225));
#753 = DIRECTION('',(0.,1.,-2.2E-16));
#754 = DIRECTION('',(-1.,0.,0.));
#755 = ADVANCED_FACE('',(#756),#767,.T.);
#756 = FACE_BOUND('',#757,.F.);
#757 = EDGE_LOOP('',(#758,#759,#760,#761));
#758 = ORIENTED_EDGE('',*,*,#503,.T.);
#759 = ORIENTED_EDGE('',*,*,#743,.T.);
#760 = ORIENTED_EDGE('',*,*,#690,.F.);
#761 = ORIENTED_EDGE('',*,*,#762,.F.);
#762 = EDGE_CURVE('',#496,#683,#763,.T.);
#763 = LINE('',#764,#765);
#764 = CARTESIAN_POINT('',(0.794,1.4,0.7225));
#765 = VECTOR('',#766,1.);
#766 = DIRECTION('',(0.,-1.,2.2E-16));
#767 = PLANE('',#768);
#768 = AXIS2_PLACEMENT_3D('',#769,#770,#771);
#769 = CARTESIAN_POINT('',(1.365724274689,1.4,0.7225));
#770 = DIRECTION('',(0.,2.2E-16,1.));
#771 = DIRECTION('',(1.,0.,-0.));
#772 = ADVANCED_FACE('',(#773),#784,.T.);
#773 = FACE_BOUND('',#774,.F.);
#774 = EDGE_LOOP('',(#775,#776,#777,#778));
#775 = ORIENTED_EDGE('',*,*,#495,.T.);
#776 = ORIENTED_EDGE('',*,*,#762,.T.);
#777 = ORIENTED_EDGE('',*,*,#682,.F.);
#778 = ORIENTED_EDGE('',*,*,#779,.F.);
#779 = EDGE_CURVE('',#487,#674,#780,.T.);
#780 = LINE('',#781,#782);
#781 = CARTESIAN_POINT('',(0.755580934477,1.4,0.86588190451));
#782 = VECTOR('',#783,1.);
#783 = DIRECTION('',(0.,-1.,2.2E-16));
#784 = PLANE('',#785);
#785 = AXIS2_PLACEMENT_3D('',#786,#787,#788);
#786 = CARTESIAN_POINT('',(0.794,1.4,0.7225));
#787 = DIRECTION('',(0.965925826289,6.E-17,0.258819045103));
#788 = DIRECTION('',(0.258819045103,-2.1E-16,-0.965925826289));
#789 = ADVANCED_FACE('',(#790),#801,.T.);
#790 = FACE_BOUND('',#791,.T.);
#791 = EDGE_LOOP('',(#792,#793,#799,#800));
#792 = ORIENTED_EDGE('',*,*,#486,.F.);
#793 = ORIENTED_EDGE('',*,*,#794,.T.);
#794 = EDGE_CURVE('',#479,#666,#795,.T.);
#795 = LINE('',#796,#797);
#796 = CARTESIAN_POINT('',(0.658988351848,1.4,0.94));
#797 = VECTOR('',#798,1.);
#798 = DIRECTION('',(0.,-1.,2.2E-16));
#799 = ORIENTED_EDGE('',*,*,#673,.T.);
#800 = ORIENTED_EDGE('',*,*,#779,.F.);
#801 = CYLINDRICAL_SURFACE('',#802,0.1);
#802 = AXIS2_PLACEMENT_3D('',#803,#804,#805);
#803 = CARTESIAN_POINT('',(0.658988351848,1.4,0.84));
#804 = DIRECTION('',(0.,1.,-2.2E-16));
#805 = DIRECTION('',(-1.,0.,0.));
#806 = ADVANCED_FACE('',(#807,#818),#829,.T.);
#807 = FACE_BOUND('',#808,.T.);
#808 = EDGE_LOOP('',(#809,#810,#816,#817));
#809 = ORIENTED_EDGE('',*,*,#478,.T.);
#810 = ORIENTED_EDGE('',*,*,#811,.T.);
#811 = EDGE_CURVE('',#470,#657,#812,.T.);
#812 = LINE('',#813,#814);
#813 = CARTESIAN_POINT('',(-0.658988351848,1.4,0.94));
#814 = VECTOR('',#815,1.);
#815 = DIRECTION('',(0.,-1.,2.2E-16));
#816 = ORIENTED_EDGE('',*,*,#665,.F.);
#817 = ORIENTED_EDGE('',*,*,#794,.F.);
#818 = FACE_BOUND('',#819,.T.);
#819 = EDGE_LOOP('',(#820));
#820 = ORIENTED_EDGE('',*,*,#821,.F.);
#821 = EDGE_CURVE('',#822,#822,#824,.T.);
#822 = VERTEX_POINT('',#823);
#823 = CARTESIAN_POINT('',(0.475,0.,0.94));
#824 = CIRCLE('',#825,0.475);
#825 = AXIS2_PLACEMENT_3D('',#826,#827,#828);
#826 = CARTESIAN_POINT('',(0.,2.1E-16,0.94));
#827 = DIRECTION('',(-0.,2.2E-16,1.));
#828 = DIRECTION('',(1.,0.,0.));
#829 = PLANE('',#830);
#830 = AXIS2_PLACEMENT_3D('',#831,#832,#833);
#831 = CARTESIAN_POINT('',(0.,2.4E-16,0.94));
#832 = DIRECTION('',(0.,2.3E-16,1.));
#833 = DIRECTION('',(0.,-1.,2.3E-16));
#834 = ADVANCED_FACE('',(#835),#846,.T.);
#835 = FACE_BOUND('',#836,.T.);
#836 = EDGE_LOOP('',(#837,#843,#844,#845));
#837 = ORIENTED_EDGE('',*,*,#838,.T.);
#838 = EDGE_CURVE('',#462,#649,#839,.T.);
#839 = LINE('',#840,#841);
#840 = CARTESIAN_POINT('',(-0.755580934477,1.4,0.86588190451));
#841 = VECTOR('',#842,1.);
#842 = DIRECTION('',(0.,-1.,2.2E-16));
#843 = ORIENTED_EDGE('',*,*,#656,.T.);
#844 = ORIENTED_EDGE('',*,*,#811,.F.);
#845 = ORIENTED_EDGE('',*,*,#469,.F.);
#846 = CYLINDRICAL_SURFACE('',#847,0.1);
#847 = AXIS2_PLACEMENT_3D('',#848,#849,#850);
#848 = CARTESIAN_POINT('',(-0.658988351848,1.4,0.84));
#849 = DIRECTION('',(0.,1.,-2.2E-16));
#850 = DIRECTION('',(1.,0.,0.));
#851 = ADVANCED_FACE('',(#852),#863,.T.);
#852 = FACE_BOUND('',#853,.T.);
#853 = EDGE_LOOP('',(#854,#855,#861,#862));
#854 = ORIENTED_EDGE('',*,*,#461,.T.);
#855 = ORIENTED_EDGE('',*,*,#856,.T.);
#856 = EDGE_CURVE('',#454,#641,#857,.T.);
#857 = LINE('',#858,#859);
#858 = CARTESIAN_POINT('',(-0.794,1.4,0.7225));
#859 = VECTOR('',#860,1.);
#860 = DIRECTION('',(0.,-1.,2.2E-16));
#861 = ORIENTED_EDGE('',*,*,#648,.F.);
#862 = ORIENTED_EDGE('',*,*,#838,.F.);
#863 = PLANE('',#864);
#864 = AXIS2_PLACEMENT_3D('',#865,#866,#867);
#865 = CARTESIAN_POINT('',(-0.794,1.4,0.7225));
#866 = DIRECTION('',(-0.965925826289,6.E-17,0.258819045103));
#867 = DIRECTION('',(0.258819045103,2.1E-16,0.965925826289));
#868 = ADVANCED_FACE('',(#869),#880,.T.);
#869 = FACE_BOUND('',#870,.T.);
#870 = EDGE_LOOP('',(#871,#872,#878,#879));
#871 = ORIENTED_EDGE('',*,*,#453,.T.);
#872 = ORIENTED_EDGE('',*,*,#873,.T.);
#873 = EDGE_CURVE('',#445,#632,#874,.T.);
#874 = LINE('',#875,#876);
#875 = CARTESIAN_POINT('',(-1.365724274689,1.4,0.7225));
#876 = VECTOR('',#877,1.);
#877 = DIRECTION('',(0.,-1.,2.2E-16));
#878 = ORIENTED_EDGE('',*,*,#640,.F.);
#879 = ORIENTED_EDGE('',*,*,#856,.F.);
#880 = PLANE('',#881);
#881 = AXIS2_PLACEMENT_3D('',#882,#883,#884);
#882 = CARTESIAN_POINT('',(-1.365724274689,1.4,0.7225));
#883 = DIRECTION('',(0.,2.2E-16,1.));
#884 = DIRECTION('',(1.,0.,-0.));
#885 = ADVANCED_FACE('',(#886),#892,.T.);
#886 = FACE_BOUND('',#887,.T.);
#887 = EDGE_LOOP('',(#888,#889,#890,#891));
#888 = ORIENTED_EDGE('',*,*,#589,.T.);
#889 = ORIENTED_EDGE('',*,*,#631,.T.);
#890 = ORIENTED_EDGE('',*,*,#873,.F.);
#891 = ORIENTED_EDGE('',*,*,#444,.F.);
#892 = CYLINDRICAL_SURFACE('',#893,0.1);
#893 = AXIS2_PLACEMENT_3D('',#894,#895,#896);
#894 = CARTESIAN_POINT('',(-1.365724274689,1.4,0.6225));
#895 = DIRECTION('',(0.,1.,-2.2E-16));
#896 = DIRECTION('',(1.,0.,0.));
#897 = ADVANCED_FACE('',(#898),#917,.F.);
#898 = FACE_BOUND('',#899,.F.);
#899 = EDGE_LOOP('',(#900,#901,#909,#916));
#900 = ORIENTED_EDGE('',*,*,#562,.T.);
#901 = ORIENTED_EDGE('',*,*,#902,.F.);
#902 = EDGE_CURVE('',#903,#563,#905,.T.);
#903 = VERTEX_POINT('',#904);
#904 = CARTESIAN_POINT('',(0.9,0.,0.15));
#905 = LINE('',#906,#907);
#906 = CARTESIAN_POINT('',(0.9,-3.E-17,0.15));
#907 = VECTOR('',#908,1.);
#908 = DIRECTION('',(0.290007395283,2.099999999999E-16,-0.957024404433)
  );
#909 = ORIENTED_EDGE('',*,*,#910,.F.);
#910 = EDGE_CURVE('',#903,#903,#911,.T.);
#911 = CIRCLE('',#912,0.9);
#912 = AXIS2_PLACEMENT_3D('',#913,#914,#915);
#913 = CARTESIAN_POINT('',(0.,3.E-17,0.15));
#914 = DIRECTION('',(-0.,2.2E-16,1.));
#915 = DIRECTION('',(1.,0.,0.));
#916 = ORIENTED_EDGE('',*,*,#902,.T.);
#917 = CONICAL_SURFACE('',#918,0.9,0.294234565111);
#918 = AXIS2_PLACEMENT_3D('',#919,#920,#921);
#919 = CARTESIAN_POINT('',(0.,3.E-17,0.15));
#920 = DIRECTION('',(0.,-2.2E-16,-1.));
#921 = DIRECTION('',(1.,0.,0.));
#922 = ADVANCED_FACE('',(#923),#942,.F.);
#923 = FACE_BOUND('',#924,.F.);
#924 = EDGE_LOOP('',(#925,#934,#940,#941));
#925 = ORIENTED_EDGE('',*,*,#926,.T.);
#926 = EDGE_CURVE('',#927,#927,#929,.T.);
#927 = VERTEX_POINT('',#928);
#928 = CARTESIAN_POINT('',(0.475,0.,0.79));
#929 = CIRCLE('',#930,0.475);
#930 = AXIS2_PLACEMENT_3D('',#931,#932,#933);
#931 = CARTESIAN_POINT('',(0.,1.8E-16,0.79));
#932 = DIRECTION('',(-0.,2.2E-16,1.));
#933 = DIRECTION('',(1.,0.,0.));
#934 = ORIENTED_EDGE('',*,*,#935,.F.);
#935 = EDGE_CURVE('',#822,#927,#936,.T.);
#936 = LINE('',#937,#938);
#937 = CARTESIAN_POINT('',(0.475,-2.1E-16,0.94));
#938 = VECTOR('',#939,1.);
#939 = DIRECTION('',(0.,2.2E-16,-1.));
#940 = ORIENTED_EDGE('',*,*,#821,.F.);
#941 = ORIENTED_EDGE('',*,*,#935,.T.);
#942 = CYLINDRICAL_SURFACE('',#943,0.475);
#943 = AXIS2_PLACEMENT_3D('',#944,#945,#946);
#944 = CARTESIAN_POINT('',(0.,2.1E-16,0.94));
#945 = DIRECTION('',(0.,-2.2E-16,-1.));
#946 = DIRECTION('',(1.,0.,0.));
#947 = ADVANCED_FACE('',(#948),#951,.F.);
#948 = FACE_BOUND('',#949,.T.);
#949 = EDGE_LOOP('',(#950));
#950 = ORIENTED_EDGE('',*,*,#910,.F.);
#951 = PLANE('',#952);
#952 = AXIS2_PLACEMENT_3D('',#953,#954,#955);
#953 = CARTESIAN_POINT('',(0.,3.E-17,0.15));
#954 = DIRECTION('',(0.,2.2E-16,1.));
#955 = DIRECTION('',(1.,0.,-0.));
#956 = ADVANCED_FACE('',(#957),#960,.T.);
#957 = FACE_BOUND('',#958,.T.);
#958 = EDGE_LOOP('',(#959));
#959 = ORIENTED_EDGE('',*,*,#926,.T.);
#960 = PLANE('',#961);
#961 = AXIS2_PLACEMENT_3D('',#962,#963,#964);
#962 = CARTESIAN_POINT('',(0.,1.8E-16,0.79));
#963 = DIRECTION('',(0.,2.2E-16,1.));
#964 = DIRECTION('',(1.,0.,-0.));
#965 = ( GEOMETRIC_REPRESENTATION_CONTEXT(3) 
GLOBAL_UNCERTAINTY_ASSIGNED_CONTEXT((#969)) GLOBAL_UNIT_ASSIGNED_CONTEXT
((#966,#967,#968)) REPRESENTATION_CONTEXT('Context #1',
  '3D Context with UNIT and UNCERTAINTY') );
#966 = ( LENGTH_UNIT() NAMED_UNIT(*) SI_UNIT(.MILLI.,.METRE.) );
#967 = ( NAMED_UNIT(*) PLANE_ANGLE_UNIT() SI_UNIT($,.RADIAN.) );
#968 = ( NAMED_UNIT(*) SI_UNIT($,.STERADIAN.) SOLID_ANGLE_UNIT() );
#969 = UNCERTAINTY_MEASURE_WITH_UNIT(LENGTH_MEASURE(2.E-06),#966,
  'distance_accuracy_value','confusion accuracy');
#970 = CONTEXT_DEPENDENT_SHAPE_REPRESENTATION(#971,#973);
#971 = ( REPRESENTATION_RELATIONSHIP('','',#114,#75) 
REPRESENTATION_RELATIONSHIP_WITH_TRANSFORMATION(#972) 
SHAPE_REPRESENTATION_RELATIONSHIP() );
#972 = ITEM_DEFINED_TRANSFORMATION('','',#11,#76);
#973 = PRODUCT_DEFINITION_SHAPE('Placement','Placement of an item',#974
  );
#974 = NEXT_ASSEMBLY_USAGE_OCCURRENCE('1','Body','',#70,#109,$);
#975 = PRODUCT_RELATED_PRODUCT_CATEGORY('part',$,(#111));
#976 = SHAPE_DEFINITION_REPRESENTATION(#977,#983);
#977 = PRODUCT_DEFINITION_SHAPE('','',#978);
#978 = PRODUCT_DEFINITION('design','',#979,#982);
#979 = PRODUCT_DEFINITION_FORMATION('','',#980);
#980 = PRODUCT('Pin1','Pin1','',(#981));
#981 = PRODUCT_CONTEXT('',#2,'mechanical');
#982 = PRODUCT_DEFINITION_CONTEXT('part definition',#2,'design');
#983 = ADVANCED_BREP_SHAPE_REPRESENTATION('',(#11,#984),#1134);
#984 = MANIFOLD_SOLID_BREP('',#985);
#985 = CLOSED_SHELL('',(#986,#1026,#1057,#1088,#1110,#1122));
#986 = ADVANCED_FACE('',(#987),#1021,.F.);
#987 = FACE_BOUND('',#988,.F.);
#988 = EDGE_LOOP('',(#989,#999,#1007,#1015));
#989 = ORIENTED_EDGE('',*,*,#990,.T.);
#990 = EDGE_CURVE('',#991,#993,#995,.T.);
#991 = VERTEX_POINT('',#992);
#992 = CARTESIAN_POINT('',(-2.94,1.09,0.));
#993 = VERTEX_POINT('',#994);
#994 = CARTESIAN_POINT('',(-2.94,1.09,0.15));
#995 = LINE('',#996,#997);
#996 = CARTESIAN_POINT('',(-2.94,1.09,0.));
#997 = VECTOR('',#998,1.);
#998 = DIRECTION('',(0.,0.,1.));
#999 = ORIENTED_EDGE('',*,*,#1000,.T.);
#1000 = EDGE_CURVE('',#993,#1001,#1003,.T.);
#1001 = VERTEX_POINT('',#1002);
#1002 = CARTESIAN_POINT('',(-2.94,0.41,0.15));
#1003 = LINE('',#1004,#1005);
#1004 = CARTESIAN_POINT('',(-2.94,1.09,0.15));
#1005 = VECTOR('',#1006,1.);
#1006 = DIRECTION('',(0.,-1.,0.));
#1007 = ORIENTED_EDGE('',*,*,#1008,.F.);
#1008 = EDGE_CURVE('',#1009,#1001,#1011,.T.);
#1009 = VERTEX_POINT('',#1010);
#1010 = CARTESIAN_POINT('',(-2.94,0.41,0.));
#1011 = LINE('',#1012,#1013);
#1012 = CARTESIAN_POINT('',(-2.94,0.41,0.));
#1013 = VECTOR('',#1014,1.);
#1014 = DIRECTION('',(0.,0.,1.));
#1015 = ORIENTED_EDGE('',*,*,#1016,.F.);
#1016 = EDGE_CURVE('',#991,#1009,#1017,.T.);
#1017 = LINE('',#1018,#1019);
#1018 = CARTESIAN_POINT('',(-2.94,1.09,0.));
#1019 = VECTOR('',#1020,1.);
#1020 = DIRECTION('',(0.,-1.,0.));
#1021 = PLANE('',#1022);
#1022 = AXIS2_PLACEMENT_3D('',#1023,#1024,#1025);
#1023 = CARTESIAN_POINT('',(-2.94,1.09,0.));
#1024 = DIRECTION('',(1.,0.,0.));
#1025 = DIRECTION('',(0.,-1.,0.));
#1026 = ADVANCED_FACE('',(#1027),#1052,.F.);
#1027 = FACE_BOUND('',#1028,.F.);
#1028 = EDGE_LOOP('',(#1029,#1030,#1038,#1046));
#1029 = ORIENTED_EDGE('',*,*,#1008,.T.);
#1030 = ORIENTED_EDGE('',*,*,#1031,.T.);
#1031 = EDGE_CURVE('',#1001,#1032,#1034,.T.);
#1032 = VERTEX_POINT('',#1033);
#1033 = CARTESIAN_POINT('',(-1.6,0.41,0.15));
#1034 = LINE('',#1035,#1036);
#1035 = CARTESIAN_POINT('',(-2.94,0.41,0.15));
#1036 = VECTOR('',#1037,1.);
#1037 = DIRECTION('',(1.,0.,0.));
#1038 = ORIENTED_EDGE('',*,*,#1039,.F.);
#1039 = EDGE_CURVE('',#1040,#1032,#1042,.T.);
#1040 = VERTEX_POINT('',#1041);
#1041 = CARTESIAN_POINT('',(-1.6,0.41,0.));
#1042 = LINE('',#1043,#1044);
#1043 = CARTESIAN_POINT('',(-1.6,0.41,0.));
#1044 = VECTOR('',#1045,1.);
#1045 = DIRECTION('',(0.,0.,1.));
#1046 = ORIENTED_EDGE('',*,*,#1047,.F.);
#1047 = EDGE_CURVE('',#1009,#1040,#1048,.T.);
#1048 = LINE('',#1049,#1050);
#1049 = CARTESIAN_POINT('',(-2.94,0.41,0.));
#1050 = VECTOR('',#1051,1.);
#1051 = DIRECTION('',(1.,0.,0.));
#1052 = PLANE('',#1053);
#1053 = AXIS2_PLACEMENT_3D('',#1054,#1055,#1056);
#1054 = CARTESIAN_POINT('',(-2.94,0.41,0.));
#1055 = DIRECTION('',(0.,1.,0.));
#1056 = DIRECTION('',(1.,0.,0.));
#1057 = ADVANCED_FACE('',(#1058),#1083,.F.);
#1058 = FACE_BOUND('',#1059,.F.);
#1059 = EDGE_LOOP('',(#1060,#1061,#1069,#1077));
#1060 = ORIENTED_EDGE('',*,*,#1039,.T.);
#1061 = ORIENTED_EDGE('',*,*,#1062,.T.);
#1062 = EDGE_CURVE('',#1032,#1063,#1065,.T.);
#1063 = VERTEX_POINT('',#1064);
#1064 = CARTESIAN_POINT('',(-1.6,1.09,0.15));
#1065 = LINE('',#1066,#1067);
#1066 = CARTESIAN_POINT('',(-1.6,0.41,0.15));
#1067 = VECTOR('',#1068,1.);
#1068 = DIRECTION('',(0.,1.,0.));
#1069 = ORIENTED_EDGE('',*,*,#1070,.F.);
#1070 = EDGE_CURVE('',#1071,#1063,#1073,.T.);
#1071 = VERTEX_POINT('',#1072);
#1072 = CARTESIAN_POINT('',(-1.6,1.09,0.));
#1073 = LINE('',#1074,#1075);
#1074 = CARTESIAN_POINT('',(-1.6,1.09,0.));
#1075 = VECTOR('',#1076,1.);
#1076 = DIRECTION('',(0.,0.,1.));
#1077 = ORIENTED_EDGE('',*,*,#1078,.F.);
#1078 = EDGE_CURVE('',#1040,#1071,#1079,.T.);
#1079 = LINE('',#1080,#1081);
#1080 = CARTESIAN_POINT('',(-1.6,0.41,0.));
#1081 = VECTOR('',#1082,1.);
#1082 = DIRECTION('',(0.,1.,0.));
#1083 = PLANE('',#1084);
#1084 = AXIS2_PLACEMENT_3D('',#1085,#1086,#1087);
#1085 = CARTESIAN_POINT('',(-1.6,0.41,0.));
#1086 = DIRECTION('',(-1.,0.,0.));
#1087 = DIRECTION('',(0.,1.,0.));
#1088 = ADVANCED_FACE('',(#1089),#1105,.F.);
#1089 = FACE_BOUND('',#1090,.F.);
#1090 = EDGE_LOOP('',(#1091,#1092,#1098,#1099));
#1091 = ORIENTED_EDGE('',*,*,#1070,.T.);
#1092 = ORIENTED_EDGE('',*,*,#1093,.T.);
#1093 = EDGE_CURVE('',#1063,#993,#1094,.T.);
#1094 = LINE('',#1095,#1096);
#1095 = CARTESIAN_POINT('',(-1.6,1.09,0.15));
#1096 = VECTOR('',#1097,1.);
#1097 = DIRECTION('',(-1.,0.,0.));
#1098 = ORIENTED_EDGE('',*,*,#990,.F.);
#1099 = ORIENTED_EDGE('',*,*,#1100,.F.);
#1100 = EDGE_CURVE('',#1071,#991,#1101,.T.);
#1101 = LINE('',#1102,#1103);
#1102 = CARTESIAN_POINT('',(-1.6,1.09,0.));
#1103 = VECTOR('',#1104,1.);
#1104 = DIRECTION('',(-1.,0.,0.));
#1105 = PLANE('',#1106);
#1106 = AXIS2_PLACEMENT_3D('',#1107,#1108,#1109);
#1107 = CARTESIAN_POINT('',(-1.6,1.09,0.));
#1108 = DIRECTION('',(0.,-1.,0.));
#1109 = DIRECTION('',(-1.,0.,0.));
#1110 = ADVANCED_FACE('',(#1111),#1117,.F.);
#1111 = FACE_BOUND('',#1112,.F.);
#1112 = EDGE_LOOP('',(#1113,#1114,#1115,#1116));
#1113 = ORIENTED_EDGE('',*,*,#1016,.T.);
#1114 = ORIENTED_EDGE('',*,*,#1047,.T.);
#1115 = ORIENTED_EDGE('',*,*,#1078,.T.);
#1116 = ORIENTED_EDGE('',*,*,#1100,.T.);
#1117 = PLANE('',#1118);
#1118 = AXIS2_PLACEMENT_3D('',#1119,#1120,#1121);
#1119 = CARTESIAN_POINT('',(-2.27,0.75,0.));
#1120 = DIRECTION('',(0.,0.,1.));
#1121 = DIRECTION('',(1.,0.,-0.));
#1122 = ADVANCED_FACE('',(#1123),#1129,.T.);
#1123 = FACE_BOUND('',#1124,.T.);
#1124 = EDGE_LOOP('',(#1125,#1126,#1127,#1128));
#1125 = ORIENTED_EDGE('',*,*,#1000,.T.);
#1126 = ORIENTED_EDGE('',*,*,#1031,.T.);
#1127 = ORIENTED_EDGE('',*,*,#1062,.T.);
#1128 = ORIENTED_EDGE('',*,*,#1093,.T.);
#1129 = PLANE('',#1130);
#1130 = AXIS2_PLACEMENT_3D('',#1131,#1132,#1133);
#1131 = CARTESIAN_POINT('',(-2.27,0.75,0.15));
#1132 = DIRECTION('',(0.,0.,1.));
#1133 = DIRECTION('',(1.,0.,-0.));
#1134 = ( GEOMETRIC_REPRESENTATION_CONTEXT(3) 
GLOBAL_UNCERTAINTY_ASSIGNED_CONTEXT((#1138)) 
GLOBAL_UNIT_ASSIGNED_CONTEXT((#1135,#1136,#1137)) REPRESENTATION_CONTEXT
('Context #1','3D Context with UNIT and UNCERTAINTY') );
#1135 = ( LENGTH_UNIT() NAMED_UNIT(*) SI_UNIT(.MILLI.,.METRE.) );
#1136 = ( NAMED_UNIT(*) PLANE_ANGLE_UNIT() SI_UNIT($,.RADIAN.) );
#1137 = ( NAMED_UNIT(*) SI_UNIT($,.STERADIAN.) SOLID_ANGLE_UNIT() );
#1138 = UNCERTAINTY_MEASURE_WITH_UNIT(LENGTH_MEASURE(1.E-07),#1135,
  'distance_accuracy_value','confusion accuracy');
#1139 = CONTEXT_DEPENDENT_SHAPE_REPRESENTATION(#1140,#1142);
#1140 = ( REPRESENTATION_RELATIONSHIP('','',#983,#75) 
REPRESENTATION_RELATIONSHIP_WITH_TRANSFORMATION(#1141) 
SHAPE_REPRESENTATION_RELATIONSHIP() );
#1141 = ITEM_DEFINED_TRANSFORMATION('','',#11,#80);
#1142 = PRODUCT_DEFINITION_SHAPE('Placement','Placement of an item',
  #1143);
#1143 = NEXT_ASSEMBLY_USAGE_OCCURRENCE('2','Pin1','',#70,#978,$);
#1144 = PRODUCT_RELATED_PRODUCT_CATEGORY('part',$,(#980));
#1145 = SHAPE_DEFINITION_REPRESENTATION(#1146,#1152);
#1146 = PRODUCT_DEFINITION_SHAPE('','',#1147);
#1147 = PRODUCT_DEFINITION('design','',#1148,#1151);
#1148 = PRODUCT_DEFINITION_FORMATION('','',#1149);
#1149 = PRODUCT('Pin2','Pin2','',(#1150));
#1150 = PRODUCT_CONTEXT('',#2,'mechanical');
#1151 = PRODUCT_DEFINITION_CONTEXT('part definition',#2,'design');
#1152 = ADVANCED_BREP_SHAPE_REPRESENTATION('',(#11,#1153),#1336);
#1153 = MANIFOLD_SOLID_BREP('',#1154);
#1154 = CLOSED_SHELL('',(#1155,#1195,#1226,#1257,#1288,#1310,#1323));
#1155 = ADVANCED_FACE('',(#1156),#1190,.T.);
#1156 = FACE_BOUND('',#1157,.T.);
#1157 = EDGE_LOOP('',(#1158,#1168,#1176,#1184));
#1158 = ORIENTED_EDGE('',*,*,#1159,.T.);
#1159 = EDGE_CURVE('',#1160,#1162,#1164,.T.);
#1160 = VERTEX_POINT('',#1161);
#1161 = CARTESIAN_POINT('',(-2.94186252285,-0.751760725813,0.));
#1162 = VERTEX_POINT('',#1163);
#1163 = CARTESIAN_POINT('',(-2.94186252285,-0.751760725813,0.15));
#1164 = LINE('',#1165,#1166);
#1165 = CARTESIAN_POINT('',(-2.94186252285,-0.751760725813,0.));
#1166 = VECTOR('',#1167,1.);
#1167 = DIRECTION('',(0.,0.,1.));
#1168 = ORIENTED_EDGE('',*,*,#1169,.T.);
#1169 = EDGE_CURVE('',#1162,#1170,#1172,.T.);
#1170 = VERTEX_POINT('',#1171);
#1171 = CARTESIAN_POINT('',(-2.94186252285,-0.41,0.15));
#1172 = LINE('',#1173,#1174);
#1173 = CARTESIAN_POINT('',(-2.94186252285,-0.751760725813,0.15));
#1174 = VECTOR('',#1175,1.);
#1175 = DIRECTION('',(0.,1.,0.));
#1176 = ORIENTED_EDGE('',*,*,#1177,.F.);
#1177 = EDGE_CURVE('',#1178,#1170,#1180,.T.);
#1178 = VERTEX_POINT('',#1179);
#1179 = CARTESIAN_POINT('',(-2.94186252285,-0.41,0.));
#1180 = LINE('',#1181,#1182);
#1181 = CARTESIAN_POINT('',(-2.94186252285,-0.41,0.));
#1182 = VECTOR('',#1183,1.);
#1183 = DIRECTION('',(0.,0.,1.));
#1184 = ORIENTED_EDGE('',*,*,#1185,.F.);
#1185 = EDGE_CURVE('',#1160,#1178,#1186,.T.);
#1186 = LINE('',#1187,#1188);
#1187 = CARTESIAN_POINT('',(-2.94186252285,-0.751760725813,0.));
#1188 = VECTOR('',#1189,1.);
#1189 = DIRECTION('',(0.,1.,0.));
#1190 = PLANE('',#1191);
#1191 = AXIS2_PLACEMENT_3D('',#1192,#1193,#1194);
#1192 = CARTESIAN_POINT('',(-2.94186252285,-0.751760725813,0.));
#1193 = DIRECTION('',(-1.,0.,0.));
#1194 = DIRECTION('',(0.,1.,0.));
#1195 = ADVANCED_FACE('',(#1196),#1221,.T.);
#1196 = FACE_BOUND('',#1197,.T.);
#1197 = EDGE_LOOP('',(#1198,#1199,#1207,#1215));
#1198 = ORIENTED_EDGE('',*,*,#1177,.T.);
#1199 = ORIENTED_EDGE('',*,*,#1200,.T.);
#1200 = EDGE_CURVE('',#1170,#1201,#1203,.T.);
#1201 = VERTEX_POINT('',#1202);
#1202 = CARTESIAN_POINT('',(-1.6,-0.41,0.15));
#1203 = LINE('',#1204,#1205);
#1204 = CARTESIAN_POINT('',(-2.94186252285,-0.41,0.15));
#1205 = VECTOR('',#1206,1.);
#1206 = DIRECTION('',(1.,0.,0.));
#1207 = ORIENTED_EDGE('',*,*,#1208,.F.);
#1208 = EDGE_CURVE('',#1209,#1201,#1211,.T.);
#1209 = VERTEX_POINT('',#1210);
#1210 = CARTESIAN_POINT('',(-1.6,-0.41,0.));
#1211 = LINE('',#1212,#1213);
#1212 = CARTESIAN_POINT('',(-1.6,-0.41,0.));
#1213 = VECTOR('',#1214,1.);
#1214 = DIRECTION('',(0.,0.,1.));
#1215 = ORIENTED_EDGE('',*,*,#1216,.F.);
#1216 = EDGE_CURVE('',#1178,#1209,#1217,.T.);
#1217 = LINE('',#1218,#1219);
#1218 = CARTESIAN_POINT('',(-2.94186252285,-0.41,0.));
#1219 = VECTOR('',#1220,1.);
#1220 = DIRECTION('',(1.,0.,0.));
#1221 = PLANE('',#1222);
#1222 = AXIS2_PLACEMENT_3D('',#1223,#1224,#1225);
#1223 = CARTESIAN_POINT('',(-2.94186252285,-0.41,0.));
#1224 = DIRECTION('',(0.,1.,0.));
#1225 = DIRECTION('',(1.,0.,0.));
#1226 = ADVANCED_FACE('',(#1227),#1252,.T.);
#1227 = FACE_BOUND('',#1228,.T.);
#1228 = EDGE_LOOP('',(#1229,#1230,#1238,#1246));
#1229 = ORIENTED_EDGE('',*,*,#1208,.T.);
#1230 = ORIENTED_EDGE('',*,*,#1231,.T.);
#1231 = EDGE_CURVE('',#1201,#1232,#1234,.T.);
#1232 = VERTEX_POINT('',#1233);
#1233 = CARTESIAN_POINT('',(-1.6,-1.093521451625,0.15));
#1234 = LINE('',#1235,#1236);
#1235 = CARTESIAN_POINT('',(-1.6,-0.41,0.15));
#1236 = VECTOR('',#1237,1.);
#1237 = DIRECTION('',(0.,-1.,0.));
#1238 = ORIENTED_EDGE('',*,*,#1239,.F.);
#1239 = EDGE_CURVE('',#1240,#1232,#1242,.T.);
#1240 = VERTEX_POINT('',#1241);
#1241 = CARTESIAN_POINT('',(-1.6,-1.093521451625,0.));
#1242 = LINE('',#1243,#1244);
#1243 = CARTESIAN_POINT('',(-1.6,-1.093521451625,0.));
#1244 = VECTOR('',#1245,1.);
#1245 = DIRECTION('',(0.,0.,1.));
#1246 = ORIENTED_EDGE('',*,*,#1247,.F.);
#1247 = EDGE_CURVE('',#1209,#1240,#1248,.T.);
#1248 = LINE('',#1249,#1250);
#1249 = CARTESIAN_POINT('',(-1.6,-0.41,0.));
#1250 = VECTOR('',#1251,1.);
#1251 = DIRECTION('',(0.,-1.,0.));
#1252 = PLANE('',#1253);
#1253 = AXIS2_PLACEMENT_3D('',#1254,#1255,#1256);
#1254 = CARTESIAN_POINT('',(-1.6,-0.41,0.));
#1255 = DIRECTION('',(1.,0.,0.));
#1256 = DIRECTION('',(0.,-1.,0.));
#1257 = ADVANCED_FACE('',(#1258),#1283,.T.);
#1258 = FACE_BOUND('',#1259,.T.);
#1259 = EDGE_LOOP('',(#1260,#1261,#1269,#1277));
#1260 = ORIENTED_EDGE('',*,*,#1239,.T.);
#1261 = ORIENTED_EDGE('',*,*,#1262,.T.);
#1262 = EDGE_CURVE('',#1232,#1263,#1265,.T.);
#1263 = VERTEX_POINT('',#1264);
#1264 = CARTESIAN_POINT('',(-2.600101797037,-1.093521451625,0.15));
#1265 = LINE('',#1266,#1267);
#1266 = CARTESIAN_POINT('',(-1.6,-1.093521451625,0.15));
#1267 = VECTOR('',#1268,1.);
#1268 = DIRECTION('',(-1.,0.,0.));
#1269 = ORIENTED_EDGE('',*,*,#1270,.F.);
#1270 = EDGE_CURVE('',#1271,#1263,#1273,.T.);
#1271 = VERTEX_POINT('',#1272);
#1272 = CARTESIAN_POINT('',(-2.600101797037,-1.093521451625,0.));
#1273 = LINE('',#1274,#1275);
#1274 = CARTESIAN_POINT('',(-2.600101797037,-1.093521451625,0.));
#1275 = VECTOR('',#1276,1.);
#1276 = DIRECTION('',(0.,0.,1.));
#1277 = ORIENTED_EDGE('',*,*,#1278,.F.);
#1278 = EDGE_CURVE('',#1240,#1271,#1279,.T.);
#1279 = LINE('',#1280,#1281);
#1280 = CARTESIAN_POINT('',(-1.6,-1.093521451625,0.));
#1281 = VECTOR('',#1282,1.);
#1282 = DIRECTION('',(-1.,0.,0.));
#1283 = PLANE('',#1284);
#1284 = AXIS2_PLACEMENT_3D('',#1285,#1286,#1287);
#1285 = CARTESIAN_POINT('',(-1.6,-1.093521451625,0.));
#1286 = DIRECTION('',(0.,-1.,0.));
#1287 = DIRECTION('',(-1.,0.,0.));
#1288 = ADVANCED_FACE('',(#1289),#1305,.F.);
#1289 = FACE_BOUND('',#1290,.F.);
#1290 = EDGE_LOOP('',(#1291,#1292,#1298,#1299));
#1291 = ORIENTED_EDGE('',*,*,#1159,.T.);
#1292 = ORIENTED_EDGE('',*,*,#1293,.T.);
#1293 = EDGE_CURVE('',#1162,#1263,#1294,.T.);
#1294 = LINE('',#1295,#1296);
#1295 = CARTESIAN_POINT('',(-2.94186252285,-0.751760725813,0.15));
#1296 = VECTOR('',#1297,1.);
#1297 = DIRECTION('',(0.707106781187,-0.707106781187,0.));
#1298 = ORIENTED_EDGE('',*,*,#1270,.F.);
#1299 = ORIENTED_EDGE('',*,*,#1300,.F.);
#1300 = EDGE_CURVE('',#1160,#1271,#1301,.T.);
#1301 = LINE('',#1302,#1303);
#1302 = CARTESIAN_POINT('',(-2.94186252285,-0.751760725813,0.));
#1303 = VECTOR('',#1304,1.);
#1304 = DIRECTION('',(0.707106781187,-0.707106781187,0.));
#1305 = PLANE('',#1306);
#1306 = AXIS2_PLACEMENT_3D('',#1307,#1308,#1309);
#1307 = CARTESIAN_POINT('',(-2.94186252285,-0.751760725813,0.));
#1308 = DIRECTION('',(0.707106781187,0.707106781187,0.));
#1309 = DIRECTION('',(0.707106781187,-0.707106781187,0.));
#1310 = ADVANCED_FACE('',(#1311),#1318,.F.);
#1311 = FACE_BOUND('',#1312,.T.);
#1312 = EDGE_LOOP('',(#1313,#1314,#1315,#1316,#1317));
#1313 = ORIENTED_EDGE('',*,*,#1185,.T.);
#1314 = ORIENTED_EDGE('',*,*,#1216,.T.);
#1315 = ORIENTED_EDGE('',*,*,#1247,.T.);
#1316 = ORIENTED_EDGE('',*,*,#1278,.T.);
#1317 = ORIENTED_EDGE('',*,*,#1300,.F.);
#1318 = PLANE('',#1319);
#1319 = AXIS2_PLACEMENT_3D('',#1320,#1321,#1322);
#1320 = CARTESIAN_POINT('',(-2.229765974031,-0.727709673488,0.));
#1321 = DIRECTION('',(0.,0.,1.));
#1322 = DIRECTION('',(1.,0.,-0.));
#1323 = ADVANCED_FACE('',(#1324),#1331,.T.);
#1324 = FACE_BOUND('',#1325,.F.);
#1325 = EDGE_LOOP('',(#1326,#1327,#1328,#1329,#1330));
#1326 = ORIENTED_EDGE('',*,*,#1169,.T.);
#1327 = ORIENTED_EDGE('',*,*,#1200,.T.);
#1328 = ORIENTED_EDGE('',*,*,#1231,.T.);
#1329 = ORIENTED_EDGE('',*,*,#1262,.T.);
#1330 = ORIENTED_EDGE('',*,*,#1293,.F.);
#1331 = PLANE('',#1332);
#1332 = AXIS2_PLACEMENT_3D('',#1333,#1334,#1335);
#1333 = CARTESIAN_POINT('',(-2.229765974031,-0.727709673488,0.15));
#1334 = DIRECTION('',(0.,0.,1.));
#1335 = DIRECTION('',(1.,0.,-0.));
#1336 = ( GEOMETRIC_REPRESENTATION_CONTEXT(3) 
GLOBAL_UNCERTAINTY_ASSIGNED_CONTEXT((#1340)) 
GLOBAL_UNIT_ASSIGNED_CONTEXT((#1337,#1338,#1339)) REPRESENTATION_CONTEXT
('Context #1','3D Context with UNIT and UNCERTAINTY') );
#1337 = ( LENGTH_UNIT() NAMED_UNIT(*) SI_UNIT(.MILLI.,.METRE.) );
#1338 = ( NAMED_UNIT(*) PLANE_ANGLE_UNIT() SI_UNIT($,.RADIAN.) );
#1339 = ( NAMED_UNIT(*) SI_UNIT($,.STERADIAN.) SOLID_ANGLE_UNIT() );
#1340 = UNCERTAINTY_MEASURE_WITH_UNIT(LENGTH_MEASURE(1.E-07),#1337,
  'distance_accuracy_value','confusion accuracy');
#1341 = CONTEXT_DEPENDENT_SHAPE_REPRESENTATION(#1342,#1344);
#1342 = ( REPRESENTATION_RELATIONSHIP('','',#1152,#75) 
REPRESENTATION_RELATIONSHIP_WITH_TRANSFORMATION(#1343) 
SHAPE_REPRESENTATION_RELATIONSHIP() );
#1343 = ITEM_DEFINED_TRANSFORMATION('','',#11,#84);
#1344 = PRODUCT_DEFINITION_SHAPE('Placement','Placement of an item',
  #1345);
#1345 = NEXT_ASSEMBLY_USAGE_OCCURRENCE('3','Pin2','',#70,#1147,$);
#1346 = PRODUCT_RELATED_PRODUCT_CATEGORY('part',$,(#1149));
#1347 = SHAPE_DEFINITION_REPRESENTATION(#1348,#1354);
#1348 = PRODUCT_DEFINITION_SHAPE('','',#1349);
#1349 = PRODUCT_DEFINITION('design','',#1350,#1353);
#1350 = PRODUCT_DEFINITION_FORMATION('','',#1351);
#1351 = PRODUCT('Pin3','Pin3','',(#1352));
#1352 = PRODUCT_CONTEXT('',#2,'mechanical');
#1353 = PRODUCT_DEFINITION_CONTEXT('part definition',#2,'design');
#1354 = ADVANCED_BREP_SHAPE_REPRESENTATION('',(#11,#1355),#1505);
#1355 = MANIFOLD_SOLID_BREP('',#1356);
#1356 = CLOSED_SHELL('',(#1357,#1397,#1428,#1459,#1481,#1493));
#1357 = ADVANCED_FACE('',(#1358),#1392,.T.);
#1358 = FACE_BOUND('',#1359,.T.);
#1359 = EDGE_LOOP('',(#1360,#1370,#1378,#1386));
#1360 = ORIENTED_EDGE('',*,*,#1361,.T.);
#1361 = EDGE_CURVE('',#1362,#1364,#1366,.T.);
#1362 = VERTEX_POINT('',#1363);
#1363 = CARTESIAN_POINT('',(2.94,1.09,0.));
#1364 = VERTEX_POINT('',#1365);
#1365 = CARTESIAN_POINT('',(2.94,1.09,0.15));
#1366 = LINE('',#1367,#1368);
#1367 = CARTESIAN_POINT('',(2.94,1.09,0.));
#1368 = VECTOR('',#1369,1.);
#1369 = DIRECTION('',(0.,0.,1.));
#1370 = ORIENTED_EDGE('',*,*,#1371,.T.);
#1371 = EDGE_CURVE('',#1364,#1372,#1374,.T.);
#1372 = VERTEX_POINT('',#1373);
#1373 = CARTESIAN_POINT('',(2.94,0.41,0.15));
#1374 = LINE('',#1375,#1376);
#1375 = CARTESIAN_POINT('',(2.94,1.09,0.15));
#1376 = VECTOR('',#1377,1.);
#1377 = DIRECTION('',(0.,-1.,0.));
#1378 = ORIENTED_EDGE('',*,*,#1379,.F.);
#1379 = EDGE_CURVE('',#1380,#1372,#1382,.T.);
#1380 = VERTEX_POINT('',#1381);
#1381 = CARTESIAN_POINT('',(2.94,0.41,0.));
#1382 = LINE('',#1383,#1384);
#1383 = CARTESIAN_POINT('',(2.94,0.41,0.));
#1384 = VECTOR('',#1385,1.);
#1385 = DIRECTION('',(0.,0.,1.));
#1386 = ORIENTED_EDGE('',*,*,#1387,.F.);
#1387 = EDGE_CURVE('',#1362,#1380,#1388,.T.);
#1388 = LINE('',#1389,#1390);
#1389 = CARTESIAN_POINT('',(2.94,1.09,0.));
#1390 = VECTOR('',#1391,1.);
#1391 = DIRECTION('',(0.,-1.,0.));
#1392 = PLANE('',#1393);
#1393 = AXIS2_PLACEMENT_3D('',#1394,#1395,#1396);
#1394 = CARTESIAN_POINT('',(2.94,1.09,0.));
#1395 = DIRECTION('',(1.,0.,0.));
#1396 = DIRECTION('',(0.,-1.,0.));
#1397 = ADVANCED_FACE('',(#1398),#1423,.T.);
#1398 = FACE_BOUND('',#1399,.T.);
#1399 = EDGE_LOOP('',(#1400,#1401,#1409,#1417));
#1400 = ORIENTED_EDGE('',*,*,#1379,.T.);
#1401 = ORIENTED_EDGE('',*,*,#1402,.T.);
#1402 = EDGE_CURVE('',#1372,#1403,#1405,.T.);
#1403 = VERTEX_POINT('',#1404);
#1404 = CARTESIAN_POINT('',(1.6,0.41,0.15));
#1405 = LINE('',#1406,#1407);
#1406 = CARTESIAN_POINT('',(2.94,0.41,0.15));
#1407 = VECTOR('',#1408,1.);
#1408 = DIRECTION('',(-1.,0.,0.));
#1409 = ORIENTED_EDGE('',*,*,#1410,.F.);
#1410 = EDGE_CURVE('',#1411,#1403,#1413,.T.);
#1411 = VERTEX_POINT('',#1412);
#1412 = CARTESIAN_POINT('',(1.6,0.41,0.));
#1413 = LINE('',#1414,#1415);
#1414 = CARTESIAN_POINT('',(1.6,0.41,0.));
#1415 = VECTOR('',#1416,1.);
#1416 = DIRECTION('',(0.,0.,1.));
#1417 = ORIENTED_EDGE('',*,*,#1418,.F.);
#1418 = EDGE_CURVE('',#1380,#1411,#1419,.T.);
#1419 = LINE('',#1420,#1421);
#1420 = CARTESIAN_POINT('',(2.94,0.41,0.));
#1421 = VECTOR('',#1422,1.);
#1422 = DIRECTION('',(-1.,0.,0.));
#1423 = PLANE('',#1424);
#1424 = AXIS2_PLACEMENT_3D('',#1425,#1426,#1427);
#1425 = CARTESIAN_POINT('',(2.94,0.41,0.));
#1426 = DIRECTION('',(0.,-1.,0.));
#1427 = DIRECTION('',(-1.,0.,0.));
#1428 = ADVANCED_FACE('',(#1429),#1454,.T.);
#1429 = FACE_BOUND('',#1430,.T.);
#1430 = EDGE_LOOP('',(#1431,#1432,#1440,#1448));
#1431 = ORIENTED_EDGE('',*,*,#1410,.T.);
#1432 = ORIENTED_EDGE('',*,*,#1433,.T.);
#1433 = EDGE_CURVE('',#1403,#1434,#1436,.T.);
#1434 = VERTEX_POINT('',#1435);
#1435 = CARTESIAN_POINT('',(1.6,1.09,0.15));
#1436 = LINE('',#1437,#1438);
#1437 = CARTESIAN_POINT('',(1.6,0.41,0.15));
#1438 = VECTOR('',#1439,1.);
#1439 = DIRECTION('',(0.,1.,0.));
#1440 = ORIENTED_EDGE('',*,*,#1441,.F.);
#1441 = EDGE_CURVE('',#1442,#1434,#1444,.T.);
#1442 = VERTEX_POINT('',#1443);
#1443 = CARTESIAN_POINT('',(1.6,1.09,0.));
#1444 = LINE('',#1445,#1446);
#1445 = CARTESIAN_POINT('',(1.6,1.09,0.));
#1446 = VECTOR('',#1447,1.);
#1447 = DIRECTION('',(0.,0.,1.));
#1448 = ORIENTED_EDGE('',*,*,#1449,.F.);
#1449 = EDGE_CURVE('',#1411,#1442,#1450,.T.);
#1450 = LINE('',#1451,#1452);
#1451 = CARTESIAN_POINT('',(1.6,0.41,0.));
#1452 = VECTOR('',#1453,1.);
#1453 = DIRECTION('',(0.,1.,0.));
#1454 = PLANE('',#1455);
#1455 = AXIS2_PLACEMENT_3D('',#1456,#1457,#1458);
#1456 = CARTESIAN_POINT('',(1.6,0.41,0.));
#1457 = DIRECTION('',(-1.,0.,0.));
#1458 = DIRECTION('',(0.,1.,0.));
#1459 = ADVANCED_FACE('',(#1460),#1476,.T.);
#1460 = FACE_BOUND('',#1461,.T.);
#1461 = EDGE_LOOP('',(#1462,#1463,#1469,#1470));
#1462 = ORIENTED_EDGE('',*,*,#1441,.T.);
#1463 = ORIENTED_EDGE('',*,*,#1464,.T.);
#1464 = EDGE_CURVE('',#1434,#1364,#1465,.T.);
#1465 = LINE('',#1466,#1467);
#1466 = CARTESIAN_POINT('',(1.6,1.09,0.15));
#1467 = VECTOR('',#1468,1.);
#1468 = DIRECTION('',(1.,0.,0.));
#1469 = ORIENTED_EDGE('',*,*,#1361,.F.);
#1470 = ORIENTED_EDGE('',*,*,#1471,.F.);
#1471 = EDGE_CURVE('',#1442,#1362,#1472,.T.);
#1472 = LINE('',#1473,#1474);
#1473 = CARTESIAN_POINT('',(1.6,1.09,0.));
#1474 = VECTOR('',#1475,1.);
#1475 = DIRECTION('',(1.,0.,0.));
#1476 = PLANE('',#1477);
#1477 = AXIS2_PLACEMENT_3D('',#1478,#1479,#1480);
#1478 = CARTESIAN_POINT('',(1.6,1.09,0.));
#1479 = DIRECTION('',(0.,1.,0.));
#1480 = DIRECTION('',(1.,0.,0.));
#1481 = ADVANCED_FACE('',(#1482),#1488,.F.);
#1482 = FACE_BOUND('',#1483,.T.);
#1483 = EDGE_LOOP('',(#1484,#1485,#1486,#1487));
#1484 = ORIENTED_EDGE('',*,*,#1387,.T.);
#1485 = ORIENTED_EDGE('',*,*,#1418,.T.);
#1486 = ORIENTED_EDGE('',*,*,#1449,.T.);
#1487 = ORIENTED_EDGE('',*,*,#1471,.T.);
#1488 = PLANE('',#1489);
#1489 = AXIS2_PLACEMENT_3D('',#1490,#1491,#1492);
#1490 = CARTESIAN_POINT('',(2.27,0.75,0.));
#1491 = DIRECTION('',(0.,0.,1.));
#1492 = DIRECTION('',(1.,0.,-0.));
#1493 = ADVANCED_FACE('',(#1494),#1500,.T.);
#1494 = FACE_BOUND('',#1495,.F.);
#1495 = EDGE_LOOP('',(#1496,#1497,#1498,#1499));
#1496 = ORIENTED_EDGE('',*,*,#1371,.T.);
#1497 = ORIENTED_EDGE('',*,*,#1402,.T.);
#1498 = ORIENTED_EDGE('',*,*,#1433,.T.);
#1499 = ORIENTED_EDGE('',*,*,#1464,.T.);
#1500 = PLANE('',#1501);
#1501 = AXIS2_PLACEMENT_3D('',#1502,#1503,#1504);
#1502 = CARTESIAN_POINT('',(2.27,0.75,0.15));
#1503 = DIRECTION('',(0.,0.,1.));
#1504 = DIRECTION('',(1.,0.,-0.));
#1505 = ( GEOMETRIC_REPRESENTATION_CONTEXT(3) 
GLOBAL_UNCERTAINTY_ASSIGNED_CONTEXT((#1509)) 
GLOBAL_UNIT_ASSIGNED_CONTEXT((#1506,#1507,#1508)) REPRESENTATION_CONTEXT
('Context #1','3D Context with UNIT and UNCERTAINTY') );
#1506 = ( LENGTH_UNIT() NAMED_UNIT(*) SI_UNIT(.MILLI.,.METRE.) );
#1507 = ( NAMED_UNIT(*) PLANE_ANGLE_UNIT() SI_UNIT($,.RADIAN.) );
#1508 = ( NAMED_UNIT(*) SI_UNIT($,.STERADIAN.) SOLID_ANGLE_UNIT() );
#1509 = UNCERTAINTY_MEASURE_WITH_UNIT(LENGTH_MEASURE(1.E-07),#1506,
  'distance_accuracy_value','confusion accuracy');
#1510 = CONTEXT_DEPENDENT_SHAPE_REPRESENTATION(#1511,#1513);
#1511 = ( REPRESENTATION_RELATIONSHIP('','',#1354,#75) 
REPRESENTATION_RELATIONSHIP_WITH_TRANSFORMATION(#1512) 
SHAPE_REPRESENTATION_RELATIONSHIP() );
#1512 = ITEM_DEFINED_TRANSFORMATION('','',#11,#88);
#1513 = PRODUCT_DEFINITION_SHAPE('Placement','Placement of an item',
  #1514);
#1514 = NEXT_ASSEMBLY_USAGE_OCCURRENCE('4','Pin3','',#70,#1349,$);
#1515 = PRODUCT_RELATED_PRODUCT_CATEGORY('part',$,(#1351));
#1516 = SHAPE_DEFINITION_REPRESENTATION(#1517,#1523);
#1517 = PRODUCT_DEFINITION_SHAPE('','',#1518);
#1518 = PRODUCT_DEFINITION('design','',#1519,#1522);
#1519 = PRODUCT_DEFINITION_FORMATION('','',#1520);
#1520 = PRODUCT('Pin4','Pin4','',(#1521));
#1521 = PRODUCT_CONTEXT('',#2,'mechanical');
#1522 = PRODUCT_DEFINITION_CONTEXT('part definition',#2,'design');
#1523 = ADVANCED_BREP_SHAPE_REPRESENTATION('',(#11,#1524),#1674);
#1524 = MANIFOLD_SOLID_BREP('',#1525);
#1525 = CLOSED_SHELL('',(#1526,#1566,#1597,#1628,#1650,#1662));
#1526 = ADVANCED_FACE('',(#1527),#1561,.F.);
#1527 = FACE_BOUND('',#1528,.F.);
#1528 = EDGE_LOOP('',(#1529,#1539,#1547,#1555));
#1529 = ORIENTED_EDGE('',*,*,#1530,.T.);
#1530 = EDGE_CURVE('',#1531,#1533,#1535,.T.);
#1531 = VERTEX_POINT('',#1532);
#1532 = CARTESIAN_POINT('',(2.94,-1.09,0.));
#1533 = VERTEX_POINT('',#1534);
#1534 = CARTESIAN_POINT('',(2.94,-1.09,0.15));
#1535 = LINE('',#1536,#1537);
#1536 = CARTESIAN_POINT('',(2.94,-1.09,0.));
#1537 = VECTOR('',#1538,1.);
#1538 = DIRECTION('',(0.,0.,1.));
#1539 = ORIENTED_EDGE('',*,*,#1540,.T.);
#1540 = EDGE_CURVE('',#1533,#1541,#1543,.T.);
#1541 = VERTEX_POINT('',#1542);
#1542 = CARTESIAN_POINT('',(2.94,-0.41,0.15));
#1543 = LINE('',#1544,#1545);
#1544 = CARTESIAN_POINT('',(2.94,-1.09,0.15));
#1545 = VECTOR('',#1546,1.);
#1546 = DIRECTION('',(0.,1.,0.));
#1547 = ORIENTED_EDGE('',*,*,#1548,.F.);
#1548 = EDGE_CURVE('',#1549,#1541,#1551,.T.);
#1549 = VERTEX_POINT('',#1550);
#1550 = CARTESIAN_POINT('',(2.94,-0.41,0.));
#1551 = LINE('',#1552,#1553);
#1552 = CARTESIAN_POINT('',(2.94,-0.41,0.));
#1553 = VECTOR('',#1554,1.);
#1554 = DIRECTION('',(0.,0.,1.));
#1555 = ORIENTED_EDGE('',*,*,#1556,.F.);
#1556 = EDGE_CURVE('',#1531,#1549,#1557,.T.);
#1557 = LINE('',#1558,#1559);
#1558 = CARTESIAN_POINT('',(2.94,-1.09,0.));
#1559 = VECTOR('',#1560,1.);
#1560 = DIRECTION('',(0.,1.,0.));
#1561 = PLANE('',#1562);
#1562 = AXIS2_PLACEMENT_3D('',#1563,#1564,#1565);
#1563 = CARTESIAN_POINT('',(2.94,-1.09,0.));
#1564 = DIRECTION('',(-1.,0.,0.));
#1565 = DIRECTION('',(0.,1.,0.));
#1566 = ADVANCED_FACE('',(#1567),#1592,.F.);
#1567 = FACE_BOUND('',#1568,.F.);
#1568 = EDGE_LOOP('',(#1569,#1570,#1578,#1586));
#1569 = ORIENTED_EDGE('',*,*,#1548,.T.);
#1570 = ORIENTED_EDGE('',*,*,#1571,.T.);
#1571 = EDGE_CURVE('',#1541,#1572,#1574,.T.);
#1572 = VERTEX_POINT('',#1573);
#1573 = CARTESIAN_POINT('',(1.6,-0.41,0.15));
#1574 = LINE('',#1575,#1576);
#1575 = CARTESIAN_POINT('',(2.94,-0.41,0.15));
#1576 = VECTOR('',#1577,1.);
#1577 = DIRECTION('',(-1.,0.,0.));
#1578 = ORIENTED_EDGE('',*,*,#1579,.F.);
#1579 = EDGE_CURVE('',#1580,#1572,#1582,.T.);
#1580 = VERTEX_POINT('',#1581);
#1581 = CARTESIAN_POINT('',(1.6,-0.41,0.));
#1582 = LINE('',#1583,#1584);
#1583 = CARTESIAN_POINT('',(1.6,-0.41,0.));
#1584 = VECTOR('',#1585,1.);
#1585 = DIRECTION('',(0.,0.,1.));
#1586 = ORIENTED_EDGE('',*,*,#1587,.F.);
#1587 = EDGE_CURVE('',#1549,#1580,#1588,.T.);
#1588 = LINE('',#1589,#1590);
#1589 = CARTESIAN_POINT('',(2.94,-0.41,0.));
#1590 = VECTOR('',#1591,1.);
#1591 = DIRECTION('',(-1.,0.,0.));
#1592 = PLANE('',#1593);
#1593 = AXIS2_PLACEMENT_3D('',#1594,#1595,#1596);
#1594 = CARTESIAN_POINT('',(2.94,-0.41,0.));
#1595 = DIRECTION('',(0.,-1.,0.));
#1596 = DIRECTION('',(-1.,0.,0.));
#1597 = ADVANCED_FACE('',(#1598),#1623,.F.);
#1598 = FACE_BOUND('',#1599,.F.);
#1599 = EDGE_LOOP('',(#1600,#1601,#1609,#1617));
#1600 = ORIENTED_EDGE('',*,*,#1579,.T.);
#1601 = ORIENTED_EDGE('',*,*,#1602,.T.);
#1602 = EDGE_CURVE('',#1572,#1603,#1605,.T.);
#1603 = VERTEX_POINT('',#1604);
#1604 = CARTESIAN_POINT('',(1.6,-1.09,0.15));
#1605 = LINE('',#1606,#1607);
#1606 = CARTESIAN_POINT('',(1.6,-0.41,0.15));
#1607 = VECTOR('',#1608,1.);
#1608 = DIRECTION('',(0.,-1.,0.));
#1609 = ORIENTED_EDGE('',*,*,#1610,.F.);
#1610 = EDGE_CURVE('',#1611,#1603,#1613,.T.);
#1611 = VERTEX_POINT('',#1612);
#1612 = CARTESIAN_POINT('',(1.6,-1.09,0.));
#1613 = LINE('',#1614,#1615);
#1614 = CARTESIAN_POINT('',(1.6,-1.09,0.));
#1615 = VECTOR('',#1616,1.);
#1616 = DIRECTION('',(0.,0.,1.));
#1617 = ORIENTED_EDGE('',*,*,#1618,.F.);
#1618 = EDGE_CURVE('',#1580,#1611,#1619,.T.);
#1619 = LINE('',#1620,#1621);
#1620 = CARTESIAN_POINT('',(1.6,-0.41,0.));
#1621 = VECTOR('',#1622,1.);
#1622 = DIRECTION('',(0.,-1.,0.));
#1623 = PLANE('',#1624);
#1624 = AXIS2_PLACEMENT_3D('',#1625,#1626,#1627);
#1625 = CARTESIAN_POINT('',(1.6,-0.41,0.));
#1626 = DIRECTION('',(1.,0.,0.));
#1627 = DIRECTION('',(0.,-1.,0.));
#1628 = ADVANCED_FACE('',(#1629),#1645,.F.);
#1629 = FACE_BOUND('',#1630,.F.);
#1630 = EDGE_LOOP('',(#1631,#1632,#1638,#1639));
#1631 = ORIENTED_EDGE('',*,*,#1610,.T.);
#1632 = ORIENTED_EDGE('',*,*,#1633,.T.);
#1633 = EDGE_CURVE('',#1603,#1533,#1634,.T.);
#1634 = LINE('',#1635,#1636);
#1635 = CARTESIAN_POINT('',(1.6,-1.09,0.15));
#1636 = VECTOR('',#1637,1.);
#1637 = DIRECTION('',(1.,0.,0.));
#1638 = ORIENTED_EDGE('',*,*,#1530,.F.);
#1639 = ORIENTED_EDGE('',*,*,#1640,.F.);
#1640 = EDGE_CURVE('',#1611,#1531,#1641,.T.);
#1641 = LINE('',#1642,#1643);
#1642 = CARTESIAN_POINT('',(1.6,-1.09,0.));
#1643 = VECTOR('',#1644,1.);
#1644 = DIRECTION('',(1.,0.,0.));
#1645 = PLANE('',#1646);
#1646 = AXIS2_PLACEMENT_3D('',#1647,#1648,#1649);
#1647 = CARTESIAN_POINT('',(1.6,-1.09,0.));
#1648 = DIRECTION('',(0.,1.,0.));
#1649 = DIRECTION('',(1.,0.,0.));
#1650 = ADVANCED_FACE('',(#1651),#1657,.F.);
#1651 = FACE_BOUND('',#1652,.F.);
#1652 = EDGE_LOOP('',(#1653,#1654,#1655,#1656));
#1653 = ORIENTED_EDGE('',*,*,#1556,.T.);
#1654 = ORIENTED_EDGE('',*,*,#1587,.T.);
#1655 = ORIENTED_EDGE('',*,*,#1618,.T.);
#1656 = ORIENTED_EDGE('',*,*,#1640,.T.);
#1657 = PLANE('',#1658);
#1658 = AXIS2_PLACEMENT_3D('',#1659,#1660,#1661);
#1659 = CARTESIAN_POINT('',(2.27,-0.75,0.));
#1660 = DIRECTION('',(0.,0.,1.));
#1661 = DIRECTION('',(1.,0.,-0.));
#1662 = ADVANCED_FACE('',(#1663),#1669,.T.);
#1663 = FACE_BOUND('',#1664,.T.);
#1664 = EDGE_LOOP('',(#1665,#1666,#1667,#1668));
#1665 = ORIENTED_EDGE('',*,*,#1540,.T.);
#1666 = ORIENTED_EDGE('',*,*,#1571,.T.);
#1667 = ORIENTED_EDGE('',*,*,#1602,.T.);
#1668 = ORIENTED_EDGE('',*,*,#1633,.T.);
#1669 = PLANE('',#1670);
#1670 = AXIS2_PLACEMENT_3D('',#1671,#1672,#1673);
#1671 = CARTESIAN_POINT('',(2.27,-0.75,0.15));
#1672 = DIRECTION('',(0.,0.,1.));
#1673 = DIRECTION('',(1.,0.,-0.));
#1674 = ( GEOMETRIC_REPRESENTATION_CONTEXT(3) 
GLOBAL_UNCERTAINTY_ASSIGNED_CONTEXT((#1678)) 
GLOBAL_UNIT_ASSIGNED_CONTEXT((#1675,#1676,#1677)) REPRESENTATION_CONTEXT
('Context #1','3D Context with UNIT and UNCERTAINTY') );
#1675 = ( LENGTH_UNIT() NAMED_UNIT(*) SI_UNIT(.MILLI.,.METRE.) );
#1676 = ( NAMED_UNIT(*) PLANE_ANGLE_UNIT() SI_UNIT($,.RADIAN.) );
#1677 = ( NAMED_UNIT(*) SI_UNIT($,.STERADIAN.) SOLID_ANGLE_UNIT() );
#1678 = UNCERTAINTY_MEASURE_WITH_UNIT(LENGTH_MEASURE(1.E-07),#1675,
  'distance_accuracy_value','confusion accuracy');
#1679 = CONTEXT_DEPENDENT_SHAPE_REPRESENTATION(#1680,#1682);
#1680 = ( REPRESENTATION_RELATIONSHIP('','',#1523,#75) 
REPRESENTATION_RELATIONSHIP_WITH_TRANSFORMATION(#1681) 
SHAPE_REPRESENTATION_RELATIONSHIP() );
#1681 = ITEM_DEFINED_TRANSFORMATION('','',#11,#92);
#1682 = PRODUCT_DEFINITION_SHAPE('Placement','Placement of an item',
  #1683);
#1683 = NEXT_ASSEMBLY_USAGE_OCCURRENCE('5','Pin4','',#70,#1518,$);
#1684 = PRODUCT_RELATED_PRODUCT_CATEGORY('part',$,(#1520));
#1685 = CONTEXT_DEPENDENT_SHAPE_REPRESENTATION(#1686,#1688);
#1686 = ( REPRESENTATION_RELATIONSHIP('','',#52,#10) 
REPRESENTATION_RELATIONSHIP_WITH_TRANSFORMATION(#1687) 
SHAPE_REPRESENTATION_RELATIONSHIP() );
#1687 = ITEM_DEFINED_TRANSFORMATION('','',#11,#19);
#1688 = PRODUCT_DEFINITION_SHAPE('Placement','Placement of an item',
  #1689);
#1689 = NEXT_ASSEMBLY_USAGE_OCCURRENCE('8','D1','',#5,#47,$);
#1690 = CONTEXT_DEPENDENT_SHAPE_REPRESENTATION(#1691,#1693);
#1691 = ( REPRESENTATION_RELATIONSHIP('','',#52,#10) 
REPRESENTATION_RELATIONSHIP_WITH_TRANSFORMATION(#1692) 
SHAPE_REPRESENTATION_RELATIONSHIP() );
#1692 = ITEM_DEFINED_TRANSFORMATION('','',#11,#23);
#1693 = PRODUCT_DEFINITION_SHAPE('Placement','Placement of an item',
  #1694);
#1694 = NEXT_ASSEMBLY_USAGE_OCCURRENCE('9','D5','',#5,#47,$);
#1695 = CONTEXT_DEPENDENT_SHAPE_REPRESENTATION(#1696,#1698);
#1696 = ( REPRESENTATION_RELATIONSHIP('','',#52,#10) 
REPRESENTATION_RELATIONSHIP_WITH_TRANSFORMATION(#1697) 
SHAPE_REPRESENTATION_RELATIONSHIP() );
#1697 = ITEM_DEFINED_TRANSFORMATION('','',#11,#27);
#1698 = PRODUCT_DEFINITION_SHAPE('Placement','Placement of an item',
  #1699);
#1699 = NEXT_ASSEMBLY_USAGE_OCCURRENCE('10','D4','',#5,#47,$);
#1700 = CONTEXT_DEPENDENT_SHAPE_REPRESENTATION(#1701,#1703);
#1701 = ( REPRESENTATION_RELATIONSHIP('','',#52,#10) 
REPRESENTATION_RELATIONSHIP_WITH_TRANSFORMATION(#1702) 
SHAPE_REPRESENTATION_RELATIONSHIP() );
#1702 = ITEM_DEFINED_TRANSFORMATION('','',#11,#31);
#1703 = PRODUCT_DEFINITION_SHAPE('Placement','Placement of an item',
  #1704);
#1704 = NEXT_ASSEMBLY_USAGE_OCCURRENCE('11','D3','',#5,#47,$);
#1705 = SHAPE_DEFINITION_REPRESENTATION(#1706,#1712);
#1706 = PRODUCT_DEFINITION_SHAPE('','',#1707);
#1707 = PRODUCT_DEFINITION('design','',#1708,#1711);
#1708 = PRODUCT_DEFINITION_FORMATION('','',#1709);
#1709 = PRODUCT('Hac7CAC_PCB','Hac7CAC_PCB','',(#1710));
#1710 = PRODUCT_CONTEXT('',#2,'mechanical');
#1711 = PRODUCT_DEFINITION_CONTEXT('part definition',#2,'design');
#1712 = ADVANCED_BREP_SHAPE_REPRESENTATION('',(#11,#1713),#7735);
#1713 = MANIFOLD_SOLID_BREP('',#1714);
#1714 = CLOSED_SHELL('',(#1715,#1755,#1786,#1817,#3376,#4935,#4947,#4969
    ,#4986,#5003,#5020,#5037,#5054,#5071,#5088,#5105,#5122,#5139,#5156,
    #5173,#5190,#5207,#5224,#5241,#5258,#5275,#5287,#5304,#5321,#5338,
    #5360,#5377,#5394,#5411,#5428,#5445,#5462,#5479,#5496,#5513,#5530,
    #5547,#5564,#5581,#5598,#5615,#5632,#5649,#5666,#5678,#5695,#5712,
    #5729,#5746,#5768,#5785,#5802,#5819,#5836,#5853,#5870,#5887,#5904,
    #5921,#5938,#5955,#5972,#5989,#6006,#6023,#6040,#6057,#6074,#6086,
    #6103,#6125,#6142,#6159,#6176,#6193,#6210,#6227,#6244,#6261,#6278,
    #6295,#6312,#6329,#6346,#6363,#6380,#6397,#6414,#6431,#6443,#6460,
    #6477,#6494,#6516,#6533,#6550,#6562,#6584,#6601,#6618,#6630,#6647,
    #6664,#6681,#6698,#6720,#6737,#6754,#6771,#6788,#6805,#6822,#6839,
    #6856,#6873,#6890,#6907,#6924,#6941,#6958,#6975,#6992,#7009,#7026,
    #7038,#7055,#7072,#7089,#7106,#7123,#7140,#7157,#7174,#7191,#7208,
    #7225,#7242,#7259,#7276,#7293,#7315,#7332,#7349,#7361,#7378,#7400,
    #7417,#7434,#7446,#7463,#7480,#7497,#7514,#7531,#7548,#7565,#7582,
    #7599,#7616,#7633,#7650,#7667,#7684,#7701,#7718));
#1715 = ADVANCED_FACE('',(#1716),#1750,.T.);
#1716 = FACE_BOUND('',#1717,.T.);
#1717 = EDGE_LOOP('',(#1718,#1728,#1736,#1744));
#1718 = ORIENTED_EDGE('',*,*,#1719,.T.);
#1719 = EDGE_CURVE('',#1720,#1722,#1724,.T.);
#1720 = VERTEX_POINT('',#1721);
#1721 = CARTESIAN_POINT('',(215.,-101.5,0.));
#1722 = VERTEX_POINT('',#1723);
#1723 = CARTESIAN_POINT('',(215.,-101.5,1.51));
#1724 = LINE('',#1725,#1726);
#1725 = CARTESIAN_POINT('',(215.,-101.5,0.));
#1726 = VECTOR('',#1727,1.);
#1727 = DIRECTION('',(0.,0.,1.));
#1728 = ORIENTED_EDGE('',*,*,#1729,.T.);
#1729 = EDGE_CURVE('',#1722,#1730,#1732,.T.);
#1730 = VERTEX_POINT('',#1731);
#1731 = CARTESIAN_POINT('',(145.,-101.5,1.51));
#1732 = LINE('',#1733,#1734);
#1733 = CARTESIAN_POINT('',(215.,-101.5,1.51));
#1734 = VECTOR('',#1735,1.);
#1735 = DIRECTION('',(-1.,0.,0.));
#1736 = ORIENTED_EDGE('',*,*,#1737,.F.);
#1737 = EDGE_CURVE('',#1738,#1730,#1740,.T.);
#1738 = VERTEX_POINT('',#1739);
#1739 = CARTESIAN_POINT('',(145.,-101.5,0.));
#1740 = LINE('',#1741,#1742);
#1741 = CARTESIAN_POINT('',(145.,-101.5,0.));
#1742 = VECTOR('',#1743,1.);
#1743 = DIRECTION('',(0.,0.,1.));
#1744 = ORIENTED_EDGE('',*,*,#1745,.F.);
#1745 = EDGE_CURVE('',#1720,#1738,#1746,.T.);
#1746 = LINE('',#1747,#1748);
#1747 = CARTESIAN_POINT('',(215.,-101.5,0.));
#1748 = VECTOR('',#1749,1.);
#1749 = DIRECTION('',(-1.,0.,0.));
#1750 = PLANE('',#1751);
#1751 = AXIS2_PLACEMENT_3D('',#1752,#1753,#1754);
#1752 = CARTESIAN_POINT('',(215.,-101.5,0.));
#1753 = DIRECTION('',(0.,-1.,0.));
#1754 = DIRECTION('',(-1.,0.,0.));
#1755 = ADVANCED_FACE('',(#1756),#1781,.T.);
#1756 = FACE_BOUND('',#1757,.T.);
#1757 = EDGE_LOOP('',(#1758,#1768,#1774,#1775));
#1758 = ORIENTED_EDGE('',*,*,#1759,.T.);
#1759 = EDGE_CURVE('',#1760,#1762,#1764,.T.);
#1760 = VERTEX_POINT('',#1761);
#1761 = CARTESIAN_POINT('',(215.,-26.5,0.));
#1762 = VERTEX_POINT('',#1763);
#1763 = CARTESIAN_POINT('',(215.,-26.5,1.51));
#1764 = LINE('',#1765,#1766);
#1765 = CARTESIAN_POINT('',(215.,-26.5,0.));
#1766 = VECTOR('',#1767,1.);
#1767 = DIRECTION('',(0.,0.,1.));
#1768 = ORIENTED_EDGE('',*,*,#1769,.T.);
#1769 = EDGE_CURVE('',#1762,#1722,#1770,.T.);
#1770 = LINE('',#1771,#1772);
#1771 = CARTESIAN_POINT('',(215.,-26.5,1.51));
#1772 = VECTOR('',#1773,1.);
#1773 = DIRECTION('',(0.,-1.,0.));
#1774 = ORIENTED_EDGE('',*,*,#1719,.F.);
#1775 = ORIENTED_EDGE('',*,*,#1776,.F.);
#1776 = EDGE_CURVE('',#1760,#1720,#1777,.T.);
#1777 = LINE('',#1778,#1779);
#1778 = CARTESIAN_POINT('',(215.,-26.5,0.));
#1779 = VECTOR('',#1780,1.);
#1780 = DIRECTION('',(0.,-1.,0.));
#1781 = PLANE('',#1782);
#1782 = AXIS2_PLACEMENT_3D('',#1783,#1784,#1785);
#1783 = CARTESIAN_POINT('',(215.,-26.5,0.));
#1784 = DIRECTION('',(1.,0.,-0.));
#1785 = DIRECTION('',(0.,-1.,0.));
#1786 = ADVANCED_FACE('',(#1787),#1812,.T.);
#1787 = FACE_BOUND('',#1788,.T.);
#1788 = EDGE_LOOP('',(#1789,#1790,#1798,#1806));
#1789 = ORIENTED_EDGE('',*,*,#1737,.T.);
#1790 = ORIENTED_EDGE('',*,*,#1791,.T.);
#1791 = EDGE_CURVE('',#1730,#1792,#1794,.T.);
#1792 = VERTEX_POINT('',#1793);
#1793 = CARTESIAN_POINT('',(145.,-26.5,1.51));
#1794 = LINE('',#1795,#1796);
#1795 = CARTESIAN_POINT('',(145.,-101.5,1.51));
#1796 = VECTOR('',#1797,1.);
#1797 = DIRECTION('',(0.,1.,0.));
#1798 = ORIENTED_EDGE('',*,*,#1799,.F.);
#1799 = EDGE_CURVE('',#1800,#1792,#1802,.T.);
#1800 = VERTEX_POINT('',#1801);
#1801 = CARTESIAN_POINT('',(145.,-26.5,0.));
#1802 = LINE('',#1803,#1804);
#1803 = CARTESIAN_POINT('',(145.,-26.5,0.));
#1804 = VECTOR('',#1805,1.);
#1805 = DIRECTION('',(0.,0.,1.));
#1806 = ORIENTED_EDGE('',*,*,#1807,.F.);
#1807 = EDGE_CURVE('',#1738,#1800,#1808,.T.);
#1808 = LINE('',#1809,#1810);
#1809 = CARTESIAN_POINT('',(145.,-101.5,0.));
#1810 = VECTOR('',#1811,1.);
#1811 = DIRECTION('',(0.,1.,0.));
#1812 = PLANE('',#1813);
#1813 = AXIS2_PLACEMENT_3D('',#1814,#1815,#1816);
#1814 = CARTESIAN_POINT('',(145.,-101.5,0.));
#1815 = DIRECTION('',(-1.,0.,0.));
#1816 = DIRECTION('',(0.,1.,0.));
#1817 = ADVANCED_FACE('',(#1818,#1829,#2003,#2014,#2025,#2036,#2210,
    #2221,#2232,#2243,#2254,#2428,#2439,#2613,#2624,#2635,#2646,#2682,
    #2718,#2729,#2740,#2751,#2762,#2936,#2947,#2958,#2969,#2980,#2991,
    #3002,#3013,#3024,#3035,#3046,#3057,#3068,#3079,#3090,#3101,#3137,
    #3148,#3184,#3195,#3206,#3217,#3228,#3239,#3250,#3261,#3272,#3283,
    #3294,#3305,#3316,#3327,#3338,#3349,#3360),#3371,.F.);
#1818 = FACE_BOUND('',#1819,.F.);
#1819 = EDGE_LOOP('',(#1820,#1821,#1822,#1828));
#1820 = ORIENTED_EDGE('',*,*,#1745,.F.);
#1821 = ORIENTED_EDGE('',*,*,#1776,.F.);
#1822 = ORIENTED_EDGE('',*,*,#1823,.F.);
#1823 = EDGE_CURVE('',#1800,#1760,#1824,.T.);
#1824 = LINE('',#1825,#1826);
#1825 = CARTESIAN_POINT('',(145.,-26.5,0.));
#1826 = VECTOR('',#1827,1.);
#1827 = DIRECTION('',(1.,0.,0.));
#1828 = ORIENTED_EDGE('',*,*,#1807,.F.);
#1829 = FACE_BOUND('',#1830,.F.);
#1830 = EDGE_LOOP('',(#1831,#1842,#1851,#1859,#1867,#1876,#1885,#1894,
    #1902,#1910,#1919,#1928,#1937,#1945,#1953,#1962,#1971,#1980,#1988,
    #1996));
#1831 = ORIENTED_EDGE('',*,*,#1832,.F.);
#1832 = EDGE_CURVE('',#1833,#1835,#1837,.T.);
#1833 = VERTEX_POINT('',#1834);
#1834 = CARTESIAN_POINT('',(158.743934,-96.143345,0.));
#1835 = VERTEX_POINT('',#1836);
#1836 = CARTESIAN_POINT('',(158.056655,-95.456066,0.));
#1837 = CIRCLE('',#1838,0.499999603944);
#1838 = AXIS2_PLACEMENT_3D('',#1839,#1840,#1841);
#1839 = CARTESIAN_POINT('',(158.31715788946,-95.88284211054,0.));
#1840 = DIRECTION('',(0.,0.,1.));
#1841 = DIRECTION('',(0.853552897188,-0.521006191616,0.));
#1842 = ORIENTED_EDGE('',*,*,#1843,.F.);
#1843 = EDGE_CURVE('',#1844,#1833,#1846,.T.);
#1844 = VERTEX_POINT('',#1845);
#1845 = CARTESIAN_POINT('',(158.7,-96.299647,0.));
#1846 = CIRCLE('',#1847,0.299998582342);
#1847 = AXIS2_PLACEMENT_3D('',#1848,#1849,#1850);
#1848 = CARTESIAN_POINT('',(158.99999858234,-96.29964624464,0.));
#1849 = DIRECTION('',(0.,0.,-1.));
#1850 = DIRECTION('',(-0.999999999997,-2.517860820172E-06,-0.));
#1851 = ORIENTED_EDGE('',*,*,#1852,.F.);
#1852 = EDGE_CURVE('',#1853,#1844,#1855,.T.);
#1853 = VERTEX_POINT('',#1854);
#1854 = CARTESIAN_POINT('',(158.7,-97.,0.));
#1855 = LINE('',#1856,#1857);
#1856 = CARTESIAN_POINT('',(158.7,-97.,0.));
#1857 = VECTOR('',#1858,1.);
#1858 = DIRECTION('',(0.,1.,0.));
#1859 = ORIENTED_EDGE('',*,*,#1860,.F.);
#1860 = EDGE_CURVE('',#1861,#1853,#1863,.T.);
#1861 = VERTEX_POINT('',#1862);
#1862 = CARTESIAN_POINT('',(158.7,-97.700353,0.));
#1863 = LINE('',#1864,#1865);
#1864 = CARTESIAN_POINT('',(158.7,-97.700353,0.));
#1865 = VECTOR('',#1866,1.);
#1866 = DIRECTION('',(0.,1.,0.));
#1867 = ORIENTED_EDGE('',*,*,#1868,.F.);
#1868 = EDGE_CURVE('',#1869,#1861,#1871,.T.);
#1869 = VERTEX_POINT('',#1870);
#1870 = CARTESIAN_POINT('',(158.743934,-97.856655,0.));
#1871 = CIRCLE('',#1872,0.299998582342);
#1872 = AXIS2_PLACEMENT_3D('',#1873,#1874,#1875);
#1873 = CARTESIAN_POINT('',(158.99999858234,-97.70035375535,0.));
#1874 = DIRECTION('',(0.,0.,-1.));
#1875 = DIRECTION('',(-0.853552641289,-0.521006610849,-0.));
#1876 = ORIENTED_EDGE('',*,*,#1877,.F.);
#1877 = EDGE_CURVE('',#1878,#1869,#1880,.T.);
#1878 = VERTEX_POINT('',#1879);
#1879 = CARTESIAN_POINT('',(158.056655,-98.543934,0.));
#1880 = CIRCLE('',#1881,0.499999603944);
#1881 = AXIS2_PLACEMENT_3D('',#1882,#1883,#1884);
#1882 = CARTESIAN_POINT('',(158.31715788946,-98.11715788946,0.));
#1883 = DIRECTION('',(0.,0.,1.));
#1884 = DIRECTION('',(-0.521006191616,-0.853552897188,0.));
#1885 = ORIENTED_EDGE('',*,*,#1886,.F.);
#1886 = EDGE_CURVE('',#1887,#1878,#1889,.T.);
#1887 = VERTEX_POINT('',#1888);
#1888 = CARTESIAN_POINT('',(157.900353,-98.5,0.));
#1889 = CIRCLE('',#1890,0.299998582341);
#1890 = AXIS2_PLACEMENT_3D('',#1891,#1892,#1893);
#1891 = CARTESIAN_POINT('',(157.90035375535,-98.79999858234,0.));
#1892 = DIRECTION('',(0.,0.,-1.));
#1893 = DIRECTION('',(-2.517861388613E-06,0.999999999997,0.));
#1894 = ORIENTED_EDGE('',*,*,#1895,.F.);
#1895 = EDGE_CURVE('',#1896,#1887,#1898,.T.);
#1896 = VERTEX_POINT('',#1897);
#1897 = CARTESIAN_POINT('',(157.,-98.5,0.));
#1898 = LINE('',#1899,#1900);
#1899 = CARTESIAN_POINT('',(157.,-98.5,0.));
#1900 = VECTOR('',#1901,1.);
#1901 = DIRECTION('',(1.,0.,0.));
#1902 = ORIENTED_EDGE('',*,*,#1903,.F.);
#1903 = EDGE_CURVE('',#1904,#1896,#1906,.T.);
#1904 = VERTEX_POINT('',#1905);
#1905 = CARTESIAN_POINT('',(156.099647,-98.5,0.));
#1906 = LINE('',#1907,#1908);
#1907 = CARTESIAN_POINT('',(156.099647,-98.5,0.));
#1908 = VECTOR('',#1909,1.);
#1909 = DIRECTION('',(1.,0.,0.));
#1910 = ORIENTED_EDGE('',*,*,#1911,.F.);
#1911 = EDGE_CURVE('',#1912,#1904,#1914,.T.);
#1912 = VERTEX_POINT('',#1913);
#1913 = CARTESIAN_POINT('',(155.943345,-98.543934,0.));
#1914 = CIRCLE('',#1915,0.299998582341);
#1915 = AXIS2_PLACEMENT_3D('',#1916,#1917,#1918);
#1916 = CARTESIAN_POINT('',(156.09964624464,-98.79999858234,0.));
#1917 = DIRECTION('',(0.,0.,-1.));
#1918 = DIRECTION('',(-0.52100661085,0.853552641289,0.));
#1919 = ORIENTED_EDGE('',*,*,#1920,.F.);
#1920 = EDGE_CURVE('',#1921,#1912,#1923,.T.);
#1921 = VERTEX_POINT('',#1922);
#1922 = CARTESIAN_POINT('',(155.256066,-97.856655,0.));
#1923 = CIRCLE('',#1924,0.499999603944);
#1924 = AXIS2_PLACEMENT_3D('',#1925,#1926,#1927);
#1925 = CARTESIAN_POINT('',(155.68284211054,-98.11715788946,0.));
#1926 = DIRECTION('',(0.,0.,1.));
#1927 = DIRECTION('',(-0.853552897188,0.521006191616,0.));
#1928 = ORIENTED_EDGE('',*,*,#1929,.F.);
#1929 = EDGE_CURVE('',#1930,#1921,#1932,.T.);
#1930 = VERTEX_POINT('',#1931);
#1931 = CARTESIAN_POINT('',(155.3,-97.700353,0.));
#1932 = CIRCLE('',#1933,0.299998582342);
#1933 = AXIS2_PLACEMENT_3D('',#1934,#1935,#1936);
#1934 = CARTESIAN_POINT('',(155.00000141765,-97.70035375535,0.));
#1935 = DIRECTION('',(0.,0.,-1.));
#1936 = DIRECTION('',(0.999999999997,2.517860820172E-06,0.));
#1937 = ORIENTED_EDGE('',*,*,#1938,.F.);
#1938 = EDGE_CURVE('',#1939,#1930,#1941,.T.);
#1939 = VERTEX_POINT('',#1940);
#1940 = CARTESIAN_POINT('',(155.3,-97.,0.));
#1941 = LINE('',#1942,#1943);
#1942 = CARTESIAN_POINT('',(155.3,-97.,0.));
#1943 = VECTOR('',#1944,1.);
#1944 = DIRECTION('',(0.,-1.,0.));
#1945 = ORIENTED_EDGE('',*,*,#1946,.F.);
#1946 = EDGE_CURVE('',#1947,#1939,#1949,.T.);
#1947 = VERTEX_POINT('',#1948);
#1948 = CARTESIAN_POINT('',(155.3,-96.299647,0.));
#1949 = LINE('',#1950,#1951);
#1950 = CARTESIAN_POINT('',(155.3,-96.299647,0.));
#1951 = VECTOR('',#1952,1.);
#1952 = DIRECTION('',(0.,-1.,0.));
#1953 = ORIENTED_EDGE('',*,*,#1954,.F.);
#1954 = EDGE_CURVE('',#1955,#1947,#1957,.T.);
#1955 = VERTEX_POINT('',#1956);
#1956 = CARTESIAN_POINT('',(155.256066,-96.143345,0.));
#1957 = CIRCLE('',#1958,0.299998582342);
#1958 = AXIS2_PLACEMENT_3D('',#1959,#1960,#1961);
#1959 = CARTESIAN_POINT('',(155.00000141765,-96.29964624464,0.));
#1960 = DIRECTION('',(0.,0.,-1.));
#1961 = DIRECTION('',(0.853552641289,0.521006610849,0.));
#1962 = ORIENTED_EDGE('',*,*,#1963,.F.);
#1963 = EDGE_CURVE('',#1964,#1955,#1966,.T.);
#1964 = VERTEX_POINT('',#1965);
#1965 = CARTESIAN_POINT('',(155.943345,-95.456066,0.));
#1966 = CIRCLE('',#1967,0.499999603944);
#1967 = AXIS2_PLACEMENT_3D('',#1968,#1969,#1970);
#1968 = CARTESIAN_POINT('',(155.68284211054,-95.88284211054,0.));
#1969 = DIRECTION('',(0.,0.,1.));
#1970 = DIRECTION('',(0.521006191616,0.853552897188,-0.));
#1971 = ORIENTED_EDGE('',*,*,#1972,.F.);
#1972 = EDGE_CURVE('',#1973,#1964,#1975,.T.);
#1973 = VERTEX_POINT('',#1974);
#1974 = CARTESIAN_POINT('',(156.099647,-95.5,0.));
#1975 = CIRCLE('',#1976,0.299998582341);
#1976 = AXIS2_PLACEMENT_3D('',#1977,#1978,#1979);
#1977 = CARTESIAN_POINT('',(156.09964624464,-95.20000141766,0.));
#1978 = DIRECTION('',(0.,0.,-1.));
#1979 = DIRECTION('',(2.517861388613E-06,-0.999999999997,0.));
#1980 = ORIENTED_EDGE('',*,*,#1981,.F.);
#1981 = EDGE_CURVE('',#1982,#1973,#1984,.T.);
#1982 = VERTEX_POINT('',#1983);
#1983 = CARTESIAN_POINT('',(157.,-95.5,0.));
#1984 = LINE('',#1985,#1986);
#1985 = CARTESIAN_POINT('',(157.,-95.5,0.));
#1986 = VECTOR('',#1987,1.);
#1987 = DIRECTION('',(-1.,0.,0.));
#1988 = ORIENTED_EDGE('',*,*,#1989,.F.);
#1989 = EDGE_CURVE('',#1990,#1982,#1992,.T.);
#1990 = VERTEX_POINT('',#1991);
#1991 = CARTESIAN_POINT('',(157.900353,-95.5,0.));
#1992 = LINE('',#1993,#1994);
#1993 = CARTESIAN_POINT('',(157.900353,-95.5,0.));
#1994 = VECTOR('',#1995,1.);
#1995 = DIRECTION('',(-1.,0.,0.));
#1996 = ORIENTED_EDGE('',*,*,#1997,.F.);
#1997 = EDGE_CURVE('',#1835,#1990,#1998,.T.);
#1998 = CIRCLE('',#1999,0.299998582341);
#1999 = AXIS2_PLACEMENT_3D('',#2000,#2001,#2002);
#2000 = CARTESIAN_POINT('',(157.90035375535,-95.20000141766,0.));
#2001 = DIRECTION('',(0.,0.,-1.));
#2002 = DIRECTION('',(0.52100661085,-0.853552641289,0.));
#2003 = FACE_BOUND('',#2004,.F.);
#2004 = EDGE_LOOP('',(#2005));
#2005 = ORIENTED_EDGE('',*,*,#2006,.T.);
#2006 = EDGE_CURVE('',#2007,#2007,#2009,.T.);
#2007 = VERTEX_POINT('',#2008);
#2008 = CARTESIAN_POINT('',(152.92,-84.35,0.));
#2009 = CIRCLE('',#2010,0.85);
#2010 = AXIS2_PLACEMENT_3D('',#2011,#2012,#2013);
#2011 = CARTESIAN_POINT('',(152.92,-83.5,0.));
#2012 = DIRECTION('',(-0.,0.,-1.));
#2013 = DIRECTION('',(-3.343730521224E-14,-1.,0.));
#2014 = FACE_BOUND('',#2015,.F.);
#2015 = EDGE_LOOP('',(#2016));
#2016 = ORIENTED_EDGE('',*,*,#2017,.T.);
#2017 = EDGE_CURVE('',#2018,#2018,#2020,.T.);
#2018 = VERTEX_POINT('',#2019);
#2019 = CARTESIAN_POINT('',(158.,-85.5,0.));
#2020 = CIRCLE('',#2021,2.);
#2021 = AXIS2_PLACEMENT_3D('',#2022,#2023,#2024);
#2022 = CARTESIAN_POINT('',(158.,-83.5,0.));
#2023 = DIRECTION('',(-0.,0.,-1.));
#2024 = DIRECTION('',(-0.,-1.,0.));
#2025 = FACE_BOUND('',#2026,.F.);
#2026 = EDGE_LOOP('',(#2027));
#2027 = ORIENTED_EDGE('',*,*,#2028,.T.);
#2028 = EDGE_CURVE('',#2029,#2029,#2031,.T.);
#2029 = VERTEX_POINT('',#2030);
#2030 = CARTESIAN_POINT('',(163.08,-84.35,0.));
#2031 = CIRCLE('',#2032,0.85);
#2032 = AXIS2_PLACEMENT_3D('',#2033,#2034,#2035);
#2033 = CARTESIAN_POINT('',(163.08,-83.5,0.));
#2034 = DIRECTION('',(-0.,0.,-1.));
#2035 = DIRECTION('',(3.343730521224E-14,-1.,-0.));
#2036 = FACE_BOUND('',#2037,.F.);
#2037 = EDGE_LOOP('',(#2038,#2049,#2058,#2066,#2074,#2083,#2092,#2101,
    #2109,#2117,#2126,#2135,#2144,#2152,#2160,#2169,#2178,#2187,#2195,
    #2203));
#2038 = ORIENTED_EDGE('',*,*,#2039,.F.);
#2039 = EDGE_CURVE('',#2040,#2042,#2044,.T.);
#2040 = VERTEX_POINT('',#2041);
#2041 = CARTESIAN_POINT('',(178.743934,-96.143345,0.));
#2042 = VERTEX_POINT('',#2043);
#2043 = CARTESIAN_POINT('',(178.056655,-95.456066,0.));
#2044 = CIRCLE('',#2045,0.499999603944);
#2045 = AXIS2_PLACEMENT_3D('',#2046,#2047,#2048);
#2046 = CARTESIAN_POINT('',(178.31715788946,-95.88284211054,0.));
#2047 = DIRECTION('',(0.,0.,1.));
#2048 = DIRECTION('',(0.853552897188,-0.521006191616,0.));
#2049 = ORIENTED_EDGE('',*,*,#2050,.F.);
#2050 = EDGE_CURVE('',#2051,#2040,#2053,.T.);
#2051 = VERTEX_POINT('',#2052);
#2052 = CARTESIAN_POINT('',(178.7,-96.299647,0.));
#2053 = CIRCLE('',#2054,0.299998582342);
#2054 = AXIS2_PLACEMENT_3D('',#2055,#2056,#2057);
#2055 = CARTESIAN_POINT('',(178.99999858234,-96.29964624464,0.));
#2056 = DIRECTION('',(0.,0.,-1.));
#2057 = DIRECTION('',(-0.999999999997,-2.517860820172E-06,-0.));
#2058 = ORIENTED_EDGE('',*,*,#2059,.F.);
#2059 = EDGE_CURVE('',#2060,#2051,#2062,.T.);
#2060 = VERTEX_POINT('',#2061);
#2061 = CARTESIAN_POINT('',(178.7,-97.,0.));
#2062 = LINE('',#2063,#2064);
#2063 = CARTESIAN_POINT('',(178.7,-97.,0.));
#2064 = VECTOR('',#2065,1.);
#2065 = DIRECTION('',(0.,1.,0.));
#2066 = ORIENTED_EDGE('',*,*,#2067,.F.);
#2067 = EDGE_CURVE('',#2068,#2060,#2070,.T.);
#2068 = VERTEX_POINT('',#2069);
#2069 = CARTESIAN_POINT('',(178.7,-97.700353,0.));
#2070 = LINE('',#2071,#2072);
#2071 = CARTESIAN_POINT('',(178.7,-97.700353,0.));
#2072 = VECTOR('',#2073,1.);
#2073 = DIRECTION('',(0.,1.,0.));
#2074 = ORIENTED_EDGE('',*,*,#2075,.F.);
#2075 = EDGE_CURVE('',#2076,#2068,#2078,.T.);
#2076 = VERTEX_POINT('',#2077);
#2077 = CARTESIAN_POINT('',(178.743934,-97.856655,0.));
#2078 = CIRCLE('',#2079,0.299998582342);
#2079 = AXIS2_PLACEMENT_3D('',#2080,#2081,#2082);
#2080 = CARTESIAN_POINT('',(178.99999858234,-97.70035375535,0.));
#2081 = DIRECTION('',(0.,0.,-1.));
#2082 = DIRECTION('',(-0.853552641289,-0.521006610849,-0.));
#2083 = ORIENTED_EDGE('',*,*,#2084,.F.);
#2084 = EDGE_CURVE('',#2085,#2076,#2087,.T.);
#2085 = VERTEX_POINT('',#2086);
#2086 = CARTESIAN_POINT('',(178.056655,-98.543934,0.));
#2087 = CIRCLE('',#2088,0.499999603944);
#2088 = AXIS2_PLACEMENT_3D('',#2089,#2090,#2091);
#2089 = CARTESIAN_POINT('',(178.31715788946,-98.11715788946,0.));
#2090 = DIRECTION('',(0.,0.,1.));
#2091 = DIRECTION('',(-0.521006191616,-0.853552897188,0.));
#2092 = ORIENTED_EDGE('',*,*,#2093,.F.);
#2093 = EDGE_CURVE('',#2094,#2085,#2096,.T.);
#2094 = VERTEX_POINT('',#2095);
#2095 = CARTESIAN_POINT('',(177.900353,-98.5,0.));
#2096 = CIRCLE('',#2097,0.299998582341);
#2097 = AXIS2_PLACEMENT_3D('',#2098,#2099,#2100);
#2098 = CARTESIAN_POINT('',(177.90035375535,-98.79999858234,0.));
#2099 = DIRECTION('',(0.,0.,-1.));
#2100 = DIRECTION('',(-2.517861388613E-06,0.999999999997,0.));
#2101 = ORIENTED_EDGE('',*,*,#2102,.F.);
#2102 = EDGE_CURVE('',#2103,#2094,#2105,.T.);
#2103 = VERTEX_POINT('',#2104);
#2104 = CARTESIAN_POINT('',(177.,-98.5,0.));
#2105 = LINE('',#2106,#2107);
#2106 = CARTESIAN_POINT('',(177.,-98.5,0.));
#2107 = VECTOR('',#2108,1.);
#2108 = DIRECTION('',(1.,0.,0.));
#2109 = ORIENTED_EDGE('',*,*,#2110,.F.);
#2110 = EDGE_CURVE('',#2111,#2103,#2113,.T.);
#2111 = VERTEX_POINT('',#2112);
#2112 = CARTESIAN_POINT('',(176.099647,-98.5,0.));
#2113 = LINE('',#2114,#2115);
#2114 = CARTESIAN_POINT('',(176.099647,-98.5,0.));
#2115 = VECTOR('',#2116,1.);
#2116 = DIRECTION('',(1.,0.,0.));
#2117 = ORIENTED_EDGE('',*,*,#2118,.F.);
#2118 = EDGE_CURVE('',#2119,#2111,#2121,.T.);
#2119 = VERTEX_POINT('',#2120);
#2120 = CARTESIAN_POINT('',(175.943345,-98.543934,0.));
#2121 = CIRCLE('',#2122,0.299998582341);
#2122 = AXIS2_PLACEMENT_3D('',#2123,#2124,#2125);
#2123 = CARTESIAN_POINT('',(176.09964624464,-98.79999858234,0.));
#2124 = DIRECTION('',(0.,0.,-1.));
#2125 = DIRECTION('',(-0.52100661085,0.853552641289,0.));
#2126 = ORIENTED_EDGE('',*,*,#2127,.F.);
#2127 = EDGE_CURVE('',#2128,#2119,#2130,.T.);
#2128 = VERTEX_POINT('',#2129);
#2129 = CARTESIAN_POINT('',(175.256066,-97.856655,0.));
#2130 = CIRCLE('',#2131,0.499999603944);
#2131 = AXIS2_PLACEMENT_3D('',#2132,#2133,#2134);
#2132 = CARTESIAN_POINT('',(175.68284211054,-98.11715788946,0.));
#2133 = DIRECTION('',(0.,0.,1.));
#2134 = DIRECTION('',(-0.853552897188,0.521006191616,0.));
#2135 = ORIENTED_EDGE('',*,*,#2136,.F.);
#2136 = EDGE_CURVE('',#2137,#2128,#2139,.T.);
#2137 = VERTEX_POINT('',#2138);
#2138 = CARTESIAN_POINT('',(175.3,-97.700353,0.));
#2139 = CIRCLE('',#2140,0.299998582342);
#2140 = AXIS2_PLACEMENT_3D('',#2141,#2142,#2143);
#2141 = CARTESIAN_POINT('',(175.00000141765,-97.70035375535,0.));
#2142 = DIRECTION('',(0.,0.,-1.));
#2143 = DIRECTION('',(0.999999999997,2.517860820172E-06,0.));
#2144 = ORIENTED_EDGE('',*,*,#2145,.F.);
#2145 = EDGE_CURVE('',#2146,#2137,#2148,.T.);
#2146 = VERTEX_POINT('',#2147);
#2147 = CARTESIAN_POINT('',(175.3,-97.,0.));
#2148 = LINE('',#2149,#2150);
#2149 = CARTESIAN_POINT('',(175.3,-97.,0.));
#2150 = VECTOR('',#2151,1.);
#2151 = DIRECTION('',(0.,-1.,0.));
#2152 = ORIENTED_EDGE('',*,*,#2153,.F.);
#2153 = EDGE_CURVE('',#2154,#2146,#2156,.T.);
#2154 = VERTEX_POINT('',#2155);
#2155 = CARTESIAN_POINT('',(175.3,-96.299647,0.));
#2156 = LINE('',#2157,#2158);
#2157 = CARTESIAN_POINT('',(175.3,-96.299647,0.));
#2158 = VECTOR('',#2159,1.);
#2159 = DIRECTION('',(0.,-1.,0.));
#2160 = ORIENTED_EDGE('',*,*,#2161,.F.);
#2161 = EDGE_CURVE('',#2162,#2154,#2164,.T.);
#2162 = VERTEX_POINT('',#2163);
#2163 = CARTESIAN_POINT('',(175.256066,-96.143345,0.));
#2164 = CIRCLE('',#2165,0.299998582342);
#2165 = AXIS2_PLACEMENT_3D('',#2166,#2167,#2168);
#2166 = CARTESIAN_POINT('',(175.00000141765,-96.29964624464,0.));
#2167 = DIRECTION('',(0.,0.,-1.));
#2168 = DIRECTION('',(0.853552641289,0.521006610849,0.));
#2169 = ORIENTED_EDGE('',*,*,#2170,.F.);
#2170 = EDGE_CURVE('',#2171,#2162,#2173,.T.);
#2171 = VERTEX_POINT('',#2172);
#2172 = CARTESIAN_POINT('',(175.943345,-95.456066,0.));
#2173 = CIRCLE('',#2174,0.499999603944);
#2174 = AXIS2_PLACEMENT_3D('',#2175,#2176,#2177);
#2175 = CARTESIAN_POINT('',(175.68284211054,-95.88284211054,0.));
#2176 = DIRECTION('',(0.,0.,1.));
#2177 = DIRECTION('',(0.521006191616,0.853552897188,-0.));
#2178 = ORIENTED_EDGE('',*,*,#2179,.F.);
#2179 = EDGE_CURVE('',#2180,#2171,#2182,.T.);
#2180 = VERTEX_POINT('',#2181);
#2181 = CARTESIAN_POINT('',(176.099647,-95.5,0.));
#2182 = CIRCLE('',#2183,0.299998582341);
#2183 = AXIS2_PLACEMENT_3D('',#2184,#2185,#2186);
#2184 = CARTESIAN_POINT('',(176.09964624464,-95.20000141766,0.));
#2185 = DIRECTION('',(0.,0.,-1.));
#2186 = DIRECTION('',(2.517861388613E-06,-0.999999999997,0.));
#2187 = ORIENTED_EDGE('',*,*,#2188,.F.);
#2188 = EDGE_CURVE('',#2189,#2180,#2191,.T.);
#2189 = VERTEX_POINT('',#2190);
#2190 = CARTESIAN_POINT('',(177.,-95.5,0.));
#2191 = LINE('',#2192,#2193);
#2192 = CARTESIAN_POINT('',(177.,-95.5,0.));
#2193 = VECTOR('',#2194,1.);
#2194 = DIRECTION('',(-1.,0.,0.));
#2195 = ORIENTED_EDGE('',*,*,#2196,.F.);
#2196 = EDGE_CURVE('',#2197,#2189,#2199,.T.);
#2197 = VERTEX_POINT('',#2198);
#2198 = CARTESIAN_POINT('',(177.900353,-95.5,0.));
#2199 = LINE('',#2200,#2201);
#2200 = CARTESIAN_POINT('',(177.900353,-95.5,0.));
#2201 = VECTOR('',#2202,1.);
#2202 = DIRECTION('',(-1.,0.,0.));
#2203 = ORIENTED_EDGE('',*,*,#2204,.F.);
#2204 = EDGE_CURVE('',#2042,#2197,#2205,.T.);
#2205 = CIRCLE('',#2206,0.299998582341);
#2206 = AXIS2_PLACEMENT_3D('',#2207,#2208,#2209);
#2207 = CARTESIAN_POINT('',(177.90035375535,-95.20000141766,0.));
#2208 = DIRECTION('',(0.,0.,-1.));
#2209 = DIRECTION('',(0.52100661085,-0.853552641289,0.));
#2210 = FACE_BOUND('',#2211,.F.);
#2211 = EDGE_LOOP('',(#2212));
#2212 = ORIENTED_EDGE('',*,*,#2213,.T.);
#2213 = EDGE_CURVE('',#2214,#2214,#2216,.T.);
#2214 = VERTEX_POINT('',#2215);
#2215 = CARTESIAN_POINT('',(172.,-84.35,0.));
#2216 = CIRCLE('',#2217,0.85);
#2217 = AXIS2_PLACEMENT_3D('',#2218,#2219,#2220);
#2218 = CARTESIAN_POINT('',(172.,-83.5,0.));
#2219 = DIRECTION('',(-0.,0.,-1.));
#2220 = DIRECTION('',(-0.,-1.,0.));
#2221 = FACE_BOUND('',#2222,.F.);
#2222 = EDGE_LOOP('',(#2223));
#2223 = ORIENTED_EDGE('',*,*,#2224,.T.);
#2224 = EDGE_CURVE('',#2225,#2225,#2227,.T.);
#2225 = VERTEX_POINT('',#2226);
#2226 = CARTESIAN_POINT('',(177.08,-85.5,0.));
#2227 = CIRCLE('',#2228,2.);
#2228 = AXIS2_PLACEMENT_3D('',#2229,#2230,#2231);
#2229 = CARTESIAN_POINT('',(177.08,-83.5,0.));
#2230 = DIRECTION('',(-0.,0.,-1.));
#2231 = DIRECTION('',(-0.,-1.,0.));
#2232 = FACE_BOUND('',#2233,.F.);
#2233 = EDGE_LOOP('',(#2234));
#2234 = ORIENTED_EDGE('',*,*,#2235,.T.);
#2235 = EDGE_CURVE('',#2236,#2236,#2238,.T.);
#2236 = VERTEX_POINT('',#2237);
#2237 = CARTESIAN_POINT('',(154.19,-81.71,0.));
#2238 = CIRCLE('',#2239,0.75);
#2239 = AXIS2_PLACEMENT_3D('',#2240,#2241,#2242);
#2240 = CARTESIAN_POINT('',(154.19,-80.96,0.));
#2241 = DIRECTION('',(-0.,0.,-1.));
#2242 = DIRECTION('',(-0.,-1.,0.));
#2243 = FACE_BOUND('',#2244,.F.);
#2244 = EDGE_LOOP('',(#2245));
#2245 = ORIENTED_EDGE('',*,*,#2246,.T.);
#2246 = EDGE_CURVE('',#2247,#2247,#2249,.T.);
#2247 = VERTEX_POINT('',#2248);
#2248 = CARTESIAN_POINT('',(160.54,-79.17,0.));
#2249 = CIRCLE('',#2250,0.75);
#2250 = AXIS2_PLACEMENT_3D('',#2251,#2252,#2253);
#2251 = CARTESIAN_POINT('',(160.54,-78.42,0.));
#2252 = DIRECTION('',(-0.,0.,-1.));
#2253 = DIRECTION('',(-0.,-1.,0.));
#2254 = FACE_BOUND('',#2255,.F.);
#2255 = EDGE_LOOP('',(#2256,#2267,#2276,#2284,#2292,#2301,#2310,#2319,
    #2327,#2335,#2344,#2353,#2362,#2370,#2378,#2387,#2396,#2405,#2413,
    #2421));
#2256 = ORIENTED_EDGE('',*,*,#2257,.F.);
#2257 = EDGE_CURVE('',#2258,#2260,#2262,.T.);
#2258 = VERTEX_POINT('',#2259);
#2259 = CARTESIAN_POINT('',(158.243934,-70.143345,0.));
#2260 = VERTEX_POINT('',#2261);
#2261 = CARTESIAN_POINT('',(157.556655,-69.456066,0.));
#2262 = CIRCLE('',#2263,0.499999603944);
#2263 = AXIS2_PLACEMENT_3D('',#2264,#2265,#2266);
#2264 = CARTESIAN_POINT('',(157.81715788946,-69.88284211054,0.));
#2265 = DIRECTION('',(0.,0.,1.));
#2266 = DIRECTION('',(0.853552897188,-0.521006191616,0.));
#2267 = ORIENTED_EDGE('',*,*,#2268,.F.);
#2268 = EDGE_CURVE('',#2269,#2258,#2271,.T.);
#2269 = VERTEX_POINT('',#2270);
#2270 = CARTESIAN_POINT('',(158.2,-70.299647,0.));
#2271 = CIRCLE('',#2272,0.299998582342);
#2272 = AXIS2_PLACEMENT_3D('',#2273,#2274,#2275);
#2273 = CARTESIAN_POINT('',(158.49999858234,-70.29964624464,0.));
#2274 = DIRECTION('',(0.,0.,-1.));
#2275 = DIRECTION('',(-0.999999999997,-2.517860820172E-06,-0.));
#2276 = ORIENTED_EDGE('',*,*,#2277,.F.);
#2277 = EDGE_CURVE('',#2278,#2269,#2280,.T.);
#2278 = VERTEX_POINT('',#2279);
#2279 = CARTESIAN_POINT('',(158.2,-71.,0.));
#2280 = LINE('',#2281,#2282);
#2281 = CARTESIAN_POINT('',(158.2,-71.,0.));
#2282 = VECTOR('',#2283,1.);
#2283 = DIRECTION('',(0.,1.,0.));
#2284 = ORIENTED_EDGE('',*,*,#2285,.F.);
#2285 = EDGE_CURVE('',#2286,#2278,#2288,.T.);
#2286 = VERTEX_POINT('',#2287);
#2287 = CARTESIAN_POINT('',(158.2,-71.700353,0.));
#2288 = LINE('',#2289,#2290);
#2289 = CARTESIAN_POINT('',(158.2,-71.700353,0.));
#2290 = VECTOR('',#2291,1.);
#2291 = DIRECTION('',(0.,1.,0.));
#2292 = ORIENTED_EDGE('',*,*,#2293,.F.);
#2293 = EDGE_CURVE('',#2294,#2286,#2296,.T.);
#2294 = VERTEX_POINT('',#2295);
#2295 = CARTESIAN_POINT('',(158.243934,-71.856655,0.));
#2296 = CIRCLE('',#2297,0.299998582342);
#2297 = AXIS2_PLACEMENT_3D('',#2298,#2299,#2300);
#2298 = CARTESIAN_POINT('',(158.49999858234,-71.70035375535,0.));
#2299 = DIRECTION('',(0.,0.,-1.));
#2300 = DIRECTION('',(-0.853552641289,-0.521006610849,-0.));
#2301 = ORIENTED_EDGE('',*,*,#2302,.F.);
#2302 = EDGE_CURVE('',#2303,#2294,#2305,.T.);
#2303 = VERTEX_POINT('',#2304);
#2304 = CARTESIAN_POINT('',(157.556655,-72.543934,0.));
#2305 = CIRCLE('',#2306,0.499999603944);
#2306 = AXIS2_PLACEMENT_3D('',#2307,#2308,#2309);
#2307 = CARTESIAN_POINT('',(157.81715788946,-72.11715788946,0.));
#2308 = DIRECTION('',(0.,0.,1.));
#2309 = DIRECTION('',(-0.521006191616,-0.853552897188,0.));
#2310 = ORIENTED_EDGE('',*,*,#2311,.F.);
#2311 = EDGE_CURVE('',#2312,#2303,#2314,.T.);
#2312 = VERTEX_POINT('',#2313);
#2313 = CARTESIAN_POINT('',(157.400353,-72.5,0.));
#2314 = CIRCLE('',#2315,0.299998582341);
#2315 = AXIS2_PLACEMENT_3D('',#2316,#2317,#2318);
#2316 = CARTESIAN_POINT('',(157.40035375535,-72.79999858234,0.));
#2317 = DIRECTION('',(0.,0.,-1.));
#2318 = DIRECTION('',(-2.517861388613E-06,0.999999999997,0.));
#2319 = ORIENTED_EDGE('',*,*,#2320,.F.);
#2320 = EDGE_CURVE('',#2321,#2312,#2323,.T.);
#2321 = VERTEX_POINT('',#2322);
#2322 = CARTESIAN_POINT('',(156.5,-72.5,0.));
#2323 = LINE('',#2324,#2325);
#2324 = CARTESIAN_POINT('',(156.5,-72.5,0.));
#2325 = VECTOR('',#2326,1.);
#2326 = DIRECTION('',(1.,0.,0.));
#2327 = ORIENTED_EDGE('',*,*,#2328,.F.);
#2328 = EDGE_CURVE('',#2329,#2321,#2331,.T.);
#2329 = VERTEX_POINT('',#2330);
#2330 = CARTESIAN_POINT('',(155.599647,-72.5,0.));
#2331 = LINE('',#2332,#2333);
#2332 = CARTESIAN_POINT('',(155.599647,-72.5,0.));
#2333 = VECTOR('',#2334,1.);
#2334 = DIRECTION('',(1.,0.,0.));
#2335 = ORIENTED_EDGE('',*,*,#2336,.F.);
#2336 = EDGE_CURVE('',#2337,#2329,#2339,.T.);
#2337 = VERTEX_POINT('',#2338);
#2338 = CARTESIAN_POINT('',(155.443345,-72.543934,0.));
#2339 = CIRCLE('',#2340,0.299998582341);
#2340 = AXIS2_PLACEMENT_3D('',#2341,#2342,#2343);
#2341 = CARTESIAN_POINT('',(155.59964624464,-72.79999858234,0.));
#2342 = DIRECTION('',(0.,0.,-1.));
#2343 = DIRECTION('',(-0.52100661085,0.853552641289,0.));
#2344 = ORIENTED_EDGE('',*,*,#2345,.F.);
#2345 = EDGE_CURVE('',#2346,#2337,#2348,.T.);
#2346 = VERTEX_POINT('',#2347);
#2347 = CARTESIAN_POINT('',(154.756066,-71.856655,0.));
#2348 = CIRCLE('',#2349,0.499999603944);
#2349 = AXIS2_PLACEMENT_3D('',#2350,#2351,#2352);
#2350 = CARTESIAN_POINT('',(155.18284211054,-72.11715788946,0.));
#2351 = DIRECTION('',(0.,0.,1.));
#2352 = DIRECTION('',(-0.853552897188,0.521006191616,0.));
#2353 = ORIENTED_EDGE('',*,*,#2354,.F.);
#2354 = EDGE_CURVE('',#2355,#2346,#2357,.T.);
#2355 = VERTEX_POINT('',#2356);
#2356 = CARTESIAN_POINT('',(154.8,-71.700353,0.));
#2357 = CIRCLE('',#2358,0.299998582342);
#2358 = AXIS2_PLACEMENT_3D('',#2359,#2360,#2361);
#2359 = CARTESIAN_POINT('',(154.50000141765,-71.70035375535,0.));
#2360 = DIRECTION('',(0.,0.,-1.));
#2361 = DIRECTION('',(0.999999999997,2.517860820172E-06,0.));
#2362 = ORIENTED_EDGE('',*,*,#2363,.F.);
#2363 = EDGE_CURVE('',#2364,#2355,#2366,.T.);
#2364 = VERTEX_POINT('',#2365);
#2365 = CARTESIAN_POINT('',(154.8,-71.,0.));
#2366 = LINE('',#2367,#2368);
#2367 = CARTESIAN_POINT('',(154.8,-71.,0.));
#2368 = VECTOR('',#2369,1.);
#2369 = DIRECTION('',(0.,-1.,0.));
#2370 = ORIENTED_EDGE('',*,*,#2371,.F.);
#2371 = EDGE_CURVE('',#2372,#2364,#2374,.T.);
#2372 = VERTEX_POINT('',#2373);
#2373 = CARTESIAN_POINT('',(154.8,-70.299647,0.));
#2374 = LINE('',#2375,#2376);
#2375 = CARTESIAN_POINT('',(154.8,-70.299647,0.));
#2376 = VECTOR('',#2377,1.);
#2377 = DIRECTION('',(0.,-1.,0.));
#2378 = ORIENTED_EDGE('',*,*,#2379,.F.);
#2379 = EDGE_CURVE('',#2380,#2372,#2382,.T.);
#2380 = VERTEX_POINT('',#2381);
#2381 = CARTESIAN_POINT('',(154.756066,-70.143345,0.));
#2382 = CIRCLE('',#2383,0.299998582342);
#2383 = AXIS2_PLACEMENT_3D('',#2384,#2385,#2386);
#2384 = CARTESIAN_POINT('',(154.50000141765,-70.29964624464,0.));
#2385 = DIRECTION('',(0.,0.,-1.));
#2386 = DIRECTION('',(0.853552641289,0.521006610849,0.));
#2387 = ORIENTED_EDGE('',*,*,#2388,.F.);
#2388 = EDGE_CURVE('',#2389,#2380,#2391,.T.);
#2389 = VERTEX_POINT('',#2390);
#2390 = CARTESIAN_POINT('',(155.443345,-69.456066,0.));
#2391 = CIRCLE('',#2392,0.499999603944);
#2392 = AXIS2_PLACEMENT_3D('',#2393,#2394,#2395);
#2393 = CARTESIAN_POINT('',(155.18284211054,-69.88284211054,0.));
#2394 = DIRECTION('',(0.,0.,1.));
#2395 = DIRECTION('',(0.521006191616,0.853552897188,-0.));
#2396 = ORIENTED_EDGE('',*,*,#2397,.F.);
#2397 = EDGE_CURVE('',#2398,#2389,#2400,.T.);
#2398 = VERTEX_POINT('',#2399);
#2399 = CARTESIAN_POINT('',(155.599647,-69.5,0.));
#2400 = CIRCLE('',#2401,0.299998582341);
#2401 = AXIS2_PLACEMENT_3D('',#2402,#2403,#2404);
#2402 = CARTESIAN_POINT('',(155.59964624464,-69.20000141766,0.));
#2403 = DIRECTION('',(0.,0.,-1.));
#2404 = DIRECTION('',(2.517861388613E-06,-0.999999999997,0.));
#2405 = ORIENTED_EDGE('',*,*,#2406,.F.);
#2406 = EDGE_CURVE('',#2407,#2398,#2409,.T.);
#2407 = VERTEX_POINT('',#2408);
#2408 = CARTESIAN_POINT('',(156.5,-69.5,0.));
#2409 = LINE('',#2410,#2411);
#2410 = CARTESIAN_POINT('',(156.5,-69.5,0.));
#2411 = VECTOR('',#2412,1.);
#2412 = DIRECTION('',(-1.,0.,0.));
#2413 = ORIENTED_EDGE('',*,*,#2414,.F.);
#2414 = EDGE_CURVE('',#2415,#2407,#2417,.T.);
#2415 = VERTEX_POINT('',#2416);
#2416 = CARTESIAN_POINT('',(157.400353,-69.5,0.));
#2417 = LINE('',#2418,#2419);
#2418 = CARTESIAN_POINT('',(157.400353,-69.5,0.));
#2419 = VECTOR('',#2420,1.);
#2420 = DIRECTION('',(-1.,0.,0.));
#2421 = ORIENTED_EDGE('',*,*,#2422,.F.);
#2422 = EDGE_CURVE('',#2260,#2415,#2423,.T.);
#2423 = CIRCLE('',#2424,0.299998582341);
#2424 = AXIS2_PLACEMENT_3D('',#2425,#2426,#2427);
#2425 = CARTESIAN_POINT('',(157.40035375535,-69.20000141766,0.));
#2426 = DIRECTION('',(0.,0.,-1.));
#2427 = DIRECTION('',(0.52100661085,-0.853552641289,0.));
#2428 = FACE_BOUND('',#2429,.F.);
#2429 = EDGE_LOOP('',(#2430));
#2430 = ORIENTED_EDGE('',*,*,#2431,.T.);
#2431 = EDGE_CURVE('',#2432,#2432,#2434,.T.);
#2432 = VERTEX_POINT('',#2433);
#2433 = CARTESIAN_POINT('',(173.27,-81.71,0.));
#2434 = CIRCLE('',#2435,0.75);
#2435 = AXIS2_PLACEMENT_3D('',#2436,#2437,#2438);
#2436 = CARTESIAN_POINT('',(173.27,-80.96,0.));
#2437 = DIRECTION('',(-0.,0.,-1.));
#2438 = DIRECTION('',(-0.,-1.,0.));
#2439 = FACE_BOUND('',#2440,.F.);
#2440 = EDGE_LOOP('',(#2441,#2452,#2461,#2469,#2477,#2486,#2495,#2504,
    #2512,#2520,#2529,#2538,#2547,#2555,#2563,#2572,#2581,#2590,#2598,
    #2606));
#2441 = ORIENTED_EDGE('',*,*,#2442,.F.);
#2442 = EDGE_CURVE('',#2443,#2445,#2447,.T.);
#2443 = VERTEX_POINT('',#2444);
#2444 = CARTESIAN_POINT('',(178.243934,-70.143345,0.));
#2445 = VERTEX_POINT('',#2446);
#2446 = CARTESIAN_POINT('',(177.556655,-69.456066,0.));
#2447 = CIRCLE('',#2448,0.499999603944);
#2448 = AXIS2_PLACEMENT_3D('',#2449,#2450,#2451);
#2449 = CARTESIAN_POINT('',(177.81715788946,-69.88284211054,0.));
#2450 = DIRECTION('',(0.,0.,1.));
#2451 = DIRECTION('',(0.853552897188,-0.521006191616,0.));
#2452 = ORIENTED_EDGE('',*,*,#2453,.F.);
#2453 = EDGE_CURVE('',#2454,#2443,#2456,.T.);
#2454 = VERTEX_POINT('',#2455);
#2455 = CARTESIAN_POINT('',(178.2,-70.299647,0.));
#2456 = CIRCLE('',#2457,0.299998582342);
#2457 = AXIS2_PLACEMENT_3D('',#2458,#2459,#2460);
#2458 = CARTESIAN_POINT('',(178.49999858234,-70.29964624464,0.));
#2459 = DIRECTION('',(0.,0.,-1.));
#2460 = DIRECTION('',(-0.999999999997,-2.517860820172E-06,-0.));
#2461 = ORIENTED_EDGE('',*,*,#2462,.F.);
#2462 = EDGE_CURVE('',#2463,#2454,#2465,.T.);
#2463 = VERTEX_POINT('',#2464);
#2464 = CARTESIAN_POINT('',(178.2,-71.,0.));
#2465 = LINE('',#2466,#2467);
#2466 = CARTESIAN_POINT('',(178.2,-71.,0.));
#2467 = VECTOR('',#2468,1.);
#2468 = DIRECTION('',(0.,1.,0.));
#2469 = ORIENTED_EDGE('',*,*,#2470,.F.);
#2470 = EDGE_CURVE('',#2471,#2463,#2473,.T.);
#2471 = VERTEX_POINT('',#2472);
#2472 = CARTESIAN_POINT('',(178.2,-71.700353,0.));
#2473 = LINE('',#2474,#2475);
#2474 = CARTESIAN_POINT('',(178.2,-71.700353,0.));
#2475 = VECTOR('',#2476,1.);
#2476 = DIRECTION('',(0.,1.,0.));
#2477 = ORIENTED_EDGE('',*,*,#2478,.F.);
#2478 = EDGE_CURVE('',#2479,#2471,#2481,.T.);
#2479 = VERTEX_POINT('',#2480);
#2480 = CARTESIAN_POINT('',(178.243934,-71.856655,0.));
#2481 = CIRCLE('',#2482,0.299998582342);
#2482 = AXIS2_PLACEMENT_3D('',#2483,#2484,#2485);
#2483 = CARTESIAN_POINT('',(178.49999858234,-71.70035375535,0.));
#2484 = DIRECTION('',(0.,0.,-1.));
#2485 = DIRECTION('',(-0.853552641289,-0.521006610849,-0.));
#2486 = ORIENTED_EDGE('',*,*,#2487,.F.);
#2487 = EDGE_CURVE('',#2488,#2479,#2490,.T.);
#2488 = VERTEX_POINT('',#2489);
#2489 = CARTESIAN_POINT('',(177.556655,-72.543934,0.));
#2490 = CIRCLE('',#2491,0.499999603944);
#2491 = AXIS2_PLACEMENT_3D('',#2492,#2493,#2494);
#2492 = CARTESIAN_POINT('',(177.81715788946,-72.11715788946,0.));
#2493 = DIRECTION('',(0.,0.,1.));
#2494 = DIRECTION('',(-0.521006191616,-0.853552897188,0.));
#2495 = ORIENTED_EDGE('',*,*,#2496,.F.);
#2496 = EDGE_CURVE('',#2497,#2488,#2499,.T.);
#2497 = VERTEX_POINT('',#2498);
#2498 = CARTESIAN_POINT('',(177.400353,-72.5,0.));
#2499 = CIRCLE('',#2500,0.299998582341);
#2500 = AXIS2_PLACEMENT_3D('',#2501,#2502,#2503);
#2501 = CARTESIAN_POINT('',(177.40035375535,-72.79999858234,0.));
#2502 = DIRECTION('',(0.,0.,-1.));
#2503 = DIRECTION('',(-2.517861388613E-06,0.999999999997,0.));
#2504 = ORIENTED_EDGE('',*,*,#2505,.F.);
#2505 = EDGE_CURVE('',#2506,#2497,#2508,.T.);
#2506 = VERTEX_POINT('',#2507);
#2507 = CARTESIAN_POINT('',(176.5,-72.5,0.));
#2508 = LINE('',#2509,#2510);
#2509 = CARTESIAN_POINT('',(176.5,-72.5,0.));
#2510 = VECTOR('',#2511,1.);
#2511 = DIRECTION('',(1.,0.,0.));
#2512 = ORIENTED_EDGE('',*,*,#2513,.F.);
#2513 = EDGE_CURVE('',#2514,#2506,#2516,.T.);
#2514 = VERTEX_POINT('',#2515);
#2515 = CARTESIAN_POINT('',(175.599647,-72.5,0.));
#2516 = LINE('',#2517,#2518);
#2517 = CARTESIAN_POINT('',(175.599647,-72.5,0.));
#2518 = VECTOR('',#2519,1.);
#2519 = DIRECTION('',(1.,0.,0.));
#2520 = ORIENTED_EDGE('',*,*,#2521,.F.);
#2521 = EDGE_CURVE('',#2522,#2514,#2524,.T.);
#2522 = VERTEX_POINT('',#2523);
#2523 = CARTESIAN_POINT('',(175.443345,-72.543934,0.));
#2524 = CIRCLE('',#2525,0.299998582341);
#2525 = AXIS2_PLACEMENT_3D('',#2526,#2527,#2528);
#2526 = CARTESIAN_POINT('',(175.59964624464,-72.79999858234,0.));
#2527 = DIRECTION('',(0.,0.,-1.));
#2528 = DIRECTION('',(-0.52100661085,0.853552641289,0.));
#2529 = ORIENTED_EDGE('',*,*,#2530,.F.);
#2530 = EDGE_CURVE('',#2531,#2522,#2533,.T.);
#2531 = VERTEX_POINT('',#2532);
#2532 = CARTESIAN_POINT('',(174.756066,-71.856655,0.));
#2533 = CIRCLE('',#2534,0.499999603944);
#2534 = AXIS2_PLACEMENT_3D('',#2535,#2536,#2537);
#2535 = CARTESIAN_POINT('',(175.18284211054,-72.11715788946,0.));
#2536 = DIRECTION('',(0.,0.,1.));
#2537 = DIRECTION('',(-0.853552897188,0.521006191616,0.));
#2538 = ORIENTED_EDGE('',*,*,#2539,.F.);
#2539 = EDGE_CURVE('',#2540,#2531,#2542,.T.);
#2540 = VERTEX_POINT('',#2541);
#2541 = CARTESIAN_POINT('',(174.8,-71.700353,0.));
#2542 = CIRCLE('',#2543,0.299998582342);
#2543 = AXIS2_PLACEMENT_3D('',#2544,#2545,#2546);
#2544 = CARTESIAN_POINT('',(174.50000141765,-71.70035375535,0.));
#2545 = DIRECTION('',(0.,0.,-1.));
#2546 = DIRECTION('',(0.999999999997,2.517860820172E-06,0.));
#2547 = ORIENTED_EDGE('',*,*,#2548,.F.);
#2548 = EDGE_CURVE('',#2549,#2540,#2551,.T.);
#2549 = VERTEX_POINT('',#2550);
#2550 = CARTESIAN_POINT('',(174.8,-71.,0.));
#2551 = LINE('',#2552,#2553);
#2552 = CARTESIAN_POINT('',(174.8,-71.,0.));
#2553 = VECTOR('',#2554,1.);
#2554 = DIRECTION('',(0.,-1.,0.));
#2555 = ORIENTED_EDGE('',*,*,#2556,.F.);
#2556 = EDGE_CURVE('',#2557,#2549,#2559,.T.);
#2557 = VERTEX_POINT('',#2558);
#2558 = CARTESIAN_POINT('',(174.8,-70.299647,0.));
#2559 = LINE('',#2560,#2561);
#2560 = CARTESIAN_POINT('',(174.8,-70.299647,0.));
#2561 = VECTOR('',#2562,1.);
#2562 = DIRECTION('',(0.,-1.,0.));
#2563 = ORIENTED_EDGE('',*,*,#2564,.F.);
#2564 = EDGE_CURVE('',#2565,#2557,#2567,.T.);
#2565 = VERTEX_POINT('',#2566);
#2566 = CARTESIAN_POINT('',(174.756066,-70.143345,0.));
#2567 = CIRCLE('',#2568,0.299998582342);
#2568 = AXIS2_PLACEMENT_3D('',#2569,#2570,#2571);
#2569 = CARTESIAN_POINT('',(174.50000141765,-70.29964624464,0.));
#2570 = DIRECTION('',(0.,0.,-1.));
#2571 = DIRECTION('',(0.853552641289,0.521006610849,0.));
#2572 = ORIENTED_EDGE('',*,*,#2573,.F.);
#2573 = EDGE_CURVE('',#2574,#2565,#2576,.T.);
#2574 = VERTEX_POINT('',#2575);
#2575 = CARTESIAN_POINT('',(175.443345,-69.456066,0.));
#2576 = CIRCLE('',#2577,0.499999603944);
#2577 = AXIS2_PLACEMENT_3D('',#2578,#2579,#2580);
#2578 = CARTESIAN_POINT('',(175.18284211054,-69.88284211054,0.));
#2579 = DIRECTION('',(0.,0.,1.));
#2580 = DIRECTION('',(0.521006191616,0.853552897188,-0.));
#2581 = ORIENTED_EDGE('',*,*,#2582,.F.);
#2582 = EDGE_CURVE('',#2583,#2574,#2585,.T.);
#2583 = VERTEX_POINT('',#2584);
#2584 = CARTESIAN_POINT('',(175.599647,-69.5,0.));
#2585 = CIRCLE('',#2586,0.299998582341);
#2586 = AXIS2_PLACEMENT_3D('',#2587,#2588,#2589);
#2587 = CARTESIAN_POINT('',(175.59964624464,-69.20000141766,0.));
#2588 = DIRECTION('',(0.,0.,-1.));
#2589 = DIRECTION('',(2.517861388613E-06,-0.999999999997,0.));
#2590 = ORIENTED_EDGE('',*,*,#2591,.F.);
#2591 = EDGE_CURVE('',#2592,#2583,#2594,.T.);
#2592 = VERTEX_POINT('',#2593);
#2593 = CARTESIAN_POINT('',(176.5,-69.5,0.));
#2594 = LINE('',#2595,#2596);
#2595 = CARTESIAN_POINT('',(176.5,-69.5,0.));
#2596 = VECTOR('',#2597,1.);
#2597 = DIRECTION('',(-1.,0.,0.));
#2598 = ORIENTED_EDGE('',*,*,#2599,.F.);
#2599 = EDGE_CURVE('',#2600,#2592,#2602,.T.);
#2600 = VERTEX_POINT('',#2601);
#2601 = CARTESIAN_POINT('',(177.400353,-69.5,0.));
#2602 = LINE('',#2603,#2604);
#2603 = CARTESIAN_POINT('',(177.400353,-69.5,0.));
#2604 = VECTOR('',#2605,1.);
#2605 = DIRECTION('',(-1.,0.,0.));
#2606 = ORIENTED_EDGE('',*,*,#2607,.F.);
#2607 = EDGE_CURVE('',#2445,#2600,#2608,.T.);
#2608 = CIRCLE('',#2609,0.299998582341);
#2609 = AXIS2_PLACEMENT_3D('',#2610,#2611,#2612);
#2610 = CARTESIAN_POINT('',(177.40035375535,-69.20000141766,0.));
#2611 = DIRECTION('',(0.,0.,-1.));
#2612 = DIRECTION('',(0.52100661085,-0.853552641289,0.));
#2613 = FACE_BOUND('',#2614,.F.);
#2614 = EDGE_LOOP('',(#2615));
#2615 = ORIENTED_EDGE('',*,*,#2616,.T.);
#2616 = EDGE_CURVE('',#2617,#2617,#2619,.T.);
#2617 = VERTEX_POINT('',#2618);
#2618 = CARTESIAN_POINT('',(182.16,-84.35,0.));
#2619 = CIRCLE('',#2620,0.85);
#2620 = AXIS2_PLACEMENT_3D('',#2621,#2622,#2623);
#2621 = CARTESIAN_POINT('',(182.16,-83.5,0.));
#2622 = DIRECTION('',(-0.,0.,-1.));
#2623 = DIRECTION('',(-0.,-1.,0.));
#2624 = FACE_BOUND('',#2625,.F.);
#2625 = EDGE_LOOP('',(#2626));
#2626 = ORIENTED_EDGE('',*,*,#2627,.T.);
#2627 = EDGE_CURVE('',#2628,#2628,#2630,.T.);
#2628 = VERTEX_POINT('',#2629);
#2629 = CARTESIAN_POINT('',(196.5,-92.25,0.));
#2630 = CIRCLE('',#2631,0.5);
#2631 = AXIS2_PLACEMENT_3D('',#2632,#2633,#2634);
#2632 = CARTESIAN_POINT('',(196.5,-91.75,0.));
#2633 = DIRECTION('',(-0.,0.,-1.));
#2634 = DIRECTION('',(-0.,-1.,0.));
#2635 = FACE_BOUND('',#2636,.F.);
#2636 = EDGE_LOOP('',(#2637));
#2637 = ORIENTED_EDGE('',*,*,#2638,.T.);
#2638 = EDGE_CURVE('',#2639,#2639,#2641,.T.);
#2639 = VERTEX_POINT('',#2640);
#2640 = CARTESIAN_POINT('',(201.5,-92.25,0.));
#2641 = CIRCLE('',#2642,0.5);
#2642 = AXIS2_PLACEMENT_3D('',#2643,#2644,#2645);
#2643 = CARTESIAN_POINT('',(201.5,-91.75,0.));
#2644 = DIRECTION('',(-0.,0.,-1.));
#2645 = DIRECTION('',(-0.,-1.,0.));
#2646 = FACE_BOUND('',#2647,.F.);
#2647 = EDGE_LOOP('',(#2648,#2659,#2667,#2676));
#2648 = ORIENTED_EDGE('',*,*,#2649,.T.);
#2649 = EDGE_CURVE('',#2650,#2652,#2654,.T.);
#2650 = VERTEX_POINT('',#2651);
#2651 = CARTESIAN_POINT('',(194.4,-85.,0.));
#2652 = VERTEX_POINT('',#2653);
#2653 = CARTESIAN_POINT('',(192.4,-85.,0.));
#2654 = CIRCLE('',#2655,1.);
#2655 = AXIS2_PLACEMENT_3D('',#2656,#2657,#2658);
#2656 = CARTESIAN_POINT('',(193.4,-85.,0.));
#2657 = DIRECTION('',(-0.,0.,-1.));
#2658 = DIRECTION('',(-1.,0.,0.));
#2659 = ORIENTED_EDGE('',*,*,#2660,.T.);
#2660 = EDGE_CURVE('',#2652,#2661,#2663,.T.);
#2661 = VERTEX_POINT('',#2662);
#2662 = CARTESIAN_POINT('',(192.4,-84.5,0.));
#2663 = LINE('',#2664,#2665);
#2664 = CARTESIAN_POINT('',(192.4,-42.25,0.));
#2665 = VECTOR('',#2666,1.);
#2666 = DIRECTION('',(-0.,1.,0.));
#2667 = ORIENTED_EDGE('',*,*,#2668,.T.);
#2668 = EDGE_CURVE('',#2661,#2669,#2671,.T.);
#2669 = VERTEX_POINT('',#2670);
#2670 = CARTESIAN_POINT('',(194.4,-84.5,0.));
#2671 = CIRCLE('',#2672,1.);
#2672 = AXIS2_PLACEMENT_3D('',#2673,#2674,#2675);
#2673 = CARTESIAN_POINT('',(193.4,-84.5,0.));
#2674 = DIRECTION('',(0.,-0.,-1.));
#2675 = DIRECTION('',(1.,0.,-0.));
#2676 = ORIENTED_EDGE('',*,*,#2677,.T.);
#2677 = EDGE_CURVE('',#2669,#2650,#2678,.T.);
#2678 = LINE('',#2679,#2680);
#2679 = CARTESIAN_POINT('',(194.4,-42.5,0.));
#2680 = VECTOR('',#2681,1.);
#2681 = DIRECTION('',(0.,-1.,0.));
#2682 = FACE_BOUND('',#2683,.F.);
#2683 = EDGE_LOOP('',(#2684,#2695,#2703,#2712));
#2684 = ORIENTED_EDGE('',*,*,#2685,.T.);
#2685 = EDGE_CURVE('',#2686,#2688,#2690,.T.);
#2686 = VERTEX_POINT('',#2687);
#2687 = CARTESIAN_POINT('',(205.6,-85.,0.));
#2688 = VERTEX_POINT('',#2689);
#2689 = CARTESIAN_POINT('',(203.6,-85.,0.));
#2690 = CIRCLE('',#2691,1.);
#2691 = AXIS2_PLACEMENT_3D('',#2692,#2693,#2694);
#2692 = CARTESIAN_POINT('',(204.6,-85.,0.));
#2693 = DIRECTION('',(-0.,0.,-1.));
#2694 = DIRECTION('',(-1.,0.,0.));
#2695 = ORIENTED_EDGE('',*,*,#2696,.T.);
#2696 = EDGE_CURVE('',#2688,#2697,#2699,.T.);
#2697 = VERTEX_POINT('',#2698);
#2698 = CARTESIAN_POINT('',(203.6,-84.5,0.));
#2699 = LINE('',#2700,#2701);
#2700 = CARTESIAN_POINT('',(203.6,-42.25,0.));
#2701 = VECTOR('',#2702,1.);
#2702 = DIRECTION('',(-0.,1.,0.));
#2703 = ORIENTED_EDGE('',*,*,#2704,.T.);
#2704 = EDGE_CURVE('',#2697,#2705,#2707,.T.);
#2705 = VERTEX_POINT('',#2706);
#2706 = CARTESIAN_POINT('',(205.6,-84.5,0.));
#2707 = CIRCLE('',#2708,1.);
#2708 = AXIS2_PLACEMENT_3D('',#2709,#2710,#2711);
#2709 = CARTESIAN_POINT('',(204.6,-84.5,0.));
#2710 = DIRECTION('',(0.,-0.,-1.));
#2711 = DIRECTION('',(1.,0.,-0.));
#2712 = ORIENTED_EDGE('',*,*,#2713,.T.);
#2713 = EDGE_CURVE('',#2705,#2686,#2714,.T.);
#2714 = LINE('',#2715,#2716);
#2715 = CARTESIAN_POINT('',(205.6,-42.5,0.));
#2716 = VECTOR('',#2717,1.);
#2717 = DIRECTION('',(0.,-1.,0.));
#2718 = FACE_BOUND('',#2719,.F.);
#2719 = EDGE_LOOP('',(#2720));
#2720 = ORIENTED_EDGE('',*,*,#2721,.T.);
#2721 = EDGE_CURVE('',#2722,#2722,#2724,.T.);
#2722 = VERTEX_POINT('',#2723);
#2723 = CARTESIAN_POINT('',(179.62,-79.17,0.));
#2724 = CIRCLE('',#2725,0.75);
#2725 = AXIS2_PLACEMENT_3D('',#2726,#2727,#2728);
#2726 = CARTESIAN_POINT('',(179.62,-78.42,0.));
#2727 = DIRECTION('',(-0.,0.,-1.));
#2728 = DIRECTION('',(-0.,-1.,0.));
#2729 = FACE_BOUND('',#2730,.F.);
#2730 = EDGE_LOOP('',(#2731));
#2731 = ORIENTED_EDGE('',*,*,#2732,.T.);
#2732 = EDGE_CURVE('',#2733,#2733,#2735,.T.);
#2733 = VERTEX_POINT('',#2734);
#2734 = CARTESIAN_POINT('',(196.5,-77.75,0.));
#2735 = CIRCLE('',#2736,0.5);
#2736 = AXIS2_PLACEMENT_3D('',#2737,#2738,#2739);
#2737 = CARTESIAN_POINT('',(196.5,-77.25,0.));
#2738 = DIRECTION('',(-0.,0.,-1.));
#2739 = DIRECTION('',(-0.,-1.,0.));
#2740 = FACE_BOUND('',#2741,.F.);
#2741 = EDGE_LOOP('',(#2742));
#2742 = ORIENTED_EDGE('',*,*,#2743,.T.);
#2743 = EDGE_CURVE('',#2744,#2744,#2746,.T.);
#2744 = VERTEX_POINT('',#2745);
#2745 = CARTESIAN_POINT('',(199.,-77.75,0.));
#2746 = CIRCLE('',#2747,0.5);
#2747 = AXIS2_PLACEMENT_3D('',#2748,#2749,#2750);
#2748 = CARTESIAN_POINT('',(199.,-77.25,0.));
#2749 = DIRECTION('',(-0.,0.,-1.));
#2750 = DIRECTION('',(-0.,-1.,0.));
#2751 = FACE_BOUND('',#2752,.F.);
#2752 = EDGE_LOOP('',(#2753));
#2753 = ORIENTED_EDGE('',*,*,#2754,.T.);
#2754 = EDGE_CURVE('',#2755,#2755,#2757,.T.);
#2755 = VERTEX_POINT('',#2756);
#2756 = CARTESIAN_POINT('',(201.5,-77.75,0.));
#2757 = CIRCLE('',#2758,0.5);
#2758 = AXIS2_PLACEMENT_3D('',#2759,#2760,#2761);
#2759 = CARTESIAN_POINT('',(201.5,-77.25,0.));
#2760 = DIRECTION('',(-0.,0.,-1.));
#2761 = DIRECTION('',(-0.,-1.,0.));
#2762 = FACE_BOUND('',#2763,.F.);
#2763 = EDGE_LOOP('',(#2764,#2775,#2784,#2792,#2800,#2809,#2818,#2827,
    #2835,#2843,#2852,#2861,#2870,#2878,#2886,#2895,#2904,#2913,#2921,
    #2929));
#2764 = ORIENTED_EDGE('',*,*,#2765,.F.);
#2765 = EDGE_CURVE('',#2766,#2768,#2770,.T.);
#2766 = VERTEX_POINT('',#2767);
#2767 = CARTESIAN_POINT('',(199.743934,-70.143345,0.));
#2768 = VERTEX_POINT('',#2769);
#2769 = CARTESIAN_POINT('',(199.056655,-69.456066,0.));
#2770 = CIRCLE('',#2771,0.499999603944);
#2771 = AXIS2_PLACEMENT_3D('',#2772,#2773,#2774);
#2772 = CARTESIAN_POINT('',(199.31715788946,-69.88284211054,0.));
#2773 = DIRECTION('',(0.,0.,1.));
#2774 = DIRECTION('',(0.853552897188,-0.521006191616,0.));
#2775 = ORIENTED_EDGE('',*,*,#2776,.F.);
#2776 = EDGE_CURVE('',#2777,#2766,#2779,.T.);
#2777 = VERTEX_POINT('',#2778);
#2778 = CARTESIAN_POINT('',(199.7,-70.299647,0.));
#2779 = CIRCLE('',#2780,0.299998582342);
#2780 = AXIS2_PLACEMENT_3D('',#2781,#2782,#2783);
#2781 = CARTESIAN_POINT('',(199.99999858234,-70.29964624464,0.));
#2782 = DIRECTION('',(0.,0.,-1.));
#2783 = DIRECTION('',(-0.999999999997,-2.517860820172E-06,-0.));
#2784 = ORIENTED_EDGE('',*,*,#2785,.F.);
#2785 = EDGE_CURVE('',#2786,#2777,#2788,.T.);
#2786 = VERTEX_POINT('',#2787);
#2787 = CARTESIAN_POINT('',(199.7,-71.,0.));
#2788 = LINE('',#2789,#2790);
#2789 = CARTESIAN_POINT('',(199.7,-71.,0.));
#2790 = VECTOR('',#2791,1.);
#2791 = DIRECTION('',(0.,1.,0.));
#2792 = ORIENTED_EDGE('',*,*,#2793,.F.);
#2793 = EDGE_CURVE('',#2794,#2786,#2796,.T.);
#2794 = VERTEX_POINT('',#2795);
#2795 = CARTESIAN_POINT('',(199.7,-71.700353,0.));
#2796 = LINE('',#2797,#2798);
#2797 = CARTESIAN_POINT('',(199.7,-71.700353,0.));
#2798 = VECTOR('',#2799,1.);
#2799 = DIRECTION('',(0.,1.,0.));
#2800 = ORIENTED_EDGE('',*,*,#2801,.F.);
#2801 = EDGE_CURVE('',#2802,#2794,#2804,.T.);
#2802 = VERTEX_POINT('',#2803);
#2803 = CARTESIAN_POINT('',(199.743934,-71.856655,0.));
#2804 = CIRCLE('',#2805,0.299998582342);
#2805 = AXIS2_PLACEMENT_3D('',#2806,#2807,#2808);
#2806 = CARTESIAN_POINT('',(199.99999858234,-71.70035375535,0.));
#2807 = DIRECTION('',(0.,0.,-1.));
#2808 = DIRECTION('',(-0.853552641289,-0.521006610849,-0.));
#2809 = ORIENTED_EDGE('',*,*,#2810,.F.);
#2810 = EDGE_CURVE('',#2811,#2802,#2813,.T.);
#2811 = VERTEX_POINT('',#2812);
#2812 = CARTESIAN_POINT('',(199.056655,-72.543934,0.));
#2813 = CIRCLE('',#2814,0.499999603944);
#2814 = AXIS2_PLACEMENT_3D('',#2815,#2816,#2817);
#2815 = CARTESIAN_POINT('',(199.31715788946,-72.11715788946,0.));
#2816 = DIRECTION('',(0.,0.,1.));
#2817 = DIRECTION('',(-0.521006191616,-0.853552897188,0.));
#2818 = ORIENTED_EDGE('',*,*,#2819,.F.);
#2819 = EDGE_CURVE('',#2820,#2811,#2822,.T.);
#2820 = VERTEX_POINT('',#2821);
#2821 = CARTESIAN_POINT('',(198.900353,-72.5,0.));
#2822 = CIRCLE('',#2823,0.299998582341);
#2823 = AXIS2_PLACEMENT_3D('',#2824,#2825,#2826);
#2824 = CARTESIAN_POINT('',(198.90035375535,-72.79999858234,0.));
#2825 = DIRECTION('',(0.,0.,-1.));
#2826 = DIRECTION('',(-2.517861388613E-06,0.999999999997,0.));
#2827 = ORIENTED_EDGE('',*,*,#2828,.F.);
#2828 = EDGE_CURVE('',#2829,#2820,#2831,.T.);
#2829 = VERTEX_POINT('',#2830);
#2830 = CARTESIAN_POINT('',(198.,-72.5,0.));
#2831 = LINE('',#2832,#2833);
#2832 = CARTESIAN_POINT('',(198.,-72.5,0.));
#2833 = VECTOR('',#2834,1.);
#2834 = DIRECTION('',(1.,0.,0.));
#2835 = ORIENTED_EDGE('',*,*,#2836,.F.);
#2836 = EDGE_CURVE('',#2837,#2829,#2839,.T.);
#2837 = VERTEX_POINT('',#2838);
#2838 = CARTESIAN_POINT('',(197.099647,-72.5,0.));
#2839 = LINE('',#2840,#2841);
#2840 = CARTESIAN_POINT('',(197.099647,-72.5,0.));
#2841 = VECTOR('',#2842,1.);
#2842 = DIRECTION('',(1.,0.,0.));
#2843 = ORIENTED_EDGE('',*,*,#2844,.F.);
#2844 = EDGE_CURVE('',#2845,#2837,#2847,.T.);
#2845 = VERTEX_POINT('',#2846);
#2846 = CARTESIAN_POINT('',(196.943345,-72.543934,0.));
#2847 = CIRCLE('',#2848,0.299998582341);
#2848 = AXIS2_PLACEMENT_3D('',#2849,#2850,#2851);
#2849 = CARTESIAN_POINT('',(197.09964624464,-72.79999858234,0.));
#2850 = DIRECTION('',(0.,0.,-1.));
#2851 = DIRECTION('',(-0.52100661085,0.853552641289,0.));
#2852 = ORIENTED_EDGE('',*,*,#2853,.F.);
#2853 = EDGE_CURVE('',#2854,#2845,#2856,.T.);
#2854 = VERTEX_POINT('',#2855);
#2855 = CARTESIAN_POINT('',(196.256066,-71.856655,0.));
#2856 = CIRCLE('',#2857,0.499999603944);
#2857 = AXIS2_PLACEMENT_3D('',#2858,#2859,#2860);
#2858 = CARTESIAN_POINT('',(196.68284211054,-72.11715788946,0.));
#2859 = DIRECTION('',(0.,0.,1.));
#2860 = DIRECTION('',(-0.853552897188,0.521006191616,0.));
#2861 = ORIENTED_EDGE('',*,*,#2862,.F.);
#2862 = EDGE_CURVE('',#2863,#2854,#2865,.T.);
#2863 = VERTEX_POINT('',#2864);
#2864 = CARTESIAN_POINT('',(196.3,-71.700353,0.));
#2865 = CIRCLE('',#2866,0.299998582342);
#2866 = AXIS2_PLACEMENT_3D('',#2867,#2868,#2869);
#2867 = CARTESIAN_POINT('',(196.00000141765,-71.70035375535,0.));
#2868 = DIRECTION('',(0.,0.,-1.));
#2869 = DIRECTION('',(0.999999999997,2.517860820172E-06,0.));
#2870 = ORIENTED_EDGE('',*,*,#2871,.F.);
#2871 = EDGE_CURVE('',#2872,#2863,#2874,.T.);
#2872 = VERTEX_POINT('',#2873);
#2873 = CARTESIAN_POINT('',(196.3,-71.,0.));
#2874 = LINE('',#2875,#2876);
#2875 = CARTESIAN_POINT('',(196.3,-71.,0.));
#2876 = VECTOR('',#2877,1.);
#2877 = DIRECTION('',(0.,-1.,0.));
#2878 = ORIENTED_EDGE('',*,*,#2879,.F.);
#2879 = EDGE_CURVE('',#2880,#2872,#2882,.T.);
#2880 = VERTEX_POINT('',#2881);
#2881 = CARTESIAN_POINT('',(196.3,-70.299647,0.));
#2882 = LINE('',#2883,#2884);
#2883 = CARTESIAN_POINT('',(196.3,-70.299647,0.));
#2884 = VECTOR('',#2885,1.);
#2885 = DIRECTION('',(0.,-1.,0.));
#2886 = ORIENTED_EDGE('',*,*,#2887,.F.);
#2887 = EDGE_CURVE('',#2888,#2880,#2890,.T.);
#2888 = VERTEX_POINT('',#2889);
#2889 = CARTESIAN_POINT('',(196.256066,-70.143345,0.));
#2890 = CIRCLE('',#2891,0.299998582342);
#2891 = AXIS2_PLACEMENT_3D('',#2892,#2893,#2894);
#2892 = CARTESIAN_POINT('',(196.00000141765,-70.29964624464,0.));
#2893 = DIRECTION('',(0.,0.,-1.));
#2894 = DIRECTION('',(0.853552641289,0.521006610849,0.));
#2895 = ORIENTED_EDGE('',*,*,#2896,.F.);
#2896 = EDGE_CURVE('',#2897,#2888,#2899,.T.);
#2897 = VERTEX_POINT('',#2898);
#2898 = CARTESIAN_POINT('',(196.943345,-69.456066,0.));
#2899 = CIRCLE('',#2900,0.499999603944);
#2900 = AXIS2_PLACEMENT_3D('',#2901,#2902,#2903);
#2901 = CARTESIAN_POINT('',(196.68284211054,-69.88284211054,0.));
#2902 = DIRECTION('',(0.,0.,1.));
#2903 = DIRECTION('',(0.521006191616,0.853552897188,-0.));
#2904 = ORIENTED_EDGE('',*,*,#2905,.F.);
#2905 = EDGE_CURVE('',#2906,#2897,#2908,.T.);
#2906 = VERTEX_POINT('',#2907);
#2907 = CARTESIAN_POINT('',(197.099647,-69.5,0.));
#2908 = CIRCLE('',#2909,0.299998582341);
#2909 = AXIS2_PLACEMENT_3D('',#2910,#2911,#2912);
#2910 = CARTESIAN_POINT('',(197.09964624464,-69.20000141766,0.));
#2911 = DIRECTION('',(0.,0.,-1.));
#2912 = DIRECTION('',(2.517861388613E-06,-0.999999999997,0.));
#2913 = ORIENTED_EDGE('',*,*,#2914,.F.);
#2914 = EDGE_CURVE('',#2915,#2906,#2917,.T.);
#2915 = VERTEX_POINT('',#2916);
#2916 = CARTESIAN_POINT('',(198.,-69.5,0.));
#2917 = LINE('',#2918,#2919);
#2918 = CARTESIAN_POINT('',(198.,-69.5,0.));
#2919 = VECTOR('',#2920,1.);
#2920 = DIRECTION('',(-1.,0.,0.));
#2921 = ORIENTED_EDGE('',*,*,#2922,.F.);
#2922 = EDGE_CURVE('',#2923,#2915,#2925,.T.);
#2923 = VERTEX_POINT('',#2924);
#2924 = CARTESIAN_POINT('',(198.900353,-69.5,0.));
#2925 = LINE('',#2926,#2927);
#2926 = CARTESIAN_POINT('',(198.900353,-69.5,0.));
#2927 = VECTOR('',#2928,1.);
#2928 = DIRECTION('',(-1.,0.,0.));
#2929 = ORIENTED_EDGE('',*,*,#2930,.F.);
#2930 = EDGE_CURVE('',#2768,#2923,#2931,.T.);
#2931 = CIRCLE('',#2932,0.299998582341);
#2932 = AXIS2_PLACEMENT_3D('',#2933,#2934,#2935);
#2933 = CARTESIAN_POINT('',(198.90035375535,-69.20000141766,0.));
#2934 = DIRECTION('',(0.,0.,-1.));
#2935 = DIRECTION('',(0.52100661085,-0.853552641289,0.));
#2936 = FACE_BOUND('',#2937,.F.);
#2937 = EDGE_LOOP('',(#2938));
#2938 = ORIENTED_EDGE('',*,*,#2939,.T.);
#2939 = EDGE_CURVE('',#2940,#2940,#2942,.T.);
#2940 = VERTEX_POINT('',#2941);
#2941 = CARTESIAN_POINT('',(196.,-66.375,0.));
#2942 = CIRCLE('',#2943,0.5);
#2943 = AXIS2_PLACEMENT_3D('',#2944,#2945,#2946);
#2944 = CARTESIAN_POINT('',(196.,-65.875,0.));
#2945 = DIRECTION('',(-0.,0.,-1.));
#2946 = DIRECTION('',(-0.,-1.,0.));
#2947 = FACE_BOUND('',#2948,.F.);
#2948 = EDGE_LOOP('',(#2949));
#2949 = ORIENTED_EDGE('',*,*,#2950,.T.);
#2950 = EDGE_CURVE('',#2951,#2951,#2953,.T.);
#2951 = VERTEX_POINT('',#2952);
#2952 = CARTESIAN_POINT('',(201.,-66.375,0.));
#2953 = CIRCLE('',#2954,0.5);
#2954 = AXIS2_PLACEMENT_3D('',#2955,#2956,#2957);
#2955 = CARTESIAN_POINT('',(201.,-65.875,0.));
#2956 = DIRECTION('',(-0.,0.,-1.));
#2957 = DIRECTION('',(-0.,-1.,0.));
#2958 = FACE_BOUND('',#2959,.F.);
#2959 = EDGE_LOOP('',(#2960));
#2960 = ORIENTED_EDGE('',*,*,#2961,.T.);
#2961 = EDGE_CURVE('',#2962,#2962,#2964,.T.);
#2962 = VERTEX_POINT('',#2963);
#2963 = CARTESIAN_POINT('',(152.42,-59.85,0.));
#2964 = CIRCLE('',#2965,0.85);
#2965 = AXIS2_PLACEMENT_3D('',#2966,#2967,#2968);
#2966 = CARTESIAN_POINT('',(152.42,-59.,0.));
#2967 = DIRECTION('',(-0.,0.,-1.));
#2968 = DIRECTION('',(-3.343730521224E-14,-1.,0.));
#2969 = FACE_BOUND('',#2970,.F.);
#2970 = EDGE_LOOP('',(#2971));
#2971 = ORIENTED_EDGE('',*,*,#2972,.T.);
#2972 = EDGE_CURVE('',#2973,#2973,#2975,.T.);
#2973 = VERTEX_POINT('',#2974);
#2974 = CARTESIAN_POINT('',(153.69,-57.21,0.));
#2975 = CIRCLE('',#2976,0.75);
#2976 = AXIS2_PLACEMENT_3D('',#2977,#2978,#2979);
#2977 = CARTESIAN_POINT('',(153.69,-56.46,0.));
#2978 = DIRECTION('',(-0.,0.,-1.));
#2979 = DIRECTION('',(-0.,-1.,0.));
#2980 = FACE_BOUND('',#2981,.F.);
#2981 = EDGE_LOOP('',(#2982));
#2982 = ORIENTED_EDGE('',*,*,#2983,.T.);
#2983 = EDGE_CURVE('',#2984,#2984,#2986,.T.);
#2984 = VERTEX_POINT('',#2985);
#2985 = CARTESIAN_POINT('',(157.5,-61.,0.));
#2986 = CIRCLE('',#2987,2.);
#2987 = AXIS2_PLACEMENT_3D('',#2988,#2989,#2990);
#2988 = CARTESIAN_POINT('',(157.5,-59.,0.));
#2989 = DIRECTION('',(-0.,0.,-1.));
#2990 = DIRECTION('',(-0.,-1.,0.));
#2991 = FACE_BOUND('',#2992,.F.);
#2992 = EDGE_LOOP('',(#2993));
#2993 = ORIENTED_EDGE('',*,*,#2994,.T.);
#2994 = EDGE_CURVE('',#2995,#2995,#2997,.T.);
#2995 = VERTEX_POINT('',#2996);
#2996 = CARTESIAN_POINT('',(162.58,-59.85,0.));
#2997 = CIRCLE('',#2998,0.85);
#2998 = AXIS2_PLACEMENT_3D('',#2999,#3000,#3001);
#2999 = CARTESIAN_POINT('',(162.58,-59.,0.));
#3000 = DIRECTION('',(-0.,0.,-1.));
#3001 = DIRECTION('',(3.343730521224E-14,-1.,-0.));
#3002 = FACE_BOUND('',#3003,.F.);
#3003 = EDGE_LOOP('',(#3004));
#3004 = ORIENTED_EDGE('',*,*,#3005,.T.);
#3005 = EDGE_CURVE('',#3006,#3006,#3008,.T.);
#3006 = VERTEX_POINT('',#3007);
#3007 = CARTESIAN_POINT('',(160.04,-54.67,0.));
#3008 = CIRCLE('',#3009,0.75);
#3009 = AXIS2_PLACEMENT_3D('',#3010,#3011,#3012);
#3010 = CARTESIAN_POINT('',(160.04,-53.92,0.));
#3011 = DIRECTION('',(-0.,0.,-1.));
#3012 = DIRECTION('',(-0.,-1.,0.));
#3013 = FACE_BOUND('',#3014,.F.);
#3014 = EDGE_LOOP('',(#3015));
#3015 = ORIENTED_EDGE('',*,*,#3016,.T.);
#3016 = EDGE_CURVE('',#3017,#3017,#3019,.T.);
#3017 = VERTEX_POINT('',#3018);
#3018 = CARTESIAN_POINT('',(171.42,-59.85,0.));
#3019 = CIRCLE('',#3020,0.85);
#3020 = AXIS2_PLACEMENT_3D('',#3021,#3022,#3023);
#3021 = CARTESIAN_POINT('',(171.42,-59.,0.));
#3022 = DIRECTION('',(-0.,0.,-1.));
#3023 = DIRECTION('',(-3.343730521224E-14,-1.,0.));
#3024 = FACE_BOUND('',#3025,.F.);
#3025 = EDGE_LOOP('',(#3026));
#3026 = ORIENTED_EDGE('',*,*,#3027,.T.);
#3027 = EDGE_CURVE('',#3028,#3028,#3030,.T.);
#3028 = VERTEX_POINT('',#3029);
#3029 = CARTESIAN_POINT('',(172.69,-57.21,0.));
#3030 = CIRCLE('',#3031,0.75);
#3031 = AXIS2_PLACEMENT_3D('',#3032,#3033,#3034);
#3032 = CARTESIAN_POINT('',(172.69,-56.46,0.));
#3033 = DIRECTION('',(-0.,0.,-1.));
#3034 = DIRECTION('',(-0.,-1.,0.));
#3035 = FACE_BOUND('',#3036,.F.);
#3036 = EDGE_LOOP('',(#3037));
#3037 = ORIENTED_EDGE('',*,*,#3038,.T.);
#3038 = EDGE_CURVE('',#3039,#3039,#3041,.T.);
#3039 = VERTEX_POINT('',#3040);
#3040 = CARTESIAN_POINT('',(176.5,-61.,0.));
#3041 = CIRCLE('',#3042,2.);
#3042 = AXIS2_PLACEMENT_3D('',#3043,#3044,#3045);
#3043 = CARTESIAN_POINT('',(176.5,-59.,0.));
#3044 = DIRECTION('',(-0.,0.,-1.));
#3045 = DIRECTION('',(-0.,-1.,0.));
#3046 = FACE_BOUND('',#3047,.F.);
#3047 = EDGE_LOOP('',(#3048));
#3048 = ORIENTED_EDGE('',*,*,#3049,.T.);
#3049 = EDGE_CURVE('',#3050,#3050,#3052,.T.);
#3050 = VERTEX_POINT('',#3051);
#3051 = CARTESIAN_POINT('',(149.5,-42.81,0.));
#3052 = CIRCLE('',#3053,0.5);
#3053 = AXIS2_PLACEMENT_3D('',#3054,#3055,#3056);
#3054 = CARTESIAN_POINT('',(149.5,-42.31,0.));
#3055 = DIRECTION('',(-0.,0.,-1.));
#3056 = DIRECTION('',(-0.,-1.,0.));
#3057 = FACE_BOUND('',#3058,.F.);
#3058 = EDGE_LOOP('',(#3059));
#3059 = ORIENTED_EDGE('',*,*,#3060,.T.);
#3060 = EDGE_CURVE('',#3061,#3061,#3063,.T.);
#3061 = VERTEX_POINT('',#3062);
#3062 = CARTESIAN_POINT('',(149.5,-40.27,0.));
#3063 = CIRCLE('',#3064,0.5);
#3064 = AXIS2_PLACEMENT_3D('',#3065,#3066,#3067);
#3065 = CARTESIAN_POINT('',(149.5,-39.77,0.));
#3066 = DIRECTION('',(-0.,0.,-1.));
#3067 = DIRECTION('',(-0.,-1.,0.));
#3068 = FACE_BOUND('',#3069,.F.);
#3069 = EDGE_LOOP('',(#3070));
#3070 = ORIENTED_EDGE('',*,*,#3071,.T.);
#3071 = EDGE_CURVE('',#3072,#3072,#3074,.T.);
#3072 = VERTEX_POINT('',#3073);
#3073 = CARTESIAN_POINT('',(149.5,-37.73,0.));
#3074 = CIRCLE('',#3075,0.5);
#3075 = AXIS2_PLACEMENT_3D('',#3076,#3077,#3078);
#3076 = CARTESIAN_POINT('',(149.5,-37.23,0.));
#3077 = DIRECTION('',(-0.,0.,-1.));
#3078 = DIRECTION('',(-0.,-1.,0.));
#3079 = FACE_BOUND('',#3080,.F.);
#3080 = EDGE_LOOP('',(#3081));
#3081 = ORIENTED_EDGE('',*,*,#3082,.T.);
#3082 = EDGE_CURVE('',#3083,#3083,#3085,.T.);
#3083 = VERTEX_POINT('',#3084);
#3084 = CARTESIAN_POINT('',(149.5,-35.19,0.));
#3085 = CIRCLE('',#3086,0.5);
#3086 = AXIS2_PLACEMENT_3D('',#3087,#3088,#3089);
#3087 = CARTESIAN_POINT('',(149.5,-34.69,0.));
#3088 = DIRECTION('',(-0.,0.,-1.));
#3089 = DIRECTION('',(-0.,-1.,0.));
#3090 = FACE_BOUND('',#3091,.F.);
#3091 = EDGE_LOOP('',(#3092));
#3092 = ORIENTED_EDGE('',*,*,#3093,.T.);
#3093 = EDGE_CURVE('',#3094,#3094,#3096,.T.);
#3094 = VERTEX_POINT('',#3095);
#3095 = CARTESIAN_POINT('',(181.58,-59.85,0.));
#3096 = CIRCLE('',#3097,0.85);
#3097 = AXIS2_PLACEMENT_3D('',#3098,#3099,#3100);
#3098 = CARTESIAN_POINT('',(181.58,-59.,0.));
#3099 = DIRECTION('',(-0.,0.,-1.));
#3100 = DIRECTION('',(3.343730521224E-14,-1.,-0.));
#3101 = FACE_BOUND('',#3102,.F.);
#3102 = EDGE_LOOP('',(#3103,#3114,#3122,#3131));
#3103 = ORIENTED_EDGE('',*,*,#3104,.T.);
#3104 = EDGE_CURVE('',#3105,#3107,#3109,.T.);
#3105 = VERTEX_POINT('',#3106);
#3106 = CARTESIAN_POINT('',(193.65,-59.525,0.));
#3107 = VERTEX_POINT('',#3108);
#3108 = CARTESIAN_POINT('',(192.15,-59.525,0.));
#3109 = CIRCLE('',#3110,0.75);
#3110 = AXIS2_PLACEMENT_3D('',#3111,#3112,#3113);
#3111 = CARTESIAN_POINT('',(192.9,-59.525,0.));
#3112 = DIRECTION('',(-0.,0.,-1.));
#3113 = DIRECTION('',(-1.,0.,0.));
#3114 = ORIENTED_EDGE('',*,*,#3115,.T.);
#3115 = EDGE_CURVE('',#3107,#3116,#3118,.T.);
#3116 = VERTEX_POINT('',#3117);
#3117 = CARTESIAN_POINT('',(192.15,-58.225,0.));
#3118 = LINE('',#3119,#3120);
#3119 = CARTESIAN_POINT('',(192.15,-29.1125,0.));
#3120 = VECTOR('',#3121,1.);
#3121 = DIRECTION('',(-0.,1.,0.));
#3122 = ORIENTED_EDGE('',*,*,#3123,.T.);
#3123 = EDGE_CURVE('',#3116,#3124,#3126,.T.);
#3124 = VERTEX_POINT('',#3125);
#3125 = CARTESIAN_POINT('',(193.65,-58.225,0.));
#3126 = CIRCLE('',#3127,0.75);
#3127 = AXIS2_PLACEMENT_3D('',#3128,#3129,#3130);
#3128 = CARTESIAN_POINT('',(192.9,-58.225,0.));
#3129 = DIRECTION('',(0.,-0.,-1.));
#3130 = DIRECTION('',(1.,0.,-0.));
#3131 = ORIENTED_EDGE('',*,*,#3132,.T.);
#3132 = EDGE_CURVE('',#3124,#3105,#3133,.T.);
#3133 = LINE('',#3134,#3135);
#3134 = CARTESIAN_POINT('',(193.65,-29.7625,0.));
#3135 = VECTOR('',#3136,1.);
#3136 = DIRECTION('',(0.,-1.,0.));
#3137 = FACE_BOUND('',#3138,.F.);
#3138 = EDGE_LOOP('',(#3139));
#3139 = ORIENTED_EDGE('',*,*,#3140,.T.);
#3140 = EDGE_CURVE('',#3141,#3141,#3143,.T.);
#3141 = VERTEX_POINT('',#3142);
#3142 = CARTESIAN_POINT('',(179.04,-54.67,0.));
#3143 = CIRCLE('',#3144,0.75);
#3144 = AXIS2_PLACEMENT_3D('',#3145,#3146,#3147);
#3145 = CARTESIAN_POINT('',(179.04,-53.92,0.));
#3146 = DIRECTION('',(-0.,0.,-1.));
#3147 = DIRECTION('',(-0.,-1.,0.));
#3148 = FACE_BOUND('',#3149,.F.);
#3149 = EDGE_LOOP('',(#3150,#3161,#3169,#3178));
#3150 = ORIENTED_EDGE('',*,*,#3151,.T.);
#3151 = EDGE_CURVE('',#3152,#3154,#3156,.T.);
#3152 = VERTEX_POINT('',#3153);
#3153 = CARTESIAN_POINT('',(204.85,-59.525,0.));
#3154 = VERTEX_POINT('',#3155);
#3155 = CARTESIAN_POINT('',(203.35,-59.525,0.));
#3156 = CIRCLE('',#3157,0.75);
#3157 = AXIS2_PLACEMENT_3D('',#3158,#3159,#3160);
#3158 = CARTESIAN_POINT('',(204.1,-59.525,0.));
#3159 = DIRECTION('',(-0.,0.,-1.));
#3160 = DIRECTION('',(-1.,0.,0.));
#3161 = ORIENTED_EDGE('',*,*,#3162,.T.);
#3162 = EDGE_CURVE('',#3154,#3163,#3165,.T.);
#3163 = VERTEX_POINT('',#3164);
#3164 = CARTESIAN_POINT('',(203.35,-58.225,0.));
#3165 = LINE('',#3166,#3167);
#3166 = CARTESIAN_POINT('',(203.35,-29.1125,0.));
#3167 = VECTOR('',#3168,1.);
#3168 = DIRECTION('',(-0.,1.,0.));
#3169 = ORIENTED_EDGE('',*,*,#3170,.T.);
#3170 = EDGE_CURVE('',#3163,#3171,#3173,.T.);
#3171 = VERTEX_POINT('',#3172);
#3172 = CARTESIAN_POINT('',(204.85,-58.225,0.));
#3173 = CIRCLE('',#3174,0.75);
#3174 = AXIS2_PLACEMENT_3D('',#3175,#3176,#3177);
#3175 = CARTESIAN_POINT('',(204.1,-58.225,0.));
#3176 = DIRECTION('',(0.,-0.,-1.));
#3177 = DIRECTION('',(1.,0.,-0.));
#3178 = ORIENTED_EDGE('',*,*,#3179,.T.);
#3179 = EDGE_CURVE('',#3171,#3152,#3180,.T.);
#3180 = LINE('',#3181,#3182);
#3181 = CARTESIAN_POINT('',(204.85,-29.7625,0.));
#3182 = VECTOR('',#3183,1.);
#3183 = DIRECTION('',(0.,-1.,0.));
#3184 = FACE_BOUND('',#3185,.F.);
#3185 = EDGE_LOOP('',(#3186));
#3186 = ORIENTED_EDGE('',*,*,#3187,.T.);
#3187 = EDGE_CURVE('',#3188,#3188,#3190,.T.);
#3188 = VERTEX_POINT('',#3189);
#3189 = CARTESIAN_POINT('',(196.,-51.875,0.));
#3190 = CIRCLE('',#3191,0.5);
#3191 = AXIS2_PLACEMENT_3D('',#3192,#3193,#3194);
#3192 = CARTESIAN_POINT('',(196.,-51.375,0.));
#3193 = DIRECTION('',(-0.,0.,-1.));
#3194 = DIRECTION('',(-0.,-1.,0.));
#3195 = FACE_BOUND('',#3196,.F.);
#3196 = EDGE_LOOP('',(#3197));
#3197 = ORIENTED_EDGE('',*,*,#3198,.T.);
#3198 = EDGE_CURVE('',#3199,#3199,#3201,.T.);
#3199 = VERTEX_POINT('',#3200);
#3200 = CARTESIAN_POINT('',(198.5,-51.875,0.));
#3201 = CIRCLE('',#3202,0.5);
#3202 = AXIS2_PLACEMENT_3D('',#3203,#3204,#3205);
#3203 = CARTESIAN_POINT('',(198.5,-51.375,0.));
#3204 = DIRECTION('',(-0.,0.,-1.));
#3205 = DIRECTION('',(-0.,-1.,0.));
#3206 = FACE_BOUND('',#3207,.F.);
#3207 = EDGE_LOOP('',(#3208));
#3208 = ORIENTED_EDGE('',*,*,#3209,.T.);
#3209 = EDGE_CURVE('',#3210,#3210,#3212,.T.);
#3210 = VERTEX_POINT('',#3211);
#3211 = CARTESIAN_POINT('',(201.,-51.875,0.));
#3212 = CIRCLE('',#3213,0.5);
#3213 = AXIS2_PLACEMENT_3D('',#3214,#3215,#3216);
#3214 = CARTESIAN_POINT('',(201.,-51.375,0.));
#3215 = DIRECTION('',(-0.,0.,-1.));
#3216 = DIRECTION('',(-0.,-1.,0.));
#3217 = FACE_BOUND('',#3218,.F.);
#3218 = EDGE_LOOP('',(#3219));
#3219 = ORIENTED_EDGE('',*,*,#3220,.T.);
#3220 = EDGE_CURVE('',#3221,#3221,#3223,.T.);
#3221 = VERTEX_POINT('',#3222);
#3222 = CARTESIAN_POINT('',(191.875,-46.12,0.));
#3223 = CIRCLE('',#3224,0.5);
#3224 = AXIS2_PLACEMENT_3D('',#3225,#3226,#3227);
#3225 = CARTESIAN_POINT('',(191.875,-45.62,0.));
#3226 = DIRECTION('',(-0.,0.,-1.));
#3227 = DIRECTION('',(-0.,-1.,0.));
#3228 = FACE_BOUND('',#3229,.F.);
#3229 = EDGE_LOOP('',(#3230));
#3230 = ORIENTED_EDGE('',*,*,#3231,.T.);
#3231 = EDGE_CURVE('',#3232,#3232,#3234,.T.);
#3232 = VERTEX_POINT('',#3233);
#3233 = CARTESIAN_POINT('',(191.875,-43.58,0.));
#3234 = CIRCLE('',#3235,0.5);
#3235 = AXIS2_PLACEMENT_3D('',#3236,#3237,#3238);
#3236 = CARTESIAN_POINT('',(191.875,-43.08,0.));
#3237 = DIRECTION('',(-0.,0.,-1.));
#3238 = DIRECTION('',(-0.,-1.,0.));
#3239 = FACE_BOUND('',#3240,.F.);
#3240 = EDGE_LOOP('',(#3241));
#3241 = ORIENTED_EDGE('',*,*,#3242,.T.);
#3242 = EDGE_CURVE('',#3243,#3243,#3245,.T.);
#3243 = VERTEX_POINT('',#3244);
#3244 = CARTESIAN_POINT('',(191.875,-41.04,0.));
#3245 = CIRCLE('',#3246,0.5);
#3246 = AXIS2_PLACEMENT_3D('',#3247,#3248,#3249);
#3247 = CARTESIAN_POINT('',(191.875,-40.54,0.));
#3248 = DIRECTION('',(-0.,0.,-1.));
#3249 = DIRECTION('',(-0.,-1.,0.));
#3250 = FACE_BOUND('',#3251,.F.);
#3251 = EDGE_LOOP('',(#3252));
#3252 = ORIENTED_EDGE('',*,*,#3253,.T.);
#3253 = EDGE_CURVE('',#3254,#3254,#3256,.T.);
#3254 = VERTEX_POINT('',#3255);
#3255 = CARTESIAN_POINT('',(191.875,-38.5,0.));
#3256 = CIRCLE('',#3257,0.5);
#3257 = AXIS2_PLACEMENT_3D('',#3258,#3259,#3260);
#3258 = CARTESIAN_POINT('',(191.875,-38.,0.));
#3259 = DIRECTION('',(-0.,0.,-1.));
#3260 = DIRECTION('',(-0.,-1.,0.));
#3261 = FACE_BOUND('',#3262,.F.);
#3262 = EDGE_LOOP('',(#3263));
#3263 = ORIENTED_EDGE('',*,*,#3264,.T.);
#3264 = EDGE_CURVE('',#3265,#3265,#3267,.T.);
#3265 = VERTEX_POINT('',#3266);
#3266 = CARTESIAN_POINT('',(191.875,-35.96,0.));
#3267 = CIRCLE('',#3268,0.5);
#3268 = AXIS2_PLACEMENT_3D('',#3269,#3270,#3271);
#3269 = CARTESIAN_POINT('',(191.875,-35.46,0.));
#3270 = DIRECTION('',(-0.,0.,-1.));
#3271 = DIRECTION('',(-0.,-1.,0.));
#3272 = FACE_BOUND('',#3273,.F.);
#3273 = EDGE_LOOP('',(#3274));
#3274 = ORIENTED_EDGE('',*,*,#3275,.T.);
#3275 = EDGE_CURVE('',#3276,#3276,#3278,.T.);
#3276 = VERTEX_POINT('',#3277);
#3277 = CARTESIAN_POINT('',(191.875,-33.42,0.));
#3278 = CIRCLE('',#3279,0.5);
#3279 = AXIS2_PLACEMENT_3D('',#3280,#3281,#3282);
#3280 = CARTESIAN_POINT('',(191.875,-32.92,0.));
#3281 = DIRECTION('',(-0.,0.,-1.));
#3282 = DIRECTION('',(-0.,-1.,0.));
#3283 = FACE_BOUND('',#3284,.F.);
#3284 = EDGE_LOOP('',(#3285));
#3285 = ORIENTED_EDGE('',*,*,#3286,.T.);
#3286 = EDGE_CURVE('',#3287,#3287,#3289,.T.);
#3287 = VERTEX_POINT('',#3288);
#3288 = CARTESIAN_POINT('',(191.875,-30.88,0.));
#3289 = CIRCLE('',#3290,0.5);
#3290 = AXIS2_PLACEMENT_3D('',#3291,#3292,#3293);
#3291 = CARTESIAN_POINT('',(191.875,-30.38,0.));
#3292 = DIRECTION('',(-0.,0.,-1.));
#3293 = DIRECTION('',(-0.,-1.,0.));
#3294 = FACE_BOUND('',#3295,.F.);
#3295 = EDGE_LOOP('',(#3296));
#3296 = ORIENTED_EDGE('',*,*,#3297,.T.);
#3297 = EDGE_CURVE('',#3298,#3298,#3300,.T.);
#3298 = VERTEX_POINT('',#3299);
#3299 = CARTESIAN_POINT('',(207.125,-46.12,0.));
#3300 = CIRCLE('',#3301,0.5);
#3301 = AXIS2_PLACEMENT_3D('',#3302,#3303,#3304);
#3302 = CARTESIAN_POINT('',(207.125,-45.62,0.));
#3303 = DIRECTION('',(-0.,0.,-1.));
#3304 = DIRECTION('',(-0.,-1.,0.));
#3305 = FACE_BOUND('',#3306,.F.);
#3306 = EDGE_LOOP('',(#3307));
#3307 = ORIENTED_EDGE('',*,*,#3308,.T.);
#3308 = EDGE_CURVE('',#3309,#3309,#3311,.T.);
#3309 = VERTEX_POINT('',#3310);
#3310 = CARTESIAN_POINT('',(207.125,-43.58,0.));
#3311 = CIRCLE('',#3312,0.5);
#3312 = AXIS2_PLACEMENT_3D('',#3313,#3314,#3315);
#3313 = CARTESIAN_POINT('',(207.125,-43.08,0.));
#3314 = DIRECTION('',(-0.,0.,-1.));
#3315 = DIRECTION('',(-0.,-1.,0.));
#3316 = FACE_BOUND('',#3317,.F.);
#3317 = EDGE_LOOP('',(#3318));
#3318 = ORIENTED_EDGE('',*,*,#3319,.T.);
#3319 = EDGE_CURVE('',#3320,#3320,#3322,.T.);
#3320 = VERTEX_POINT('',#3321);
#3321 = CARTESIAN_POINT('',(207.125,-41.04,0.));
#3322 = CIRCLE('',#3323,0.5);
#3323 = AXIS2_PLACEMENT_3D('',#3324,#3325,#3326);
#3324 = CARTESIAN_POINT('',(207.125,-40.54,0.));
#3325 = DIRECTION('',(-0.,0.,-1.));
#3326 = DIRECTION('',(-0.,-1.,0.));
#3327 = FACE_BOUND('',#3328,.F.);
#3328 = EDGE_LOOP('',(#3329));
#3329 = ORIENTED_EDGE('',*,*,#3330,.T.);
#3330 = EDGE_CURVE('',#3331,#3331,#3333,.T.);
#3331 = VERTEX_POINT('',#3332);
#3332 = CARTESIAN_POINT('',(207.125,-38.5,0.));
#3333 = CIRCLE('',#3334,0.5);
#3334 = AXIS2_PLACEMENT_3D('',#3335,#3336,#3337);
#3335 = CARTESIAN_POINT('',(207.125,-38.,0.));
#3336 = DIRECTION('',(-0.,0.,-1.));
#3337 = DIRECTION('',(-0.,-1.,0.));
#3338 = FACE_BOUND('',#3339,.F.);
#3339 = EDGE_LOOP('',(#3340));
#3340 = ORIENTED_EDGE('',*,*,#3341,.T.);
#3341 = EDGE_CURVE('',#3342,#3342,#3344,.T.);
#3342 = VERTEX_POINT('',#3343);
#3343 = CARTESIAN_POINT('',(207.125,-35.96,0.));
#3344 = CIRCLE('',#3345,0.5);
#3345 = AXIS2_PLACEMENT_3D('',#3346,#3347,#3348);
#3346 = CARTESIAN_POINT('',(207.125,-35.46,0.));
#3347 = DIRECTION('',(-0.,0.,-1.));
#3348 = DIRECTION('',(-0.,-1.,0.));
#3349 = FACE_BOUND('',#3350,.F.);
#3350 = EDGE_LOOP('',(#3351));
#3351 = ORIENTED_EDGE('',*,*,#3352,.T.);
#3352 = EDGE_CURVE('',#3353,#3353,#3355,.T.);
#3353 = VERTEX_POINT('',#3354);
#3354 = CARTESIAN_POINT('',(207.125,-33.42,0.));
#3355 = CIRCLE('',#3356,0.5);
#3356 = AXIS2_PLACEMENT_3D('',#3357,#3358,#3359);
#3357 = CARTESIAN_POINT('',(207.125,-32.92,0.));
#3358 = DIRECTION('',(-0.,0.,-1.));
#3359 = DIRECTION('',(-0.,-1.,0.));
#3360 = FACE_BOUND('',#3361,.F.);
#3361 = EDGE_LOOP('',(#3362));
#3362 = ORIENTED_EDGE('',*,*,#3363,.T.);
#3363 = EDGE_CURVE('',#3364,#3364,#3366,.T.);
#3364 = VERTEX_POINT('',#3365);
#3365 = CARTESIAN_POINT('',(207.125,-30.88,0.));
#3366 = CIRCLE('',#3367,0.5);
#3367 = AXIS2_PLACEMENT_3D('',#3368,#3369,#3370);
#3368 = CARTESIAN_POINT('',(207.125,-30.38,0.));
#3369 = DIRECTION('',(-0.,0.,-1.));
#3370 = DIRECTION('',(-0.,-1.,0.));
#3371 = PLANE('',#3372);
#3372 = AXIS2_PLACEMENT_3D('',#3373,#3374,#3375);
#3373 = CARTESIAN_POINT('',(0.,0.,0.));
#3374 = DIRECTION('',(0.,0.,1.));
#3375 = DIRECTION('',(1.,0.,-0.));
#3376 = ADVANCED_FACE('',(#3377,#3388,#3562,#3573,#3584,#3595,#3769,
    #3780,#3791,#3802,#3813,#3987,#3998,#4172,#4183,#4194,#4205,#4241,
    #4277,#4288,#4299,#4310,#4321,#4495,#4506,#4517,#4528,#4539,#4550,
    #4561,#4572,#4583,#4594,#4605,#4616,#4627,#4638,#4649,#4660,#4696,
    #4707,#4743,#4754,#4765,#4776,#4787,#4798,#4809,#4820,#4831,#4842,
    #4853,#4864,#4875,#4886,#4897,#4908,#4919),#4930,.T.);
#3377 = FACE_BOUND('',#3378,.T.);
#3378 = EDGE_LOOP('',(#3379,#3380,#3381,#3387));
#3379 = ORIENTED_EDGE('',*,*,#1729,.F.);
#3380 = ORIENTED_EDGE('',*,*,#1769,.F.);
#3381 = ORIENTED_EDGE('',*,*,#3382,.F.);
#3382 = EDGE_CURVE('',#1792,#1762,#3383,.T.);
#3383 = LINE('',#3384,#3385);
#3384 = CARTESIAN_POINT('',(145.,-26.5,1.51));
#3385 = VECTOR('',#3386,1.);
#3386 = DIRECTION('',(1.,0.,0.));
#3387 = ORIENTED_EDGE('',*,*,#1791,.F.);
#3388 = FACE_BOUND('',#3389,.T.);
#3389 = EDGE_LOOP('',(#3390,#3401,#3410,#3418,#3426,#3435,#3444,#3453,
    #3461,#3469,#3478,#3487,#3496,#3504,#3512,#3521,#3530,#3539,#3547,
    #3555));
#3390 = ORIENTED_EDGE('',*,*,#3391,.F.);
#3391 = EDGE_CURVE('',#3392,#3394,#3396,.T.);
#3392 = VERTEX_POINT('',#3393);
#3393 = CARTESIAN_POINT('',(158.743934,-96.143345,1.51));
#3394 = VERTEX_POINT('',#3395);
#3395 = CARTESIAN_POINT('',(158.056655,-95.456066,1.51));
#3396 = CIRCLE('',#3397,0.499999603944);
#3397 = AXIS2_PLACEMENT_3D('',#3398,#3399,#3400);
#3398 = CARTESIAN_POINT('',(158.31715788946,-95.88284211054,1.51));
#3399 = DIRECTION('',(0.,0.,1.));
#3400 = DIRECTION('',(0.853552897188,-0.521006191616,0.));
#3401 = ORIENTED_EDGE('',*,*,#3402,.F.);
#3402 = EDGE_CURVE('',#3403,#3392,#3405,.T.);
#3403 = VERTEX_POINT('',#3404);
#3404 = CARTESIAN_POINT('',(158.7,-96.299647,1.51));
#3405 = CIRCLE('',#3406,0.299998582342);
#3406 = AXIS2_PLACEMENT_3D('',#3407,#3408,#3409);
#3407 = CARTESIAN_POINT('',(158.99999858234,-96.29964624464,1.51));
#3408 = DIRECTION('',(0.,0.,-1.));
#3409 = DIRECTION('',(-0.999999999997,-2.517860820172E-06,-0.));
#3410 = ORIENTED_EDGE('',*,*,#3411,.F.);
#3411 = EDGE_CURVE('',#3412,#3403,#3414,.T.);
#3412 = VERTEX_POINT('',#3413);
#3413 = CARTESIAN_POINT('',(158.7,-97.,1.51));
#3414 = LINE('',#3415,#3416);
#3415 = CARTESIAN_POINT('',(158.7,-97.,1.51));
#3416 = VECTOR('',#3417,1.);
#3417 = DIRECTION('',(0.,1.,0.));
#3418 = ORIENTED_EDGE('',*,*,#3419,.F.);
#3419 = EDGE_CURVE('',#3420,#3412,#3422,.T.);
#3420 = VERTEX_POINT('',#3421);
#3421 = CARTESIAN_POINT('',(158.7,-97.700353,1.51));
#3422 = LINE('',#3423,#3424);
#3423 = CARTESIAN_POINT('',(158.7,-97.700353,1.51));
#3424 = VECTOR('',#3425,1.);
#3425 = DIRECTION('',(0.,1.,0.));
#3426 = ORIENTED_EDGE('',*,*,#3427,.F.);
#3427 = EDGE_CURVE('',#3428,#3420,#3430,.T.);
#3428 = VERTEX_POINT('',#3429);
#3429 = CARTESIAN_POINT('',(158.743934,-97.856655,1.51));
#3430 = CIRCLE('',#3431,0.299998582342);
#3431 = AXIS2_PLACEMENT_3D('',#3432,#3433,#3434);
#3432 = CARTESIAN_POINT('',(158.99999858234,-97.70035375535,1.51));
#3433 = DIRECTION('',(0.,0.,-1.));
#3434 = DIRECTION('',(-0.853552641289,-0.521006610849,-0.));
#3435 = ORIENTED_EDGE('',*,*,#3436,.F.);
#3436 = EDGE_CURVE('',#3437,#3428,#3439,.T.);
#3437 = VERTEX_POINT('',#3438);
#3438 = CARTESIAN_POINT('',(158.056655,-98.543934,1.51));
#3439 = CIRCLE('',#3440,0.499999603944);
#3440 = AXIS2_PLACEMENT_3D('',#3441,#3442,#3443);
#3441 = CARTESIAN_POINT('',(158.31715788946,-98.11715788946,1.51));
#3442 = DIRECTION('',(0.,0.,1.));
#3443 = DIRECTION('',(-0.521006191616,-0.853552897188,0.));
#3444 = ORIENTED_EDGE('',*,*,#3445,.F.);
#3445 = EDGE_CURVE('',#3446,#3437,#3448,.T.);
#3446 = VERTEX_POINT('',#3447);
#3447 = CARTESIAN_POINT('',(157.900353,-98.5,1.51));
#3448 = CIRCLE('',#3449,0.299998582341);
#3449 = AXIS2_PLACEMENT_3D('',#3450,#3451,#3452);
#3450 = CARTESIAN_POINT('',(157.90035375535,-98.79999858234,1.51));
#3451 = DIRECTION('',(0.,0.,-1.));
#3452 = DIRECTION('',(-2.517861388613E-06,0.999999999997,0.));
#3453 = ORIENTED_EDGE('',*,*,#3454,.F.);
#3454 = EDGE_CURVE('',#3455,#3446,#3457,.T.);
#3455 = VERTEX_POINT('',#3456);
#3456 = CARTESIAN_POINT('',(157.,-98.5,1.51));
#3457 = LINE('',#3458,#3459);
#3458 = CARTESIAN_POINT('',(157.,-98.5,1.51));
#3459 = VECTOR('',#3460,1.);
#3460 = DIRECTION('',(1.,0.,0.));
#3461 = ORIENTED_EDGE('',*,*,#3462,.F.);
#3462 = EDGE_CURVE('',#3463,#3455,#3465,.T.);
#3463 = VERTEX_POINT('',#3464);
#3464 = CARTESIAN_POINT('',(156.099647,-98.5,1.51));
#3465 = LINE('',#3466,#3467);
#3466 = CARTESIAN_POINT('',(156.099647,-98.5,1.51));
#3467 = VECTOR('',#3468,1.);
#3468 = DIRECTION('',(1.,0.,0.));
#3469 = ORIENTED_EDGE('',*,*,#3470,.F.);
#3470 = EDGE_CURVE('',#3471,#3463,#3473,.T.);
#3471 = VERTEX_POINT('',#3472);
#3472 = CARTESIAN_POINT('',(155.943345,-98.543934,1.51));
#3473 = CIRCLE('',#3474,0.299998582341);
#3474 = AXIS2_PLACEMENT_3D('',#3475,#3476,#3477);
#3475 = CARTESIAN_POINT('',(156.09964624464,-98.79999858234,1.51));
#3476 = DIRECTION('',(0.,0.,-1.));
#3477 = DIRECTION('',(-0.52100661085,0.853552641289,0.));
#3478 = ORIENTED_EDGE('',*,*,#3479,.F.);
#3479 = EDGE_CURVE('',#3480,#3471,#3482,.T.);
#3480 = VERTEX_POINT('',#3481);
#3481 = CARTESIAN_POINT('',(155.256066,-97.856655,1.51));
#3482 = CIRCLE('',#3483,0.499999603944);
#3483 = AXIS2_PLACEMENT_3D('',#3484,#3485,#3486);
#3484 = CARTESIAN_POINT('',(155.68284211054,-98.11715788946,1.51));
#3485 = DIRECTION('',(0.,0.,1.));
#3486 = DIRECTION('',(-0.853552897188,0.521006191616,0.));
#3487 = ORIENTED_EDGE('',*,*,#3488,.F.);
#3488 = EDGE_CURVE('',#3489,#3480,#3491,.T.);
#3489 = VERTEX_POINT('',#3490);
#3490 = CARTESIAN_POINT('',(155.3,-97.700353,1.51));
#3491 = CIRCLE('',#3492,0.299998582342);
#3492 = AXIS2_PLACEMENT_3D('',#3493,#3494,#3495);
#3493 = CARTESIAN_POINT('',(155.00000141765,-97.70035375535,1.51));
#3494 = DIRECTION('',(0.,0.,-1.));
#3495 = DIRECTION('',(0.999999999997,2.517860820172E-06,0.));
#3496 = ORIENTED_EDGE('',*,*,#3497,.F.);
#3497 = EDGE_CURVE('',#3498,#3489,#3500,.T.);
#3498 = VERTEX_POINT('',#3499);
#3499 = CARTESIAN_POINT('',(155.3,-97.,1.51));
#3500 = LINE('',#3501,#3502);
#3501 = CARTESIAN_POINT('',(155.3,-97.,1.51));
#3502 = VECTOR('',#3503,1.);
#3503 = DIRECTION('',(0.,-1.,0.));
#3504 = ORIENTED_EDGE('',*,*,#3505,.F.);
#3505 = EDGE_CURVE('',#3506,#3498,#3508,.T.);
#3506 = VERTEX_POINT('',#3507);
#3507 = CARTESIAN_POINT('',(155.3,-96.299647,1.51));
#3508 = LINE('',#3509,#3510);
#3509 = CARTESIAN_POINT('',(155.3,-96.299647,1.51));
#3510 = VECTOR('',#3511,1.);
#3511 = DIRECTION('',(0.,-1.,0.));
#3512 = ORIENTED_EDGE('',*,*,#3513,.F.);
#3513 = EDGE_CURVE('',#3514,#3506,#3516,.T.);
#3514 = VERTEX_POINT('',#3515);
#3515 = CARTESIAN_POINT('',(155.256066,-96.143345,1.51));
#3516 = CIRCLE('',#3517,0.299998582342);
#3517 = AXIS2_PLACEMENT_3D('',#3518,#3519,#3520);
#3518 = CARTESIAN_POINT('',(155.00000141765,-96.29964624464,1.51));
#3519 = DIRECTION('',(0.,0.,-1.));
#3520 = DIRECTION('',(0.853552641289,0.521006610849,0.));
#3521 = ORIENTED_EDGE('',*,*,#3522,.F.);
#3522 = EDGE_CURVE('',#3523,#3514,#3525,.T.);
#3523 = VERTEX_POINT('',#3524);
#3524 = CARTESIAN_POINT('',(155.943345,-95.456066,1.51));
#3525 = CIRCLE('',#3526,0.499999603944);
#3526 = AXIS2_PLACEMENT_3D('',#3527,#3528,#3529);
#3527 = CARTESIAN_POINT('',(155.68284211054,-95.88284211054,1.51));
#3528 = DIRECTION('',(0.,0.,1.));
#3529 = DIRECTION('',(0.521006191616,0.853552897188,-0.));
#3530 = ORIENTED_EDGE('',*,*,#3531,.F.);
#3531 = EDGE_CURVE('',#3532,#3523,#3534,.T.);
#3532 = VERTEX_POINT('',#3533);
#3533 = CARTESIAN_POINT('',(156.099647,-95.5,1.51));
#3534 = CIRCLE('',#3535,0.299998582341);
#3535 = AXIS2_PLACEMENT_3D('',#3536,#3537,#3538);
#3536 = CARTESIAN_POINT('',(156.09964624464,-95.20000141766,1.51));
#3537 = DIRECTION('',(0.,0.,-1.));
#3538 = DIRECTION('',(2.517861388613E-06,-0.999999999997,0.));
#3539 = ORIENTED_EDGE('',*,*,#3540,.F.);
#3540 = EDGE_CURVE('',#3541,#3532,#3543,.T.);
#3541 = VERTEX_POINT('',#3542);
#3542 = CARTESIAN_POINT('',(157.,-95.5,1.51));
#3543 = LINE('',#3544,#3545);
#3544 = CARTESIAN_POINT('',(157.,-95.5,1.51));
#3545 = VECTOR('',#3546,1.);
#3546 = DIRECTION('',(-1.,0.,0.));
#3547 = ORIENTED_EDGE('',*,*,#3548,.F.);
#3548 = EDGE_CURVE('',#3549,#3541,#3551,.T.);
#3549 = VERTEX_POINT('',#3550);
#3550 = CARTESIAN_POINT('',(157.900353,-95.5,1.51));
#3551 = LINE('',#3552,#3553);
#3552 = CARTESIAN_POINT('',(157.900353,-95.5,1.51));
#3553 = VECTOR('',#3554,1.);
#3554 = DIRECTION('',(-1.,0.,0.));
#3555 = ORIENTED_EDGE('',*,*,#3556,.F.);
#3556 = EDGE_CURVE('',#3394,#3549,#3557,.T.);
#3557 = CIRCLE('',#3558,0.299998582341);
#3558 = AXIS2_PLACEMENT_3D('',#3559,#3560,#3561);
#3559 = CARTESIAN_POINT('',(157.90035375535,-95.20000141766,1.51));
#3560 = DIRECTION('',(0.,0.,-1.));
#3561 = DIRECTION('',(0.52100661085,-0.853552641289,0.));
#3562 = FACE_BOUND('',#3563,.T.);
#3563 = EDGE_LOOP('',(#3564));
#3564 = ORIENTED_EDGE('',*,*,#3565,.T.);
#3565 = EDGE_CURVE('',#3566,#3566,#3568,.T.);
#3566 = VERTEX_POINT('',#3567);
#3567 = CARTESIAN_POINT('',(152.92,-84.35,1.51));
#3568 = CIRCLE('',#3569,0.85);
#3569 = AXIS2_PLACEMENT_3D('',#3570,#3571,#3572);
#3570 = CARTESIAN_POINT('',(152.92,-83.5,1.51));
#3571 = DIRECTION('',(-0.,0.,-1.));
#3572 = DIRECTION('',(-3.343730521224E-14,-1.,0.));
#3573 = FACE_BOUND('',#3574,.T.);
#3574 = EDGE_LOOP('',(#3575));
#3575 = ORIENTED_EDGE('',*,*,#3576,.T.);
#3576 = EDGE_CURVE('',#3577,#3577,#3579,.T.);
#3577 = VERTEX_POINT('',#3578);
#3578 = CARTESIAN_POINT('',(158.,-85.5,1.51));
#3579 = CIRCLE('',#3580,2.);
#3580 = AXIS2_PLACEMENT_3D('',#3581,#3582,#3583);
#3581 = CARTESIAN_POINT('',(158.,-83.5,1.51));
#3582 = DIRECTION('',(-0.,0.,-1.));
#3583 = DIRECTION('',(-0.,-1.,0.));
#3584 = FACE_BOUND('',#3585,.T.);
#3585 = EDGE_LOOP('',(#3586));
#3586 = ORIENTED_EDGE('',*,*,#3587,.T.);
#3587 = EDGE_CURVE('',#3588,#3588,#3590,.T.);
#3588 = VERTEX_POINT('',#3589);
#3589 = CARTESIAN_POINT('',(163.08,-84.35,1.51));
#3590 = CIRCLE('',#3591,0.85);
#3591 = AXIS2_PLACEMENT_3D('',#3592,#3593,#3594);
#3592 = CARTESIAN_POINT('',(163.08,-83.5,1.51));
#3593 = DIRECTION('',(-0.,0.,-1.));
#3594 = DIRECTION('',(3.343730521224E-14,-1.,-0.));
#3595 = FACE_BOUND('',#3596,.T.);
#3596 = EDGE_LOOP('',(#3597,#3608,#3617,#3625,#3633,#3642,#3651,#3660,
    #3668,#3676,#3685,#3694,#3703,#3711,#3719,#3728,#3737,#3746,#3754,
    #3762));
#3597 = ORIENTED_EDGE('',*,*,#3598,.F.);
#3598 = EDGE_CURVE('',#3599,#3601,#3603,.T.);
#3599 = VERTEX_POINT('',#3600);
#3600 = CARTESIAN_POINT('',(178.743934,-96.143345,1.51));
#3601 = VERTEX_POINT('',#3602);
#3602 = CARTESIAN_POINT('',(178.056655,-95.456066,1.51));
#3603 = CIRCLE('',#3604,0.499999603944);
#3604 = AXIS2_PLACEMENT_3D('',#3605,#3606,#3607);
#3605 = CARTESIAN_POINT('',(178.31715788946,-95.88284211054,1.51));
#3606 = DIRECTION('',(0.,0.,1.));
#3607 = DIRECTION('',(0.853552897188,-0.521006191616,0.));
#3608 = ORIENTED_EDGE('',*,*,#3609,.F.);
#3609 = EDGE_CURVE('',#3610,#3599,#3612,.T.);
#3610 = VERTEX_POINT('',#3611);
#3611 = CARTESIAN_POINT('',(178.7,-96.299647,1.51));
#3612 = CIRCLE('',#3613,0.299998582342);
#3613 = AXIS2_PLACEMENT_3D('',#3614,#3615,#3616);
#3614 = CARTESIAN_POINT('',(178.99999858234,-96.29964624464,1.51));
#3615 = DIRECTION('',(0.,0.,-1.));
#3616 = DIRECTION('',(-0.999999999997,-2.517860820172E-06,-0.));
#3617 = ORIENTED_EDGE('',*,*,#3618,.F.);
#3618 = EDGE_CURVE('',#3619,#3610,#3621,.T.);
#3619 = VERTEX_POINT('',#3620);
#3620 = CARTESIAN_POINT('',(178.7,-97.,1.51));
#3621 = LINE('',#3622,#3623);
#3622 = CARTESIAN_POINT('',(178.7,-97.,1.51));
#3623 = VECTOR('',#3624,1.);
#3624 = DIRECTION('',(0.,1.,0.));
#3625 = ORIENTED_EDGE('',*,*,#3626,.F.);
#3626 = EDGE_CURVE('',#3627,#3619,#3629,.T.);
#3627 = VERTEX_POINT('',#3628);
#3628 = CARTESIAN_POINT('',(178.7,-97.700353,1.51));
#3629 = LINE('',#3630,#3631);
#3630 = CARTESIAN_POINT('',(178.7,-97.700353,1.51));
#3631 = VECTOR('',#3632,1.);
#3632 = DIRECTION('',(0.,1.,0.));
#3633 = ORIENTED_EDGE('',*,*,#3634,.F.);
#3634 = EDGE_CURVE('',#3635,#3627,#3637,.T.);
#3635 = VERTEX_POINT('',#3636);
#3636 = CARTESIAN_POINT('',(178.743934,-97.856655,1.51));
#3637 = CIRCLE('',#3638,0.299998582342);
#3638 = AXIS2_PLACEMENT_3D('',#3639,#3640,#3641);
#3639 = CARTESIAN_POINT('',(178.99999858234,-97.70035375535,1.51));
#3640 = DIRECTION('',(0.,0.,-1.));
#3641 = DIRECTION('',(-0.853552641289,-0.521006610849,-0.));
#3642 = ORIENTED_EDGE('',*,*,#3643,.F.);
#3643 = EDGE_CURVE('',#3644,#3635,#3646,.T.);
#3644 = VERTEX_POINT('',#3645);
#3645 = CARTESIAN_POINT('',(178.056655,-98.543934,1.51));
#3646 = CIRCLE('',#3647,0.499999603944);
#3647 = AXIS2_PLACEMENT_3D('',#3648,#3649,#3650);
#3648 = CARTESIAN_POINT('',(178.31715788946,-98.11715788946,1.51));
#3649 = DIRECTION('',(0.,0.,1.));
#3650 = DIRECTION('',(-0.521006191616,-0.853552897188,0.));
#3651 = ORIENTED_EDGE('',*,*,#3652,.F.);
#3652 = EDGE_CURVE('',#3653,#3644,#3655,.T.);
#3653 = VERTEX_POINT('',#3654);
#3654 = CARTESIAN_POINT('',(177.900353,-98.5,1.51));
#3655 = CIRCLE('',#3656,0.299998582341);
#3656 = AXIS2_PLACEMENT_3D('',#3657,#3658,#3659);
#3657 = CARTESIAN_POINT('',(177.90035375535,-98.79999858234,1.51));
#3658 = DIRECTION('',(0.,0.,-1.));
#3659 = DIRECTION('',(-2.517861388613E-06,0.999999999997,0.));
#3660 = ORIENTED_EDGE('',*,*,#3661,.F.);
#3661 = EDGE_CURVE('',#3662,#3653,#3664,.T.);
#3662 = VERTEX_POINT('',#3663);
#3663 = CARTESIAN_POINT('',(177.,-98.5,1.51));
#3664 = LINE('',#3665,#3666);
#3665 = CARTESIAN_POINT('',(177.,-98.5,1.51));
#3666 = VECTOR('',#3667,1.);
#3667 = DIRECTION('',(1.,0.,0.));
#3668 = ORIENTED_EDGE('',*,*,#3669,.F.);
#3669 = EDGE_CURVE('',#3670,#3662,#3672,.T.);
#3670 = VERTEX_POINT('',#3671);
#3671 = CARTESIAN_POINT('',(176.099647,-98.5,1.51));
#3672 = LINE('',#3673,#3674);
#3673 = CARTESIAN_POINT('',(176.099647,-98.5,1.51));
#3674 = VECTOR('',#3675,1.);
#3675 = DIRECTION('',(1.,0.,0.));
#3676 = ORIENTED_EDGE('',*,*,#3677,.F.);
#3677 = EDGE_CURVE('',#3678,#3670,#3680,.T.);
#3678 = VERTEX_POINT('',#3679);
#3679 = CARTESIAN_POINT('',(175.943345,-98.543934,1.51));
#3680 = CIRCLE('',#3681,0.299998582341);
#3681 = AXIS2_PLACEMENT_3D('',#3682,#3683,#3684);
#3682 = CARTESIAN_POINT('',(176.09964624464,-98.79999858234,1.51));
#3683 = DIRECTION('',(0.,0.,-1.));
#3684 = DIRECTION('',(-0.52100661085,0.853552641289,0.));
#3685 = ORIENTED_EDGE('',*,*,#3686,.F.);
#3686 = EDGE_CURVE('',#3687,#3678,#3689,.T.);
#3687 = VERTEX_POINT('',#3688);
#3688 = CARTESIAN_POINT('',(175.256066,-97.856655,1.51));
#3689 = CIRCLE('',#3690,0.499999603944);
#3690 = AXIS2_PLACEMENT_3D('',#3691,#3692,#3693);
#3691 = CARTESIAN_POINT('',(175.68284211054,-98.11715788946,1.51));
#3692 = DIRECTION('',(0.,0.,1.));
#3693 = DIRECTION('',(-0.853552897188,0.521006191616,0.));
#3694 = ORIENTED_EDGE('',*,*,#3695,.F.);
#3695 = EDGE_CURVE('',#3696,#3687,#3698,.T.);
#3696 = VERTEX_POINT('',#3697);
#3697 = CARTESIAN_POINT('',(175.3,-97.700353,1.51));
#3698 = CIRCLE('',#3699,0.299998582342);
#3699 = AXIS2_PLACEMENT_3D('',#3700,#3701,#3702);
#3700 = CARTESIAN_POINT('',(175.00000141765,-97.70035375535,1.51));
#3701 = DIRECTION('',(0.,0.,-1.));
#3702 = DIRECTION('',(0.999999999997,2.517860820172E-06,0.));
#3703 = ORIENTED_EDGE('',*,*,#3704,.F.);
#3704 = EDGE_CURVE('',#3705,#3696,#3707,.T.);
#3705 = VERTEX_POINT('',#3706);
#3706 = CARTESIAN_POINT('',(175.3,-97.,1.51));
#3707 = LINE('',#3708,#3709);
#3708 = CARTESIAN_POINT('',(175.3,-97.,1.51));
#3709 = VECTOR('',#3710,1.);
#3710 = DIRECTION('',(0.,-1.,0.));
#3711 = ORIENTED_EDGE('',*,*,#3712,.F.);
#3712 = EDGE_CURVE('',#3713,#3705,#3715,.T.);
#3713 = VERTEX_POINT('',#3714);
#3714 = CARTESIAN_POINT('',(175.3,-96.299647,1.51));
#3715 = LINE('',#3716,#3717);
#3716 = CARTESIAN_POINT('',(175.3,-96.299647,1.51));
#3717 = VECTOR('',#3718,1.);
#3718 = DIRECTION('',(0.,-1.,0.));
#3719 = ORIENTED_EDGE('',*,*,#3720,.F.);
#3720 = EDGE_CURVE('',#3721,#3713,#3723,.T.);
#3721 = VERTEX_POINT('',#3722);
#3722 = CARTESIAN_POINT('',(175.256066,-96.143345,1.51));
#3723 = CIRCLE('',#3724,0.299998582342);
#3724 = AXIS2_PLACEMENT_3D('',#3725,#3726,#3727);
#3725 = CARTESIAN_POINT('',(175.00000141765,-96.29964624464,1.51));
#3726 = DIRECTION('',(0.,0.,-1.));
#3727 = DIRECTION('',(0.853552641289,0.521006610849,0.));
#3728 = ORIENTED_EDGE('',*,*,#3729,.F.);
#3729 = EDGE_CURVE('',#3730,#3721,#3732,.T.);
#3730 = VERTEX_POINT('',#3731);
#3731 = CARTESIAN_POINT('',(175.943345,-95.456066,1.51));
#3732 = CIRCLE('',#3733,0.499999603944);
#3733 = AXIS2_PLACEMENT_3D('',#3734,#3735,#3736);
#3734 = CARTESIAN_POINT('',(175.68284211054,-95.88284211054,1.51));
#3735 = DIRECTION('',(0.,0.,1.));
#3736 = DIRECTION('',(0.521006191616,0.853552897188,-0.));
#3737 = ORIENTED_EDGE('',*,*,#3738,.F.);
#3738 = EDGE_CURVE('',#3739,#3730,#3741,.T.);
#3739 = VERTEX_POINT('',#3740);
#3740 = CARTESIAN_POINT('',(176.099647,-95.5,1.51));
#3741 = CIRCLE('',#3742,0.299998582341);
#3742 = AXIS2_PLACEMENT_3D('',#3743,#3744,#3745);
#3743 = CARTESIAN_POINT('',(176.09964624464,-95.20000141766,1.51));
#3744 = DIRECTION('',(0.,0.,-1.));
#3745 = DIRECTION('',(2.517861388613E-06,-0.999999999997,0.));
#3746 = ORIENTED_EDGE('',*,*,#3747,.F.);
#3747 = EDGE_CURVE('',#3748,#3739,#3750,.T.);
#3748 = VERTEX_POINT('',#3749);
#3749 = CARTESIAN_POINT('',(177.,-95.5,1.51));
#3750 = LINE('',#3751,#3752);
#3751 = CARTESIAN_POINT('',(177.,-95.5,1.51));
#3752 = VECTOR('',#3753,1.);
#3753 = DIRECTION('',(-1.,0.,0.));
#3754 = ORIENTED_EDGE('',*,*,#3755,.F.);
#3755 = EDGE_CURVE('',#3756,#3748,#3758,.T.);
#3756 = VERTEX_POINT('',#3757);
#3757 = CARTESIAN_POINT('',(177.900353,-95.5,1.51));
#3758 = LINE('',#3759,#3760);
#3759 = CARTESIAN_POINT('',(177.900353,-95.5,1.51));
#3760 = VECTOR('',#3761,1.);
#3761 = DIRECTION('',(-1.,0.,0.));
#3762 = ORIENTED_EDGE('',*,*,#3763,.F.);
#3763 = EDGE_CURVE('',#3601,#3756,#3764,.T.);
#3764 = CIRCLE('',#3765,0.299998582341);
#3765 = AXIS2_PLACEMENT_3D('',#3766,#3767,#3768);
#3766 = CARTESIAN_POINT('',(177.90035375535,-95.20000141766,1.51));
#3767 = DIRECTION('',(0.,0.,-1.));
#3768 = DIRECTION('',(0.52100661085,-0.853552641289,0.));
#3769 = FACE_BOUND('',#3770,.T.);
#3770 = EDGE_LOOP('',(#3771));
#3771 = ORIENTED_EDGE('',*,*,#3772,.T.);
#3772 = EDGE_CURVE('',#3773,#3773,#3775,.T.);
#3773 = VERTEX_POINT('',#3774);
#3774 = CARTESIAN_POINT('',(172.,-84.35,1.51));
#3775 = CIRCLE('',#3776,0.85);
#3776 = AXIS2_PLACEMENT_3D('',#3777,#3778,#3779);
#3777 = CARTESIAN_POINT('',(172.,-83.5,1.51));
#3778 = DIRECTION('',(-0.,0.,-1.));
#3779 = DIRECTION('',(-0.,-1.,0.));
#3780 = FACE_BOUND('',#3781,.T.);
#3781 = EDGE_LOOP('',(#3782));
#3782 = ORIENTED_EDGE('',*,*,#3783,.T.);
#3783 = EDGE_CURVE('',#3784,#3784,#3786,.T.);
#3784 = VERTEX_POINT('',#3785);
#3785 = CARTESIAN_POINT('',(177.08,-85.5,1.51));
#3786 = CIRCLE('',#3787,2.);
#3787 = AXIS2_PLACEMENT_3D('',#3788,#3789,#3790);
#3788 = CARTESIAN_POINT('',(177.08,-83.5,1.51));
#3789 = DIRECTION('',(-0.,0.,-1.));
#3790 = DIRECTION('',(-0.,-1.,0.));
#3791 = FACE_BOUND('',#3792,.T.);
#3792 = EDGE_LOOP('',(#3793));
#3793 = ORIENTED_EDGE('',*,*,#3794,.T.);
#3794 = EDGE_CURVE('',#3795,#3795,#3797,.T.);
#3795 = VERTEX_POINT('',#3796);
#3796 = CARTESIAN_POINT('',(154.19,-81.71,1.51));
#3797 = CIRCLE('',#3798,0.75);
#3798 = AXIS2_PLACEMENT_3D('',#3799,#3800,#3801);
#3799 = CARTESIAN_POINT('',(154.19,-80.96,1.51));
#3800 = DIRECTION('',(-0.,0.,-1.));
#3801 = DIRECTION('',(-0.,-1.,0.));
#3802 = FACE_BOUND('',#3803,.T.);
#3803 = EDGE_LOOP('',(#3804));
#3804 = ORIENTED_EDGE('',*,*,#3805,.T.);
#3805 = EDGE_CURVE('',#3806,#3806,#3808,.T.);
#3806 = VERTEX_POINT('',#3807);
#3807 = CARTESIAN_POINT('',(160.54,-79.17,1.51));
#3808 = CIRCLE('',#3809,0.75);
#3809 = AXIS2_PLACEMENT_3D('',#3810,#3811,#3812);
#3810 = CARTESIAN_POINT('',(160.54,-78.42,1.51));
#3811 = DIRECTION('',(-0.,0.,-1.));
#3812 = DIRECTION('',(-0.,-1.,0.));
#3813 = FACE_BOUND('',#3814,.T.);
#3814 = EDGE_LOOP('',(#3815,#3826,#3835,#3843,#3851,#3860,#3869,#3878,
    #3886,#3894,#3903,#3912,#3921,#3929,#3937,#3946,#3955,#3964,#3972,
    #3980));
#3815 = ORIENTED_EDGE('',*,*,#3816,.F.);
#3816 = EDGE_CURVE('',#3817,#3819,#3821,.T.);
#3817 = VERTEX_POINT('',#3818);
#3818 = CARTESIAN_POINT('',(158.243934,-70.143345,1.51));
#3819 = VERTEX_POINT('',#3820);
#3820 = CARTESIAN_POINT('',(157.556655,-69.456066,1.51));
#3821 = CIRCLE('',#3822,0.499999603944);
#3822 = AXIS2_PLACEMENT_3D('',#3823,#3824,#3825);
#3823 = CARTESIAN_POINT('',(157.81715788946,-69.88284211054,1.51));
#3824 = DIRECTION('',(0.,0.,1.));
#3825 = DIRECTION('',(0.853552897188,-0.521006191616,0.));
#3826 = ORIENTED_EDGE('',*,*,#3827,.F.);
#3827 = EDGE_CURVE('',#3828,#3817,#3830,.T.);
#3828 = VERTEX_POINT('',#3829);
#3829 = CARTESIAN_POINT('',(158.2,-70.299647,1.51));
#3830 = CIRCLE('',#3831,0.299998582342);
#3831 = AXIS2_PLACEMENT_3D('',#3832,#3833,#3834);
#3832 = CARTESIAN_POINT('',(158.49999858234,-70.29964624464,1.51));
#3833 = DIRECTION('',(0.,0.,-1.));
#3834 = DIRECTION('',(-0.999999999997,-2.517860820172E-06,-0.));
#3835 = ORIENTED_EDGE('',*,*,#3836,.F.);
#3836 = EDGE_CURVE('',#3837,#3828,#3839,.T.);
#3837 = VERTEX_POINT('',#3838);
#3838 = CARTESIAN_POINT('',(158.2,-71.,1.51));
#3839 = LINE('',#3840,#3841);
#3840 = CARTESIAN_POINT('',(158.2,-71.,1.51));
#3841 = VECTOR('',#3842,1.);
#3842 = DIRECTION('',(0.,1.,0.));
#3843 = ORIENTED_EDGE('',*,*,#3844,.F.);
#3844 = EDGE_CURVE('',#3845,#3837,#3847,.T.);
#3845 = VERTEX_POINT('',#3846);
#3846 = CARTESIAN_POINT('',(158.2,-71.700353,1.51));
#3847 = LINE('',#3848,#3849);
#3848 = CARTESIAN_POINT('',(158.2,-71.700353,1.51));
#3849 = VECTOR('',#3850,1.);
#3850 = DIRECTION('',(0.,1.,0.));
#3851 = ORIENTED_EDGE('',*,*,#3852,.F.);
#3852 = EDGE_CURVE('',#3853,#3845,#3855,.T.);
#3853 = VERTEX_POINT('',#3854);
#3854 = CARTESIAN_POINT('',(158.243934,-71.856655,1.51));
#3855 = CIRCLE('',#3856,0.299998582342);
#3856 = AXIS2_PLACEMENT_3D('',#3857,#3858,#3859);
#3857 = CARTESIAN_POINT('',(158.49999858234,-71.70035375535,1.51));
#3858 = DIRECTION('',(0.,0.,-1.));
#3859 = DIRECTION('',(-0.853552641289,-0.521006610849,-0.));
#3860 = ORIENTED_EDGE('',*,*,#3861,.F.);
#3861 = EDGE_CURVE('',#3862,#3853,#3864,.T.);
#3862 = VERTEX_POINT('',#3863);
#3863 = CARTESIAN_POINT('',(157.556655,-72.543934,1.51));
#3864 = CIRCLE('',#3865,0.499999603944);
#3865 = AXIS2_PLACEMENT_3D('',#3866,#3867,#3868);
#3866 = CARTESIAN_POINT('',(157.81715788946,-72.11715788946,1.51));
#3867 = DIRECTION('',(0.,0.,1.));
#3868 = DIRECTION('',(-0.521006191616,-0.853552897188,0.));
#3869 = ORIENTED_EDGE('',*,*,#3870,.F.);
#3870 = EDGE_CURVE('',#3871,#3862,#3873,.T.);
#3871 = VERTEX_POINT('',#3872);
#3872 = CARTESIAN_POINT('',(157.400353,-72.5,1.51));
#3873 = CIRCLE('',#3874,0.299998582341);
#3874 = AXIS2_PLACEMENT_3D('',#3875,#3876,#3877);
#3875 = CARTESIAN_POINT('',(157.40035375535,-72.79999858234,1.51));
#3876 = DIRECTION('',(0.,0.,-1.));
#3877 = DIRECTION('',(-2.517861388613E-06,0.999999999997,0.));
#3878 = ORIENTED_EDGE('',*,*,#3879,.F.);
#3879 = EDGE_CURVE('',#3880,#3871,#3882,.T.);
#3880 = VERTEX_POINT('',#3881);
#3881 = CARTESIAN_POINT('',(156.5,-72.5,1.51));
#3882 = LINE('',#3883,#3884);
#3883 = CARTESIAN_POINT('',(156.5,-72.5,1.51));
#3884 = VECTOR('',#3885,1.);
#3885 = DIRECTION('',(1.,0.,0.));
#3886 = ORIENTED_EDGE('',*,*,#3887,.F.);
#3887 = EDGE_CURVE('',#3888,#3880,#3890,.T.);
#3888 = VERTEX_POINT('',#3889);
#3889 = CARTESIAN_POINT('',(155.599647,-72.5,1.51));
#3890 = LINE('',#3891,#3892);
#3891 = CARTESIAN_POINT('',(155.599647,-72.5,1.51));
#3892 = VECTOR('',#3893,1.);
#3893 = DIRECTION('',(1.,0.,0.));
#3894 = ORIENTED_EDGE('',*,*,#3895,.F.);
#3895 = EDGE_CURVE('',#3896,#3888,#3898,.T.);
#3896 = VERTEX_POINT('',#3897);
#3897 = CARTESIAN_POINT('',(155.443345,-72.543934,1.51));
#3898 = CIRCLE('',#3899,0.299998582341);
#3899 = AXIS2_PLACEMENT_3D('',#3900,#3901,#3902);
#3900 = CARTESIAN_POINT('',(155.59964624464,-72.79999858234,1.51));
#3901 = DIRECTION('',(0.,0.,-1.));
#3902 = DIRECTION('',(-0.52100661085,0.853552641289,0.));
#3903 = ORIENTED_EDGE('',*,*,#3904,.F.);
#3904 = EDGE_CURVE('',#3905,#3896,#3907,.T.);
#3905 = VERTEX_POINT('',#3906);
#3906 = CARTESIAN_POINT('',(154.756066,-71.856655,1.51));
#3907 = CIRCLE('',#3908,0.499999603944);
#3908 = AXIS2_PLACEMENT_3D('',#3909,#3910,#3911);
#3909 = CARTESIAN_POINT('',(155.18284211054,-72.11715788946,1.51));
#3910 = DIRECTION('',(0.,0.,1.));
#3911 = DIRECTION('',(-0.853552897188,0.521006191616,0.));
#3912 = ORIENTED_EDGE('',*,*,#3913,.F.);
#3913 = EDGE_CURVE('',#3914,#3905,#3916,.T.);
#3914 = VERTEX_POINT('',#3915);
#3915 = CARTESIAN_POINT('',(154.8,-71.700353,1.51));
#3916 = CIRCLE('',#3917,0.299998582342);
#3917 = AXIS2_PLACEMENT_3D('',#3918,#3919,#3920);
#3918 = CARTESIAN_POINT('',(154.50000141765,-71.70035375535,1.51));
#3919 = DIRECTION('',(0.,0.,-1.));
#3920 = DIRECTION('',(0.999999999997,2.517860820172E-06,0.));
#3921 = ORIENTED_EDGE('',*,*,#3922,.F.);
#3922 = EDGE_CURVE('',#3923,#3914,#3925,.T.);
#3923 = VERTEX_POINT('',#3924);
#3924 = CARTESIAN_POINT('',(154.8,-71.,1.51));
#3925 = LINE('',#3926,#3927);
#3926 = CARTESIAN_POINT('',(154.8,-71.,1.51));
#3927 = VECTOR('',#3928,1.);
#3928 = DIRECTION('',(0.,-1.,0.));
#3929 = ORIENTED_EDGE('',*,*,#3930,.F.);
#3930 = EDGE_CURVE('',#3931,#3923,#3933,.T.);
#3931 = VERTEX_POINT('',#3932);
#3932 = CARTESIAN_POINT('',(154.8,-70.299647,1.51));
#3933 = LINE('',#3934,#3935);
#3934 = CARTESIAN_POINT('',(154.8,-70.299647,1.51));
#3935 = VECTOR('',#3936,1.);
#3936 = DIRECTION('',(0.,-1.,0.));
#3937 = ORIENTED_EDGE('',*,*,#3938,.F.);
#3938 = EDGE_CURVE('',#3939,#3931,#3941,.T.);
#3939 = VERTEX_POINT('',#3940);
#3940 = CARTESIAN_POINT('',(154.756066,-70.143345,1.51));
#3941 = CIRCLE('',#3942,0.299998582342);
#3942 = AXIS2_PLACEMENT_3D('',#3943,#3944,#3945);
#3943 = CARTESIAN_POINT('',(154.50000141765,-70.29964624464,1.51));
#3944 = DIRECTION('',(0.,0.,-1.));
#3945 = DIRECTION('',(0.853552641289,0.521006610849,0.));
#3946 = ORIENTED_EDGE('',*,*,#3947,.F.);
#3947 = EDGE_CURVE('',#3948,#3939,#3950,.T.);
#3948 = VERTEX_POINT('',#3949);
#3949 = CARTESIAN_POINT('',(155.443345,-69.456066,1.51));
#3950 = CIRCLE('',#3951,0.499999603944);
#3951 = AXIS2_PLACEMENT_3D('',#3952,#3953,#3954);
#3952 = CARTESIAN_POINT('',(155.18284211054,-69.88284211054,1.51));
#3953 = DIRECTION('',(0.,0.,1.));
#3954 = DIRECTION('',(0.521006191616,0.853552897188,-0.));
#3955 = ORIENTED_EDGE('',*,*,#3956,.F.);
#3956 = EDGE_CURVE('',#3957,#3948,#3959,.T.);
#3957 = VERTEX_POINT('',#3958);
#3958 = CARTESIAN_POINT('',(155.599647,-69.5,1.51));
#3959 = CIRCLE('',#3960,0.299998582341);
#3960 = AXIS2_PLACEMENT_3D('',#3961,#3962,#3963);
#3961 = CARTESIAN_POINT('',(155.59964624464,-69.20000141766,1.51));
#3962 = DIRECTION('',(0.,0.,-1.));
#3963 = DIRECTION('',(2.517861388613E-06,-0.999999999997,0.));
#3964 = ORIENTED_EDGE('',*,*,#3965,.F.);
#3965 = EDGE_CURVE('',#3966,#3957,#3968,.T.);
#3966 = VERTEX_POINT('',#3967);
#3967 = CARTESIAN_POINT('',(156.5,-69.5,1.51));
#3968 = LINE('',#3969,#3970);
#3969 = CARTESIAN_POINT('',(156.5,-69.5,1.51));
#3970 = VECTOR('',#3971,1.);
#3971 = DIRECTION('',(-1.,0.,0.));
#3972 = ORIENTED_EDGE('',*,*,#3973,.F.);
#3973 = EDGE_CURVE('',#3974,#3966,#3976,.T.);
#3974 = VERTEX_POINT('',#3975);
#3975 = CARTESIAN_POINT('',(157.400353,-69.5,1.51));
#3976 = LINE('',#3977,#3978);
#3977 = CARTESIAN_POINT('',(157.400353,-69.5,1.51));
#3978 = VECTOR('',#3979,1.);
#3979 = DIRECTION('',(-1.,0.,0.));
#3980 = ORIENTED_EDGE('',*,*,#3981,.F.);
#3981 = EDGE_CURVE('',#3819,#3974,#3982,.T.);
#3982 = CIRCLE('',#3983,0.299998582341);
#3983 = AXIS2_PLACEMENT_3D('',#3984,#3985,#3986);
#3984 = CARTESIAN_POINT('',(157.40035375535,-69.20000141766,1.51));
#3985 = DIRECTION('',(0.,0.,-1.));
#3986 = DIRECTION('',(0.52100661085,-0.853552641289,0.));
#3987 = FACE_BOUND('',#3988,.T.);
#3988 = EDGE_LOOP('',(#3989));
#3989 = ORIENTED_EDGE('',*,*,#3990,.T.);
#3990 = EDGE_CURVE('',#3991,#3991,#3993,.T.);
#3991 = VERTEX_POINT('',#3992);
#3992 = CARTESIAN_POINT('',(173.27,-81.71,1.51));
#3993 = CIRCLE('',#3994,0.75);
#3994 = AXIS2_PLACEMENT_3D('',#3995,#3996,#3997);
#3995 = CARTESIAN_POINT('',(173.27,-80.96,1.51));
#3996 = DIRECTION('',(-0.,0.,-1.));
#3997 = DIRECTION('',(-0.,-1.,0.));
#3998 = FACE_BOUND('',#3999,.T.);
#3999 = EDGE_LOOP('',(#4000,#4011,#4020,#4028,#4036,#4045,#4054,#4063,
    #4071,#4079,#4088,#4097,#4106,#4114,#4122,#4131,#4140,#4149,#4157,
    #4165));
#4000 = ORIENTED_EDGE('',*,*,#4001,.F.);
#4001 = EDGE_CURVE('',#4002,#4004,#4006,.T.);
#4002 = VERTEX_POINT('',#4003);
#4003 = CARTESIAN_POINT('',(178.243934,-70.143345,1.51));
#4004 = VERTEX_POINT('',#4005);
#4005 = CARTESIAN_POINT('',(177.556655,-69.456066,1.51));
#4006 = CIRCLE('',#4007,0.499999603944);
#4007 = AXIS2_PLACEMENT_3D('',#4008,#4009,#4010);
#4008 = CARTESIAN_POINT('',(177.81715788946,-69.88284211054,1.51));
#4009 = DIRECTION('',(0.,0.,1.));
#4010 = DIRECTION('',(0.853552897188,-0.521006191616,0.));
#4011 = ORIENTED_EDGE('',*,*,#4012,.F.);
#4012 = EDGE_CURVE('',#4013,#4002,#4015,.T.);
#4013 = VERTEX_POINT('',#4014);
#4014 = CARTESIAN_POINT('',(178.2,-70.299647,1.51));
#4015 = CIRCLE('',#4016,0.299998582342);
#4016 = AXIS2_PLACEMENT_3D('',#4017,#4018,#4019);
#4017 = CARTESIAN_POINT('',(178.49999858234,-70.29964624464,1.51));
#4018 = DIRECTION('',(0.,0.,-1.));
#4019 = DIRECTION('',(-0.999999999997,-2.517860820172E-06,-0.));
#4020 = ORIENTED_EDGE('',*,*,#4021,.F.);
#4021 = EDGE_CURVE('',#4022,#4013,#4024,.T.);
#4022 = VERTEX_POINT('',#4023);
#4023 = CARTESIAN_POINT('',(178.2,-71.,1.51));
#4024 = LINE('',#4025,#4026);
#4025 = CARTESIAN_POINT('',(178.2,-71.,1.51));
#4026 = VECTOR('',#4027,1.);
#4027 = DIRECTION('',(0.,1.,0.));
#4028 = ORIENTED_EDGE('',*,*,#4029,.F.);
#4029 = EDGE_CURVE('',#4030,#4022,#4032,.T.);
#4030 = VERTEX_POINT('',#4031);
#4031 = CARTESIAN_POINT('',(178.2,-71.700353,1.51));
#4032 = LINE('',#4033,#4034);
#4033 = CARTESIAN_POINT('',(178.2,-71.700353,1.51));
#4034 = VECTOR('',#4035,1.);
#4035 = DIRECTION('',(0.,1.,0.));
#4036 = ORIENTED_EDGE('',*,*,#4037,.F.);
#4037 = EDGE_CURVE('',#4038,#4030,#4040,.T.);
#4038 = VERTEX_POINT('',#4039);
#4039 = CARTESIAN_POINT('',(178.243934,-71.856655,1.51));
#4040 = CIRCLE('',#4041,0.299998582342);
#4041 = AXIS2_PLACEMENT_3D('',#4042,#4043,#4044);
#4042 = CARTESIAN_POINT('',(178.49999858234,-71.70035375535,1.51));
#4043 = DIRECTION('',(0.,0.,-1.));
#4044 = DIRECTION('',(-0.853552641289,-0.521006610849,-0.));
#4045 = ORIENTED_EDGE('',*,*,#4046,.F.);
#4046 = EDGE_CURVE('',#4047,#4038,#4049,.T.);
#4047 = VERTEX_POINT('',#4048);
#4048 = CARTESIAN_POINT('',(177.556655,-72.543934,1.51));
#4049 = CIRCLE('',#4050,0.499999603944);
#4050 = AXIS2_PLACEMENT_3D('',#4051,#4052,#4053);
#4051 = CARTESIAN_POINT('',(177.81715788946,-72.11715788946,1.51));
#4052 = DIRECTION('',(0.,0.,1.));
#4053 = DIRECTION('',(-0.521006191616,-0.853552897188,0.));
#4054 = ORIENTED_EDGE('',*,*,#4055,.F.);
#4055 = EDGE_CURVE('',#4056,#4047,#4058,.T.);
#4056 = VERTEX_POINT('',#4057);
#4057 = CARTESIAN_POINT('',(177.400353,-72.5,1.51));
#4058 = CIRCLE('',#4059,0.299998582341);
#4059 = AXIS2_PLACEMENT_3D('',#4060,#4061,#4062);
#4060 = CARTESIAN_POINT('',(177.40035375535,-72.79999858234,1.51));
#4061 = DIRECTION('',(0.,0.,-1.));
#4062 = DIRECTION('',(-2.517861388613E-06,0.999999999997,0.));
#4063 = ORIENTED_EDGE('',*,*,#4064,.F.);
#4064 = EDGE_CURVE('',#4065,#4056,#4067,.T.);
#4065 = VERTEX_POINT('',#4066);
#4066 = CARTESIAN_POINT('',(176.5,-72.5,1.51));
#4067 = LINE('',#4068,#4069);
#4068 = CARTESIAN_POINT('',(176.5,-72.5,1.51));
#4069 = VECTOR('',#4070,1.);
#4070 = DIRECTION('',(1.,0.,0.));
#4071 = ORIENTED_EDGE('',*,*,#4072,.F.);
#4072 = EDGE_CURVE('',#4073,#4065,#4075,.T.);
#4073 = VERTEX_POINT('',#4074);
#4074 = CARTESIAN_POINT('',(175.599647,-72.5,1.51));
#4075 = LINE('',#4076,#4077);
#4076 = CARTESIAN_POINT('',(175.599647,-72.5,1.51));
#4077 = VECTOR('',#4078,1.);
#4078 = DIRECTION('',(1.,0.,0.));
#4079 = ORIENTED_EDGE('',*,*,#4080,.F.);
#4080 = EDGE_CURVE('',#4081,#4073,#4083,.T.);
#4081 = VERTEX_POINT('',#4082);
#4082 = CARTESIAN_POINT('',(175.443345,-72.543934,1.51));
#4083 = CIRCLE('',#4084,0.299998582341);
#4084 = AXIS2_PLACEMENT_3D('',#4085,#4086,#4087);
#4085 = CARTESIAN_POINT('',(175.59964624464,-72.79999858234,1.51));
#4086 = DIRECTION('',(0.,0.,-1.));
#4087 = DIRECTION('',(-0.52100661085,0.853552641289,0.));
#4088 = ORIENTED_EDGE('',*,*,#4089,.F.);
#4089 = EDGE_CURVE('',#4090,#4081,#4092,.T.);
#4090 = VERTEX_POINT('',#4091);
#4091 = CARTESIAN_POINT('',(174.756066,-71.856655,1.51));
#4092 = CIRCLE('',#4093,0.499999603944);
#4093 = AXIS2_PLACEMENT_3D('',#4094,#4095,#4096);
#4094 = CARTESIAN_POINT('',(175.18284211054,-72.11715788946,1.51));
#4095 = DIRECTION('',(0.,0.,1.));
#4096 = DIRECTION('',(-0.853552897188,0.521006191616,0.));
#4097 = ORIENTED_EDGE('',*,*,#4098,.F.);
#4098 = EDGE_CURVE('',#4099,#4090,#4101,.T.);
#4099 = VERTEX_POINT('',#4100);
#4100 = CARTESIAN_POINT('',(174.8,-71.700353,1.51));
#4101 = CIRCLE('',#4102,0.299998582342);
#4102 = AXIS2_PLACEMENT_3D('',#4103,#4104,#4105);
#4103 = CARTESIAN_POINT('',(174.50000141765,-71.70035375535,1.51));
#4104 = DIRECTION('',(0.,0.,-1.));
#4105 = DIRECTION('',(0.999999999997,2.517860820172E-06,0.));
#4106 = ORIENTED_EDGE('',*,*,#4107,.F.);
#4107 = EDGE_CURVE('',#4108,#4099,#4110,.T.);
#4108 = VERTEX_POINT('',#4109);
#4109 = CARTESIAN_POINT('',(174.8,-71.,1.51));
#4110 = LINE('',#4111,#4112);
#4111 = CARTESIAN_POINT('',(174.8,-71.,1.51));
#4112 = VECTOR('',#4113,1.);
#4113 = DIRECTION('',(0.,-1.,0.));
#4114 = ORIENTED_EDGE('',*,*,#4115,.F.);
#4115 = EDGE_CURVE('',#4116,#4108,#4118,.T.);
#4116 = VERTEX_POINT('',#4117);
#4117 = CARTESIAN_POINT('',(174.8,-70.299647,1.51));
#4118 = LINE('',#4119,#4120);
#4119 = CARTESIAN_POINT('',(174.8,-70.299647,1.51));
#4120 = VECTOR('',#4121,1.);
#4121 = DIRECTION('',(0.,-1.,0.));
#4122 = ORIENTED_EDGE('',*,*,#4123,.F.);
#4123 = EDGE_CURVE('',#4124,#4116,#4126,.T.);
#4124 = VERTEX_POINT('',#4125);
#4125 = CARTESIAN_POINT('',(174.756066,-70.143345,1.51));
#4126 = CIRCLE('',#4127,0.299998582342);
#4127 = AXIS2_PLACEMENT_3D('',#4128,#4129,#4130);
#4128 = CARTESIAN_POINT('',(174.50000141765,-70.29964624464,1.51));
#4129 = DIRECTION('',(0.,0.,-1.));
#4130 = DIRECTION('',(0.853552641289,0.521006610849,0.));
#4131 = ORIENTED_EDGE('',*,*,#4132,.F.);
#4132 = EDGE_CURVE('',#4133,#4124,#4135,.T.);
#4133 = VERTEX_POINT('',#4134);
#4134 = CARTESIAN_POINT('',(175.443345,-69.456066,1.51));
#4135 = CIRCLE('',#4136,0.499999603944);
#4136 = AXIS2_PLACEMENT_3D('',#4137,#4138,#4139);
#4137 = CARTESIAN_POINT('',(175.18284211054,-69.88284211054,1.51));
#4138 = DIRECTION('',(0.,0.,1.));
#4139 = DIRECTION('',(0.521006191616,0.853552897188,-0.));
#4140 = ORIENTED_EDGE('',*,*,#4141,.F.);
#4141 = EDGE_CURVE('',#4142,#4133,#4144,.T.);
#4142 = VERTEX_POINT('',#4143);
#4143 = CARTESIAN_POINT('',(175.599647,-69.5,1.51));
#4144 = CIRCLE('',#4145,0.299998582341);
#4145 = AXIS2_PLACEMENT_3D('',#4146,#4147,#4148);
#4146 = CARTESIAN_POINT('',(175.59964624464,-69.20000141766,1.51));
#4147 = DIRECTION('',(0.,0.,-1.));
#4148 = DIRECTION('',(2.517861388613E-06,-0.999999999997,0.));
#4149 = ORIENTED_EDGE('',*,*,#4150,.F.);
#4150 = EDGE_CURVE('',#4151,#4142,#4153,.T.);
#4151 = VERTEX_POINT('',#4152);
#4152 = CARTESIAN_POINT('',(176.5,-69.5,1.51));
#4153 = LINE('',#4154,#4155);
#4154 = CARTESIAN_POINT('',(176.5,-69.5,1.51));
#4155 = VECTOR('',#4156,1.);
#4156 = DIRECTION('',(-1.,0.,0.));
#4157 = ORIENTED_EDGE('',*,*,#4158,.F.);
#4158 = EDGE_CURVE('',#4159,#4151,#4161,.T.);
#4159 = VERTEX_POINT('',#4160);
#4160 = CARTESIAN_POINT('',(177.400353,-69.5,1.51));
#4161 = LINE('',#4162,#4163);
#4162 = CARTESIAN_POINT('',(177.400353,-69.5,1.51));
#4163 = VECTOR('',#4164,1.);
#4164 = DIRECTION('',(-1.,0.,0.));
#4165 = ORIENTED_EDGE('',*,*,#4166,.F.);
#4166 = EDGE_CURVE('',#4004,#4159,#4167,.T.);
#4167 = CIRCLE('',#4168,0.299998582341);
#4168 = AXIS2_PLACEMENT_3D('',#4169,#4170,#4171);
#4169 = CARTESIAN_POINT('',(177.40035375535,-69.20000141766,1.51));
#4170 = DIRECTION('',(0.,0.,-1.));
#4171 = DIRECTION('',(0.52100661085,-0.853552641289,0.));
#4172 = FACE_BOUND('',#4173,.T.);
#4173 = EDGE_LOOP('',(#4174));
#4174 = ORIENTED_EDGE('',*,*,#4175,.T.);
#4175 = EDGE_CURVE('',#4176,#4176,#4178,.T.);
#4176 = VERTEX_POINT('',#4177);
#4177 = CARTESIAN_POINT('',(182.16,-84.35,1.51));
#4178 = CIRCLE('',#4179,0.85);
#4179 = AXIS2_PLACEMENT_3D('',#4180,#4181,#4182);
#4180 = CARTESIAN_POINT('',(182.16,-83.5,1.51));
#4181 = DIRECTION('',(-0.,0.,-1.));
#4182 = DIRECTION('',(-0.,-1.,0.));
#4183 = FACE_BOUND('',#4184,.T.);
#4184 = EDGE_LOOP('',(#4185));
#4185 = ORIENTED_EDGE('',*,*,#4186,.T.);
#4186 = EDGE_CURVE('',#4187,#4187,#4189,.T.);
#4187 = VERTEX_POINT('',#4188);
#4188 = CARTESIAN_POINT('',(196.5,-92.25,1.51));
#4189 = CIRCLE('',#4190,0.5);
#4190 = AXIS2_PLACEMENT_3D('',#4191,#4192,#4193);
#4191 = CARTESIAN_POINT('',(196.5,-91.75,1.51));
#4192 = DIRECTION('',(-0.,0.,-1.));
#4193 = DIRECTION('',(-0.,-1.,0.));
#4194 = FACE_BOUND('',#4195,.T.);
#4195 = EDGE_LOOP('',(#4196));
#4196 = ORIENTED_EDGE('',*,*,#4197,.T.);
#4197 = EDGE_CURVE('',#4198,#4198,#4200,.T.);
#4198 = VERTEX_POINT('',#4199);
#4199 = CARTESIAN_POINT('',(201.5,-92.25,1.51));
#4200 = CIRCLE('',#4201,0.5);
#4201 = AXIS2_PLACEMENT_3D('',#4202,#4203,#4204);
#4202 = CARTESIAN_POINT('',(201.5,-91.75,1.51));
#4203 = DIRECTION('',(-0.,0.,-1.));
#4204 = DIRECTION('',(-0.,-1.,0.));
#4205 = FACE_BOUND('',#4206,.T.);
#4206 = EDGE_LOOP('',(#4207,#4218,#4226,#4235));
#4207 = ORIENTED_EDGE('',*,*,#4208,.T.);
#4208 = EDGE_CURVE('',#4209,#4211,#4213,.T.);
#4209 = VERTEX_POINT('',#4210);
#4210 = CARTESIAN_POINT('',(194.4,-85.,1.51));
#4211 = VERTEX_POINT('',#4212);
#4212 = CARTESIAN_POINT('',(192.4,-85.,1.51));
#4213 = CIRCLE('',#4214,1.);
#4214 = AXIS2_PLACEMENT_3D('',#4215,#4216,#4217);
#4215 = CARTESIAN_POINT('',(193.4,-85.,1.51));
#4216 = DIRECTION('',(-0.,0.,-1.));
#4217 = DIRECTION('',(-1.,0.,0.));
#4218 = ORIENTED_EDGE('',*,*,#4219,.T.);
#4219 = EDGE_CURVE('',#4211,#4220,#4222,.T.);
#4220 = VERTEX_POINT('',#4221);
#4221 = CARTESIAN_POINT('',(192.4,-84.5,1.51));
#4222 = LINE('',#4223,#4224);
#4223 = CARTESIAN_POINT('',(192.4,-42.25,1.51));
#4224 = VECTOR('',#4225,1.);
#4225 = DIRECTION('',(-0.,1.,0.));
#4226 = ORIENTED_EDGE('',*,*,#4227,.T.);
#4227 = EDGE_CURVE('',#4220,#4228,#4230,.T.);
#4228 = VERTEX_POINT('',#4229);
#4229 = CARTESIAN_POINT('',(194.4,-84.5,1.51));
#4230 = CIRCLE('',#4231,1.);
#4231 = AXIS2_PLACEMENT_3D('',#4232,#4233,#4234);
#4232 = CARTESIAN_POINT('',(193.4,-84.5,1.51));
#4233 = DIRECTION('',(0.,-0.,-1.));
#4234 = DIRECTION('',(1.,0.,-0.));
#4235 = ORIENTED_EDGE('',*,*,#4236,.T.);
#4236 = EDGE_CURVE('',#4228,#4209,#4237,.T.);
#4237 = LINE('',#4238,#4239);
#4238 = CARTESIAN_POINT('',(194.4,-42.5,1.51));
#4239 = VECTOR('',#4240,1.);
#4240 = DIRECTION('',(0.,-1.,0.));
#4241 = FACE_BOUND('',#4242,.T.);
#4242 = EDGE_LOOP('',(#4243,#4254,#4262,#4271));
#4243 = ORIENTED_EDGE('',*,*,#4244,.T.);
#4244 = EDGE_CURVE('',#4245,#4247,#4249,.T.);
#4245 = VERTEX_POINT('',#4246);
#4246 = CARTESIAN_POINT('',(205.6,-85.,1.51));
#4247 = VERTEX_POINT('',#4248);
#4248 = CARTESIAN_POINT('',(203.6,-85.,1.51));
#4249 = CIRCLE('',#4250,1.);
#4250 = AXIS2_PLACEMENT_3D('',#4251,#4252,#4253);
#4251 = CARTESIAN_POINT('',(204.6,-85.,1.51));
#4252 = DIRECTION('',(-0.,0.,-1.));
#4253 = DIRECTION('',(-1.,0.,0.));
#4254 = ORIENTED_EDGE('',*,*,#4255,.T.);
#4255 = EDGE_CURVE('',#4247,#4256,#4258,.T.);
#4256 = VERTEX_POINT('',#4257);
#4257 = CARTESIAN_POINT('',(203.6,-84.5,1.51));
#4258 = LINE('',#4259,#4260);
#4259 = CARTESIAN_POINT('',(203.6,-42.25,1.51));
#4260 = VECTOR('',#4261,1.);
#4261 = DIRECTION('',(-0.,1.,0.));
#4262 = ORIENTED_EDGE('',*,*,#4263,.T.);
#4263 = EDGE_CURVE('',#4256,#4264,#4266,.T.);
#4264 = VERTEX_POINT('',#4265);
#4265 = CARTESIAN_POINT('',(205.6,-84.5,1.51));
#4266 = CIRCLE('',#4267,1.);
#4267 = AXIS2_PLACEMENT_3D('',#4268,#4269,#4270);
#4268 = CARTESIAN_POINT('',(204.6,-84.5,1.51));
#4269 = DIRECTION('',(0.,-0.,-1.));
#4270 = DIRECTION('',(1.,0.,-0.));
#4271 = ORIENTED_EDGE('',*,*,#4272,.T.);
#4272 = EDGE_CURVE('',#4264,#4245,#4273,.T.);
#4273 = LINE('',#4274,#4275);
#4274 = CARTESIAN_POINT('',(205.6,-42.5,1.51));
#4275 = VECTOR('',#4276,1.);
#4276 = DIRECTION('',(0.,-1.,0.));
#4277 = FACE_BOUND('',#4278,.T.);
#4278 = EDGE_LOOP('',(#4279));
#4279 = ORIENTED_EDGE('',*,*,#4280,.T.);
#4280 = EDGE_CURVE('',#4281,#4281,#4283,.T.);
#4281 = VERTEX_POINT('',#4282);
#4282 = CARTESIAN_POINT('',(179.62,-79.17,1.51));
#4283 = CIRCLE('',#4284,0.75);
#4284 = AXIS2_PLACEMENT_3D('',#4285,#4286,#4287);
#4285 = CARTESIAN_POINT('',(179.62,-78.42,1.51));
#4286 = DIRECTION('',(-0.,0.,-1.));
#4287 = DIRECTION('',(-0.,-1.,0.));
#4288 = FACE_BOUND('',#4289,.T.);
#4289 = EDGE_LOOP('',(#4290));
#4290 = ORIENTED_EDGE('',*,*,#4291,.T.);
#4291 = EDGE_CURVE('',#4292,#4292,#4294,.T.);
#4292 = VERTEX_POINT('',#4293);
#4293 = CARTESIAN_POINT('',(196.5,-77.75,1.51));
#4294 = CIRCLE('',#4295,0.5);
#4295 = AXIS2_PLACEMENT_3D('',#4296,#4297,#4298);
#4296 = CARTESIAN_POINT('',(196.5,-77.25,1.51));
#4297 = DIRECTION('',(-0.,0.,-1.));
#4298 = DIRECTION('',(-0.,-1.,0.));
#4299 = FACE_BOUND('',#4300,.T.);
#4300 = EDGE_LOOP('',(#4301));
#4301 = ORIENTED_EDGE('',*,*,#4302,.T.);
#4302 = EDGE_CURVE('',#4303,#4303,#4305,.T.);
#4303 = VERTEX_POINT('',#4304);
#4304 = CARTESIAN_POINT('',(199.,-77.75,1.51));
#4305 = CIRCLE('',#4306,0.5);
#4306 = AXIS2_PLACEMENT_3D('',#4307,#4308,#4309);
#4307 = CARTESIAN_POINT('',(199.,-77.25,1.51));
#4308 = DIRECTION('',(-0.,0.,-1.));
#4309 = DIRECTION('',(-0.,-1.,0.));
#4310 = FACE_BOUND('',#4311,.T.);
#4311 = EDGE_LOOP('',(#4312));
#4312 = ORIENTED_EDGE('',*,*,#4313,.T.);
#4313 = EDGE_CURVE('',#4314,#4314,#4316,.T.);
#4314 = VERTEX_POINT('',#4315);
#4315 = CARTESIAN_POINT('',(201.5,-77.75,1.51));
#4316 = CIRCLE('',#4317,0.5);
#4317 = AXIS2_PLACEMENT_3D('',#4318,#4319,#4320);
#4318 = CARTESIAN_POINT('',(201.5,-77.25,1.51));
#4319 = DIRECTION('',(-0.,0.,-1.));
#4320 = DIRECTION('',(-0.,-1.,0.));
#4321 = FACE_BOUND('',#4322,.T.);
#4322 = EDGE_LOOP('',(#4323,#4334,#4343,#4351,#4359,#4368,#4377,#4386,
    #4394,#4402,#4411,#4420,#4429,#4437,#4445,#4454,#4463,#4472,#4480,
    #4488));
#4323 = ORIENTED_EDGE('',*,*,#4324,.F.);
#4324 = EDGE_CURVE('',#4325,#4327,#4329,.T.);
#4325 = VERTEX_POINT('',#4326);
#4326 = CARTESIAN_POINT('',(199.743934,-70.143345,1.51));
#4327 = VERTEX_POINT('',#4328);
#4328 = CARTESIAN_POINT('',(199.056655,-69.456066,1.51));
#4329 = CIRCLE('',#4330,0.499999603944);
#4330 = AXIS2_PLACEMENT_3D('',#4331,#4332,#4333);
#4331 = CARTESIAN_POINT('',(199.31715788946,-69.88284211054,1.51));
#4332 = DIRECTION('',(0.,0.,1.));
#4333 = DIRECTION('',(0.853552897188,-0.521006191616,0.));
#4334 = ORIENTED_EDGE('',*,*,#4335,.F.);
#4335 = EDGE_CURVE('',#4336,#4325,#4338,.T.);
#4336 = VERTEX_POINT('',#4337);
#4337 = CARTESIAN_POINT('',(199.7,-70.299647,1.51));
#4338 = CIRCLE('',#4339,0.299998582342);
#4339 = AXIS2_PLACEMENT_3D('',#4340,#4341,#4342);
#4340 = CARTESIAN_POINT('',(199.99999858234,-70.29964624464,1.51));
#4341 = DIRECTION('',(0.,0.,-1.));
#4342 = DIRECTION('',(-0.999999999997,-2.517860820172E-06,-0.));
#4343 = ORIENTED_EDGE('',*,*,#4344,.F.);
#4344 = EDGE_CURVE('',#4345,#4336,#4347,.T.);
#4345 = VERTEX_POINT('',#4346);
#4346 = CARTESIAN_POINT('',(199.7,-71.,1.51));
#4347 = LINE('',#4348,#4349);
#4348 = CARTESIAN_POINT('',(199.7,-71.,1.51));
#4349 = VECTOR('',#4350,1.);
#4350 = DIRECTION('',(0.,1.,0.));
#4351 = ORIENTED_EDGE('',*,*,#4352,.F.);
#4352 = EDGE_CURVE('',#4353,#4345,#4355,.T.);
#4353 = VERTEX_POINT('',#4354);
#4354 = CARTESIAN_POINT('',(199.7,-71.700353,1.51));
#4355 = LINE('',#4356,#4357);
#4356 = CARTESIAN_POINT('',(199.7,-71.700353,1.51));
#4357 = VECTOR('',#4358,1.);
#4358 = DIRECTION('',(0.,1.,0.));
#4359 = ORIENTED_EDGE('',*,*,#4360,.F.);
#4360 = EDGE_CURVE('',#4361,#4353,#4363,.T.);
#4361 = VERTEX_POINT('',#4362);
#4362 = CARTESIAN_POINT('',(199.743934,-71.856655,1.51));
#4363 = CIRCLE('',#4364,0.299998582342);
#4364 = AXIS2_PLACEMENT_3D('',#4365,#4366,#4367);
#4365 = CARTESIAN_POINT('',(199.99999858234,-71.70035375535,1.51));
#4366 = DIRECTION('',(0.,0.,-1.));
#4367 = DIRECTION('',(-0.853552641289,-0.521006610849,-0.));
#4368 = ORIENTED_EDGE('',*,*,#4369,.F.);
#4369 = EDGE_CURVE('',#4370,#4361,#4372,.T.);
#4370 = VERTEX_POINT('',#4371);
#4371 = CARTESIAN_POINT('',(199.056655,-72.543934,1.51));
#4372 = CIRCLE('',#4373,0.499999603944);
#4373 = AXIS2_PLACEMENT_3D('',#4374,#4375,#4376);
#4374 = CARTESIAN_POINT('',(199.31715788946,-72.11715788946,1.51));
#4375 = DIRECTION('',(0.,0.,1.));
#4376 = DIRECTION('',(-0.521006191616,-0.853552897188,0.));
#4377 = ORIENTED_EDGE('',*,*,#4378,.F.);
#4378 = EDGE_CURVE('',#4379,#4370,#4381,.T.);
#4379 = VERTEX_POINT('',#4380);
#4380 = CARTESIAN_POINT('',(198.900353,-72.5,1.51));
#4381 = CIRCLE('',#4382,0.299998582341);
#4382 = AXIS2_PLACEMENT_3D('',#4383,#4384,#4385);
#4383 = CARTESIAN_POINT('',(198.90035375535,-72.79999858234,1.51));
#4384 = DIRECTION('',(0.,0.,-1.));
#4385 = DIRECTION('',(-2.517861388613E-06,0.999999999997,0.));
#4386 = ORIENTED_EDGE('',*,*,#4387,.F.);
#4387 = EDGE_CURVE('',#4388,#4379,#4390,.T.);
#4388 = VERTEX_POINT('',#4389);
#4389 = CARTESIAN_POINT('',(198.,-72.5,1.51));
#4390 = LINE('',#4391,#4392);
#4391 = CARTESIAN_POINT('',(198.,-72.5,1.51));
#4392 = VECTOR('',#4393,1.);
#4393 = DIRECTION('',(1.,0.,0.));
#4394 = ORIENTED_EDGE('',*,*,#4395,.F.);
#4395 = EDGE_CURVE('',#4396,#4388,#4398,.T.);
#4396 = VERTEX_POINT('',#4397);
#4397 = CARTESIAN_POINT('',(197.099647,-72.5,1.51));
#4398 = LINE('',#4399,#4400);
#4399 = CARTESIAN_POINT('',(197.099647,-72.5,1.51));
#4400 = VECTOR('',#4401,1.);
#4401 = DIRECTION('',(1.,0.,0.));
#4402 = ORIENTED_EDGE('',*,*,#4403,.F.);
#4403 = EDGE_CURVE('',#4404,#4396,#4406,.T.);
#4404 = VERTEX_POINT('',#4405);
#4405 = CARTESIAN_POINT('',(196.943345,-72.543934,1.51));
#4406 = CIRCLE('',#4407,0.299998582341);
#4407 = AXIS2_PLACEMENT_3D('',#4408,#4409,#4410);
#4408 = CARTESIAN_POINT('',(197.09964624464,-72.79999858234,1.51));
#4409 = DIRECTION('',(0.,0.,-1.));
#4410 = DIRECTION('',(-0.52100661085,0.853552641289,0.));
#4411 = ORIENTED_EDGE('',*,*,#4412,.F.);
#4412 = EDGE_CURVE('',#4413,#4404,#4415,.T.);
#4413 = VERTEX_POINT('',#4414);
#4414 = CARTESIAN_POINT('',(196.256066,-71.856655,1.51));
#4415 = CIRCLE('',#4416,0.499999603944);
#4416 = AXIS2_PLACEMENT_3D('',#4417,#4418,#4419);
#4417 = CARTESIAN_POINT('',(196.68284211054,-72.11715788946,1.51));
#4418 = DIRECTION('',(0.,0.,1.));
#4419 = DIRECTION('',(-0.853552897188,0.521006191616,0.));
#4420 = ORIENTED_EDGE('',*,*,#4421,.F.);
#4421 = EDGE_CURVE('',#4422,#4413,#4424,.T.);
#4422 = VERTEX_POINT('',#4423);
#4423 = CARTESIAN_POINT('',(196.3,-71.700353,1.51));
#4424 = CIRCLE('',#4425,0.299998582342);
#4425 = AXIS2_PLACEMENT_3D('',#4426,#4427,#4428);
#4426 = CARTESIAN_POINT('',(196.00000141765,-71.70035375535,1.51));
#4427 = DIRECTION('',(0.,0.,-1.));
#4428 = DIRECTION('',(0.999999999997,2.517860820172E-06,0.));
#4429 = ORIENTED_EDGE('',*,*,#4430,.F.);
#4430 = EDGE_CURVE('',#4431,#4422,#4433,.T.);
#4431 = VERTEX_POINT('',#4432);
#4432 = CARTESIAN_POINT('',(196.3,-71.,1.51));
#4433 = LINE('',#4434,#4435);
#4434 = CARTESIAN_POINT('',(196.3,-71.,1.51));
#4435 = VECTOR('',#4436,1.);
#4436 = DIRECTION('',(0.,-1.,0.));
#4437 = ORIENTED_EDGE('',*,*,#4438,.F.);
#4438 = EDGE_CURVE('',#4439,#4431,#4441,.T.);
#4439 = VERTEX_POINT('',#4440);
#4440 = CARTESIAN_POINT('',(196.3,-70.299647,1.51));
#4441 = LINE('',#4442,#4443);
#4442 = CARTESIAN_POINT('',(196.3,-70.299647,1.51));
#4443 = VECTOR('',#4444,1.);
#4444 = DIRECTION('',(0.,-1.,0.));
#4445 = ORIENTED_EDGE('',*,*,#4446,.F.);
#4446 = EDGE_CURVE('',#4447,#4439,#4449,.T.);
#4447 = VERTEX_POINT('',#4448);
#4448 = CARTESIAN_POINT('',(196.256066,-70.143345,1.51));
#4449 = CIRCLE('',#4450,0.299998582342);
#4450 = AXIS2_PLACEMENT_3D('',#4451,#4452,#4453);
#4451 = CARTESIAN_POINT('',(196.00000141765,-70.29964624464,1.51));
#4452 = DIRECTION('',(0.,0.,-1.));
#4453 = DIRECTION('',(0.853552641289,0.521006610849,0.));
#4454 = ORIENTED_EDGE('',*,*,#4455,.F.);
#4455 = EDGE_CURVE('',#4456,#4447,#4458,.T.);
#4456 = VERTEX_POINT('',#4457);
#4457 = CARTESIAN_POINT('',(196.943345,-69.456066,1.51));
#4458 = CIRCLE('',#4459,0.499999603944);
#4459 = AXIS2_PLACEMENT_3D('',#4460,#4461,#4462);
#4460 = CARTESIAN_POINT('',(196.68284211054,-69.88284211054,1.51));
#4461 = DIRECTION('',(0.,0.,1.));
#4462 = DIRECTION('',(0.521006191616,0.853552897188,-0.));
#4463 = ORIENTED_EDGE('',*,*,#4464,.F.);
#4464 = EDGE_CURVE('',#4465,#4456,#4467,.T.);
#4465 = VERTEX_POINT('',#4466);
#4466 = CARTESIAN_POINT('',(197.099647,-69.5,1.51));
#4467 = CIRCLE('',#4468,0.299998582341);
#4468 = AXIS2_PLACEMENT_3D('',#4469,#4470,#4471);
#4469 = CARTESIAN_POINT('',(197.09964624464,-69.20000141766,1.51));
#4470 = DIRECTION('',(0.,0.,-1.));
#4471 = DIRECTION('',(2.517861388613E-06,-0.999999999997,0.));
#4472 = ORIENTED_EDGE('',*,*,#4473,.F.);
#4473 = EDGE_CURVE('',#4474,#4465,#4476,.T.);
#4474 = VERTEX_POINT('',#4475);
#4475 = CARTESIAN_POINT('',(198.,-69.5,1.51));
#4476 = LINE('',#4477,#4478);
#4477 = CARTESIAN_POINT('',(198.,-69.5,1.51));
#4478 = VECTOR('',#4479,1.);
#4479 = DIRECTION('',(-1.,0.,0.));
#4480 = ORIENTED_EDGE('',*,*,#4481,.F.);
#4481 = EDGE_CURVE('',#4482,#4474,#4484,.T.);
#4482 = VERTEX_POINT('',#4483);
#4483 = CARTESIAN_POINT('',(198.900353,-69.5,1.51));
#4484 = LINE('',#4485,#4486);
#4485 = CARTESIAN_POINT('',(198.900353,-69.5,1.51));
#4486 = VECTOR('',#4487,1.);
#4487 = DIRECTION('',(-1.,0.,0.));
#4488 = ORIENTED_EDGE('',*,*,#4489,.F.);
#4489 = EDGE_CURVE('',#4327,#4482,#4490,.T.);
#4490 = CIRCLE('',#4491,0.299998582341);
#4491 = AXIS2_PLACEMENT_3D('',#4492,#4493,#4494);
#4492 = CARTESIAN_POINT('',(198.90035375535,-69.20000141766,1.51));
#4493 = DIRECTION('',(0.,0.,-1.));
#4494 = DIRECTION('',(0.52100661085,-0.853552641289,0.));
#4495 = FACE_BOUND('',#4496,.T.);
#4496 = EDGE_LOOP('',(#4497));
#4497 = ORIENTED_EDGE('',*,*,#4498,.T.);
#4498 = EDGE_CURVE('',#4499,#4499,#4501,.T.);
#4499 = VERTEX_POINT('',#4500);
#4500 = CARTESIAN_POINT('',(196.,-66.375,1.51));
#4501 = CIRCLE('',#4502,0.5);
#4502 = AXIS2_PLACEMENT_3D('',#4503,#4504,#4505);
#4503 = CARTESIAN_POINT('',(196.,-65.875,1.51));
#4504 = DIRECTION('',(-0.,0.,-1.));
#4505 = DIRECTION('',(-0.,-1.,0.));
#4506 = FACE_BOUND('',#4507,.T.);
#4507 = EDGE_LOOP('',(#4508));
#4508 = ORIENTED_EDGE('',*,*,#4509,.T.);
#4509 = EDGE_CURVE('',#4510,#4510,#4512,.T.);
#4510 = VERTEX_POINT('',#4511);
#4511 = CARTESIAN_POINT('',(201.,-66.375,1.51));
#4512 = CIRCLE('',#4513,0.5);
#4513 = AXIS2_PLACEMENT_3D('',#4514,#4515,#4516);
#4514 = CARTESIAN_POINT('',(201.,-65.875,1.51));
#4515 = DIRECTION('',(-0.,0.,-1.));
#4516 = DIRECTION('',(-0.,-1.,0.));
#4517 = FACE_BOUND('',#4518,.T.);
#4518 = EDGE_LOOP('',(#4519));
#4519 = ORIENTED_EDGE('',*,*,#4520,.T.);
#4520 = EDGE_CURVE('',#4521,#4521,#4523,.T.);
#4521 = VERTEX_POINT('',#4522);
#4522 = CARTESIAN_POINT('',(152.42,-59.85,1.51));
#4523 = CIRCLE('',#4524,0.85);
#4524 = AXIS2_PLACEMENT_3D('',#4525,#4526,#4527);
#4525 = CARTESIAN_POINT('',(152.42,-59.,1.51));
#4526 = DIRECTION('',(-0.,0.,-1.));
#4527 = DIRECTION('',(-3.343730521224E-14,-1.,0.));
#4528 = FACE_BOUND('',#4529,.T.);
#4529 = EDGE_LOOP('',(#4530));
#4530 = ORIENTED_EDGE('',*,*,#4531,.T.);
#4531 = EDGE_CURVE('',#4532,#4532,#4534,.T.);
#4532 = VERTEX_POINT('',#4533);
#4533 = CARTESIAN_POINT('',(153.69,-57.21,1.51));
#4534 = CIRCLE('',#4535,0.75);
#4535 = AXIS2_PLACEMENT_3D('',#4536,#4537,#4538);
#4536 = CARTESIAN_POINT('',(153.69,-56.46,1.51));
#4537 = DIRECTION('',(-0.,0.,-1.));
#4538 = DIRECTION('',(-0.,-1.,0.));
#4539 = FACE_BOUND('',#4540,.T.);
#4540 = EDGE_LOOP('',(#4541));
#4541 = ORIENTED_EDGE('',*,*,#4542,.T.);
#4542 = EDGE_CURVE('',#4543,#4543,#4545,.T.);
#4543 = VERTEX_POINT('',#4544);
#4544 = CARTESIAN_POINT('',(157.5,-61.,1.51));
#4545 = CIRCLE('',#4546,2.);
#4546 = AXIS2_PLACEMENT_3D('',#4547,#4548,#4549);
#4547 = CARTESIAN_POINT('',(157.5,-59.,1.51));
#4548 = DIRECTION('',(-0.,0.,-1.));
#4549 = DIRECTION('',(-0.,-1.,0.));
#4550 = FACE_BOUND('',#4551,.T.);
#4551 = EDGE_LOOP('',(#4552));
#4552 = ORIENTED_EDGE('',*,*,#4553,.T.);
#4553 = EDGE_CURVE('',#4554,#4554,#4556,.T.);
#4554 = VERTEX_POINT('',#4555);
#4555 = CARTESIAN_POINT('',(162.58,-59.85,1.51));
#4556 = CIRCLE('',#4557,0.85);
#4557 = AXIS2_PLACEMENT_3D('',#4558,#4559,#4560);
#4558 = CARTESIAN_POINT('',(162.58,-59.,1.51));
#4559 = DIRECTION('',(-0.,0.,-1.));
#4560 = DIRECTION('',(3.343730521224E-14,-1.,-0.));
#4561 = FACE_BOUND('',#4562,.T.);
#4562 = EDGE_LOOP('',(#4563));
#4563 = ORIENTED_EDGE('',*,*,#4564,.T.);
#4564 = EDGE_CURVE('',#4565,#4565,#4567,.T.);
#4565 = VERTEX_POINT('',#4566);
#4566 = CARTESIAN_POINT('',(160.04,-54.67,1.51));
#4567 = CIRCLE('',#4568,0.75);
#4568 = AXIS2_PLACEMENT_3D('',#4569,#4570,#4571);
#4569 = CARTESIAN_POINT('',(160.04,-53.92,1.51));
#4570 = DIRECTION('',(-0.,0.,-1.));
#4571 = DIRECTION('',(-0.,-1.,0.));
#4572 = FACE_BOUND('',#4573,.T.);
#4573 = EDGE_LOOP('',(#4574));
#4574 = ORIENTED_EDGE('',*,*,#4575,.T.);
#4575 = EDGE_CURVE('',#4576,#4576,#4578,.T.);
#4576 = VERTEX_POINT('',#4577);
#4577 = CARTESIAN_POINT('',(171.42,-59.85,1.51));
#4578 = CIRCLE('',#4579,0.85);
#4579 = AXIS2_PLACEMENT_3D('',#4580,#4581,#4582);
#4580 = CARTESIAN_POINT('',(171.42,-59.,1.51));
#4581 = DIRECTION('',(-0.,0.,-1.));
#4582 = DIRECTION('',(-3.343730521224E-14,-1.,0.));
#4583 = FACE_BOUND('',#4584,.T.);
#4584 = EDGE_LOOP('',(#4585));
#4585 = ORIENTED_EDGE('',*,*,#4586,.T.);
#4586 = EDGE_CURVE('',#4587,#4587,#4589,.T.);
#4587 = VERTEX_POINT('',#4588);
#4588 = CARTESIAN_POINT('',(172.69,-57.21,1.51));
#4589 = CIRCLE('',#4590,0.75);
#4590 = AXIS2_PLACEMENT_3D('',#4591,#4592,#4593);
#4591 = CARTESIAN_POINT('',(172.69,-56.46,1.51));
#4592 = DIRECTION('',(-0.,0.,-1.));
#4593 = DIRECTION('',(-0.,-1.,0.));
#4594 = FACE_BOUND('',#4595,.T.);
#4595 = EDGE_LOOP('',(#4596));
#4596 = ORIENTED_EDGE('',*,*,#4597,.T.);
#4597 = EDGE_CURVE('',#4598,#4598,#4600,.T.);
#4598 = VERTEX_POINT('',#4599);
#4599 = CARTESIAN_POINT('',(176.5,-61.,1.51));
#4600 = CIRCLE('',#4601,2.);
#4601 = AXIS2_PLACEMENT_3D('',#4602,#4603,#4604);
#4602 = CARTESIAN_POINT('',(176.5,-59.,1.51));
#4603 = DIRECTION('',(-0.,0.,-1.));
#4604 = DIRECTION('',(-0.,-1.,0.));
#4605 = FACE_BOUND('',#4606,.T.);
#4606 = EDGE_LOOP('',(#4607));
#4607 = ORIENTED_EDGE('',*,*,#4608,.T.);
#4608 = EDGE_CURVE('',#4609,#4609,#4611,.T.);
#4609 = VERTEX_POINT('',#4610);
#4610 = CARTESIAN_POINT('',(149.5,-42.81,1.51));
#4611 = CIRCLE('',#4612,0.5);
#4612 = AXIS2_PLACEMENT_3D('',#4613,#4614,#4615);
#4613 = CARTESIAN_POINT('',(149.5,-42.31,1.51));
#4614 = DIRECTION('',(-0.,0.,-1.));
#4615 = DIRECTION('',(-0.,-1.,0.));
#4616 = FACE_BOUND('',#4617,.T.);
#4617 = EDGE_LOOP('',(#4618));
#4618 = ORIENTED_EDGE('',*,*,#4619,.T.);
#4619 = EDGE_CURVE('',#4620,#4620,#4622,.T.);
#4620 = VERTEX_POINT('',#4621);
#4621 = CARTESIAN_POINT('',(149.5,-40.27,1.51));
#4622 = CIRCLE('',#4623,0.5);
#4623 = AXIS2_PLACEMENT_3D('',#4624,#4625,#4626);
#4624 = CARTESIAN_POINT('',(149.5,-39.77,1.51));
#4625 = DIRECTION('',(-0.,0.,-1.));
#4626 = DIRECTION('',(-0.,-1.,0.));
#4627 = FACE_BOUND('',#4628,.T.);
#4628 = EDGE_LOOP('',(#4629));
#4629 = ORIENTED_EDGE('',*,*,#4630,.T.);
#4630 = EDGE_CURVE('',#4631,#4631,#4633,.T.);
#4631 = VERTEX_POINT('',#4632);
#4632 = CARTESIAN_POINT('',(149.5,-37.73,1.51));
#4633 = CIRCLE('',#4634,0.5);
#4634 = AXIS2_PLACEMENT_3D('',#4635,#4636,#4637);
#4635 = CARTESIAN_POINT('',(149.5,-37.23,1.51));
#4636 = DIRECTION('',(-0.,0.,-1.));
#4637 = DIRECTION('',(-0.,-1.,0.));
#4638 = FACE_BOUND('',#4639,.T.);
#4639 = EDGE_LOOP('',(#4640));
#4640 = ORIENTED_EDGE('',*,*,#4641,.T.);
#4641 = EDGE_CURVE('',#4642,#4642,#4644,.T.);
#4642 = VERTEX_POINT('',#4643);
#4643 = CARTESIAN_POINT('',(149.5,-35.19,1.51));
#4644 = CIRCLE('',#4645,0.5);
#4645 = AXIS2_PLACEMENT_3D('',#4646,#4647,#4648);
#4646 = CARTESIAN_POINT('',(149.5,-34.69,1.51));
#4647 = DIRECTION('',(-0.,0.,-1.));
#4648 = DIRECTION('',(-0.,-1.,0.));
#4649 = FACE_BOUND('',#4650,.T.);
#4650 = EDGE_LOOP('',(#4651));
#4651 = ORIENTED_EDGE('',*,*,#4652,.T.);
#4652 = EDGE_CURVE('',#4653,#4653,#4655,.T.);
#4653 = VERTEX_POINT('',#4654);
#4654 = CARTESIAN_POINT('',(181.58,-59.85,1.51));
#4655 = CIRCLE('',#4656,0.85);
#4656 = AXIS2_PLACEMENT_3D('',#4657,#4658,#4659);
#4657 = CARTESIAN_POINT('',(181.58,-59.,1.51));
#4658 = DIRECTION('',(-0.,0.,-1.));
#4659 = DIRECTION('',(3.343730521224E-14,-1.,-0.));
#4660 = FACE_BOUND('',#4661,.T.);
#4661 = EDGE_LOOP('',(#4662,#4673,#4681,#4690));
#4662 = ORIENTED_EDGE('',*,*,#4663,.T.);
#4663 = EDGE_CURVE('',#4664,#4666,#4668,.T.);
#4664 = VERTEX_POINT('',#4665);
#4665 = CARTESIAN_POINT('',(193.65,-59.525,1.51));
#4666 = VERTEX_POINT('',#4667);
#4667 = CARTESIAN_POINT('',(192.15,-59.525,1.51));
#4668 = CIRCLE('',#4669,0.75);
#4669 = AXIS2_PLACEMENT_3D('',#4670,#4671,#4672);
#4670 = CARTESIAN_POINT('',(192.9,-59.525,1.51));
#4671 = DIRECTION('',(-0.,0.,-1.));
#4672 = DIRECTION('',(-1.,0.,0.));
#4673 = ORIENTED_EDGE('',*,*,#4674,.T.);
#4674 = EDGE_CURVE('',#4666,#4675,#4677,.T.);
#4675 = VERTEX_POINT('',#4676);
#4676 = CARTESIAN_POINT('',(192.15,-58.225,1.51));
#4677 = LINE('',#4678,#4679);
#4678 = CARTESIAN_POINT('',(192.15,-29.1125,1.51));
#4679 = VECTOR('',#4680,1.);
#4680 = DIRECTION('',(-0.,1.,0.));
#4681 = ORIENTED_EDGE('',*,*,#4682,.T.);
#4682 = EDGE_CURVE('',#4675,#4683,#4685,.T.);
#4683 = VERTEX_POINT('',#4684);
#4684 = CARTESIAN_POINT('',(193.65,-58.225,1.51));
#4685 = CIRCLE('',#4686,0.75);
#4686 = AXIS2_PLACEMENT_3D('',#4687,#4688,#4689);
#4687 = CARTESIAN_POINT('',(192.9,-58.225,1.51));
#4688 = DIRECTION('',(0.,-0.,-1.));
#4689 = DIRECTION('',(1.,0.,-0.));
#4690 = ORIENTED_EDGE('',*,*,#4691,.T.);
#4691 = EDGE_CURVE('',#4683,#4664,#4692,.T.);
#4692 = LINE('',#4693,#4694);
#4693 = CARTESIAN_POINT('',(193.65,-29.7625,1.51));
#4694 = VECTOR('',#4695,1.);
#4695 = DIRECTION('',(0.,-1.,0.));
#4696 = FACE_BOUND('',#4697,.T.);
#4697 = EDGE_LOOP('',(#4698));
#4698 = ORIENTED_EDGE('',*,*,#4699,.T.);
#4699 = EDGE_CURVE('',#4700,#4700,#4702,.T.);
#4700 = VERTEX_POINT('',#4701);
#4701 = CARTESIAN_POINT('',(179.04,-54.67,1.51));
#4702 = CIRCLE('',#4703,0.75);
#4703 = AXIS2_PLACEMENT_3D('',#4704,#4705,#4706);
#4704 = CARTESIAN_POINT('',(179.04,-53.92,1.51));
#4705 = DIRECTION('',(-0.,0.,-1.));
#4706 = DIRECTION('',(-0.,-1.,0.));
#4707 = FACE_BOUND('',#4708,.T.);
#4708 = EDGE_LOOP('',(#4709,#4720,#4728,#4737));
#4709 = ORIENTED_EDGE('',*,*,#4710,.T.);
#4710 = EDGE_CURVE('',#4711,#4713,#4715,.T.);
#4711 = VERTEX_POINT('',#4712);
#4712 = CARTESIAN_POINT('',(204.85,-59.525,1.51));
#4713 = VERTEX_POINT('',#4714);
#4714 = CARTESIAN_POINT('',(203.35,-59.525,1.51));
#4715 = CIRCLE('',#4716,0.75);
#4716 = AXIS2_PLACEMENT_3D('',#4717,#4718,#4719);
#4717 = CARTESIAN_POINT('',(204.1,-59.525,1.51));
#4718 = DIRECTION('',(-0.,0.,-1.));
#4719 = DIRECTION('',(-1.,0.,0.));
#4720 = ORIENTED_EDGE('',*,*,#4721,.T.);
#4721 = EDGE_CURVE('',#4713,#4722,#4724,.T.);
#4722 = VERTEX_POINT('',#4723);
#4723 = CARTESIAN_POINT('',(203.35,-58.225,1.51));
#4724 = LINE('',#4725,#4726);
#4725 = CARTESIAN_POINT('',(203.35,-29.1125,1.51));
#4726 = VECTOR('',#4727,1.);
#4727 = DIRECTION('',(-0.,1.,0.));
#4728 = ORIENTED_EDGE('',*,*,#4729,.T.);
#4729 = EDGE_CURVE('',#4722,#4730,#4732,.T.);
#4730 = VERTEX_POINT('',#4731);
#4731 = CARTESIAN_POINT('',(204.85,-58.225,1.51));
#4732 = CIRCLE('',#4733,0.75);
#4733 = AXIS2_PLACEMENT_3D('',#4734,#4735,#4736);
#4734 = CARTESIAN_POINT('',(204.1,-58.225,1.51));
#4735 = DIRECTION('',(0.,-0.,-1.));
#4736 = DIRECTION('',(1.,0.,-0.));
#4737 = ORIENTED_EDGE('',*,*,#4738,.T.);
#4738 = EDGE_CURVE('',#4730,#4711,#4739,.T.);
#4739 = LINE('',#4740,#4741);
#4740 = CARTESIAN_POINT('',(204.85,-29.7625,1.51));
#4741 = VECTOR('',#4742,1.);
#4742 = DIRECTION('',(0.,-1.,0.));
#4743 = FACE_BOUND('',#4744,.T.);
#4744 = EDGE_LOOP('',(#4745));
#4745 = ORIENTED_EDGE('',*,*,#4746,.T.);
#4746 = EDGE_CURVE('',#4747,#4747,#4749,.T.);
#4747 = VERTEX_POINT('',#4748);
#4748 = CARTESIAN_POINT('',(196.,-51.875,1.51));
#4749 = CIRCLE('',#4750,0.5);
#4750 = AXIS2_PLACEMENT_3D('',#4751,#4752,#4753);
#4751 = CARTESIAN_POINT('',(196.,-51.375,1.51));
#4752 = DIRECTION('',(-0.,0.,-1.));
#4753 = DIRECTION('',(-0.,-1.,0.));
#4754 = FACE_BOUND('',#4755,.T.);
#4755 = EDGE_LOOP('',(#4756));
#4756 = ORIENTED_EDGE('',*,*,#4757,.T.);
#4757 = EDGE_CURVE('',#4758,#4758,#4760,.T.);
#4758 = VERTEX_POINT('',#4759);
#4759 = CARTESIAN_POINT('',(198.5,-51.875,1.51));
#4760 = CIRCLE('',#4761,0.5);
#4761 = AXIS2_PLACEMENT_3D('',#4762,#4763,#4764);
#4762 = CARTESIAN_POINT('',(198.5,-51.375,1.51));
#4763 = DIRECTION('',(-0.,0.,-1.));
#4764 = DIRECTION('',(-0.,-1.,0.));
#4765 = FACE_BOUND('',#4766,.T.);
#4766 = EDGE_LOOP('',(#4767));
#4767 = ORIENTED_EDGE('',*,*,#4768,.T.);
#4768 = EDGE_CURVE('',#4769,#4769,#4771,.T.);
#4769 = VERTEX_POINT('',#4770);
#4770 = CARTESIAN_POINT('',(201.,-51.875,1.51));
#4771 = CIRCLE('',#4772,0.5);
#4772 = AXIS2_PLACEMENT_3D('',#4773,#4774,#4775);
#4773 = CARTESIAN_POINT('',(201.,-51.375,1.51));
#4774 = DIRECTION('',(-0.,0.,-1.));
#4775 = DIRECTION('',(-0.,-1.,0.));
#4776 = FACE_BOUND('',#4777,.T.);
#4777 = EDGE_LOOP('',(#4778));
#4778 = ORIENTED_EDGE('',*,*,#4779,.T.);
#4779 = EDGE_CURVE('',#4780,#4780,#4782,.T.);
#4780 = VERTEX_POINT('',#4781);
#4781 = CARTESIAN_POINT('',(191.875,-46.12,1.51));
#4782 = CIRCLE('',#4783,0.5);
#4783 = AXIS2_PLACEMENT_3D('',#4784,#4785,#4786);
#4784 = CARTESIAN_POINT('',(191.875,-45.62,1.51));
#4785 = DIRECTION('',(-0.,0.,-1.));
#4786 = DIRECTION('',(-0.,-1.,0.));
#4787 = FACE_BOUND('',#4788,.T.);
#4788 = EDGE_LOOP('',(#4789));
#4789 = ORIENTED_EDGE('',*,*,#4790,.T.);
#4790 = EDGE_CURVE('',#4791,#4791,#4793,.T.);
#4791 = VERTEX_POINT('',#4792);
#4792 = CARTESIAN_POINT('',(191.875,-43.58,1.51));
#4793 = CIRCLE('',#4794,0.5);
#4794 = AXIS2_PLACEMENT_3D('',#4795,#4796,#4797);
#4795 = CARTESIAN_POINT('',(191.875,-43.08,1.51));
#4796 = DIRECTION('',(-0.,0.,-1.));
#4797 = DIRECTION('',(-0.,-1.,0.));
#4798 = FACE_BOUND('',#4799,.T.);
#4799 = EDGE_LOOP('',(#4800));
#4800 = ORIENTED_EDGE('',*,*,#4801,.T.);
#4801 = EDGE_CURVE('',#4802,#4802,#4804,.T.);
#4802 = VERTEX_POINT('',#4803);
#4803 = CARTESIAN_POINT('',(191.875,-41.04,1.51));
#4804 = CIRCLE('',#4805,0.5);
#4805 = AXIS2_PLACEMENT_3D('',#4806,#4807,#4808);
#4806 = CARTESIAN_POINT('',(191.875,-40.54,1.51));
#4807 = DIRECTION('',(-0.,0.,-1.));
#4808 = DIRECTION('',(-0.,-1.,0.));
#4809 = FACE_BOUND('',#4810,.T.);
#4810 = EDGE_LOOP('',(#4811));
#4811 = ORIENTED_EDGE('',*,*,#4812,.T.);
#4812 = EDGE_CURVE('',#4813,#4813,#4815,.T.);
#4813 = VERTEX_POINT('',#4814);
#4814 = CARTESIAN_POINT('',(191.875,-38.5,1.51));
#4815 = CIRCLE('',#4816,0.5);
#4816 = AXIS2_PLACEMENT_3D('',#4817,#4818,#4819);
#4817 = CARTESIAN_POINT('',(191.875,-38.,1.51));
#4818 = DIRECTION('',(-0.,0.,-1.));
#4819 = DIRECTION('',(-0.,-1.,0.));
#4820 = FACE_BOUND('',#4821,.T.);
#4821 = EDGE_LOOP('',(#4822));
#4822 = ORIENTED_EDGE('',*,*,#4823,.T.);
#4823 = EDGE_CURVE('',#4824,#4824,#4826,.T.);
#4824 = VERTEX_POINT('',#4825);
#4825 = CARTESIAN_POINT('',(191.875,-35.96,1.51));
#4826 = CIRCLE('',#4827,0.5);
#4827 = AXIS2_PLACEMENT_3D('',#4828,#4829,#4830);
#4828 = CARTESIAN_POINT('',(191.875,-35.46,1.51));
#4829 = DIRECTION('',(-0.,0.,-1.));
#4830 = DIRECTION('',(-0.,-1.,0.));
#4831 = FACE_BOUND('',#4832,.T.);
#4832 = EDGE_LOOP('',(#4833));
#4833 = ORIENTED_EDGE('',*,*,#4834,.T.);
#4834 = EDGE_CURVE('',#4835,#4835,#4837,.T.);
#4835 = VERTEX_POINT('',#4836);
#4836 = CARTESIAN_POINT('',(191.875,-33.42,1.51));
#4837 = CIRCLE('',#4838,0.5);
#4838 = AXIS2_PLACEMENT_3D('',#4839,#4840,#4841);
#4839 = CARTESIAN_POINT('',(191.875,-32.92,1.51));
#4840 = DIRECTION('',(-0.,0.,-1.));
#4841 = DIRECTION('',(-0.,-1.,0.));
#4842 = FACE_BOUND('',#4843,.T.);
#4843 = EDGE_LOOP('',(#4844));
#4844 = ORIENTED_EDGE('',*,*,#4845,.T.);
#4845 = EDGE_CURVE('',#4846,#4846,#4848,.T.);
#4846 = VERTEX_POINT('',#4847);
#4847 = CARTESIAN_POINT('',(191.875,-30.88,1.51));
#4848 = CIRCLE('',#4849,0.5);
#4849 = AXIS2_PLACEMENT_3D('',#4850,#4851,#4852);
#4850 = CARTESIAN_POINT('',(191.875,-30.38,1.51));
#4851 = DIRECTION('',(-0.,0.,-1.));
#4852 = DIRECTION('',(-0.,-1.,0.));
#4853 = FACE_BOUND('',#4854,.T.);
#4854 = EDGE_LOOP('',(#4855));
#4855 = ORIENTED_EDGE('',*,*,#4856,.T.);
#4856 = EDGE_CURVE('',#4857,#4857,#4859,.T.);
#4857 = VERTEX_POINT('',#4858);
#4858 = CARTESIAN_POINT('',(207.125,-46.12,1.51));
#4859 = CIRCLE('',#4860,0.5);
#4860 = AXIS2_PLACEMENT_3D('',#4861,#4862,#4863);
#4861 = CARTESIAN_POINT('',(207.125,-45.62,1.51));
#4862 = DIRECTION('',(-0.,0.,-1.));
#4863 = DIRECTION('',(-0.,-1.,0.));
#4864 = FACE_BOUND('',#4865,.T.);
#4865 = EDGE_LOOP('',(#4866));
#4866 = ORIENTED_EDGE('',*,*,#4867,.T.);
#4867 = EDGE_CURVE('',#4868,#4868,#4870,.T.);
#4868 = VERTEX_POINT('',#4869);
#4869 = CARTESIAN_POINT('',(207.125,-43.58,1.51));
#4870 = CIRCLE('',#4871,0.5);
#4871 = AXIS2_PLACEMENT_3D('',#4872,#4873,#4874);
#4872 = CARTESIAN_POINT('',(207.125,-43.08,1.51));
#4873 = DIRECTION('',(-0.,0.,-1.));
#4874 = DIRECTION('',(-0.,-1.,0.));
#4875 = FACE_BOUND('',#4876,.T.);
#4876 = EDGE_LOOP('',(#4877));
#4877 = ORIENTED_EDGE('',*,*,#4878,.T.);
#4878 = EDGE_CURVE('',#4879,#4879,#4881,.T.);
#4879 = VERTEX_POINT('',#4880);
#4880 = CARTESIAN_POINT('',(207.125,-41.04,1.51));
#4881 = CIRCLE('',#4882,0.5);
#4882 = AXIS2_PLACEMENT_3D('',#4883,#4884,#4885);
#4883 = CARTESIAN_POINT('',(207.125,-40.54,1.51));
#4884 = DIRECTION('',(-0.,0.,-1.));
#4885 = DIRECTION('',(-0.,-1.,0.));
#4886 = FACE_BOUND('',#4887,.T.);
#4887 = EDGE_LOOP('',(#4888));
#4888 = ORIENTED_EDGE('',*,*,#4889,.T.);
#4889 = EDGE_CURVE('',#4890,#4890,#4892,.T.);
#4890 = VERTEX_POINT('',#4891);
#4891 = CARTESIAN_POINT('',(207.125,-38.5,1.51));
#4892 = CIRCLE('',#4893,0.5);
#4893 = AXIS2_PLACEMENT_3D('',#4894,#4895,#4896);
#4894 = CARTESIAN_POINT('',(207.125,-38.,1.51));
#4895 = DIRECTION('',(-0.,0.,-1.));
#4896 = DIRECTION('',(-0.,-1.,0.));
#4897 = FACE_BOUND('',#4898,.T.);
#4898 = EDGE_LOOP('',(#4899));
#4899 = ORIENTED_EDGE('',*,*,#4900,.T.);
#4900 = EDGE_CURVE('',#4901,#4901,#4903,.T.);
#4901 = VERTEX_POINT('',#4902);
#4902 = CARTESIAN_POINT('',(207.125,-35.96,1.51));
#4903 = CIRCLE('',#4904,0.5);
#4904 = AXIS2_PLACEMENT_3D('',#4905,#4906,#4907);
#4905 = CARTESIAN_POINT('',(207.125,-35.46,1.51));
#4906 = DIRECTION('',(-0.,0.,-1.));
#4907 = DIRECTION('',(-0.,-1.,0.));
#4908 = FACE_BOUND('',#4909,.T.);
#4909 = EDGE_LOOP('',(#4910));
#4910 = ORIENTED_EDGE('',*,*,#4911,.T.);
#4911 = EDGE_CURVE('',#4912,#4912,#4914,.T.);
#4912 = VERTEX_POINT('',#4913);
#4913 = CARTESIAN_POINT('',(207.125,-33.42,1.51));
#4914 = CIRCLE('',#4915,0.5);
#4915 = AXIS2_PLACEMENT_3D('',#4916,#4917,#4918);
#4916 = CARTESIAN_POINT('',(207.125,-32.92,1.51));
#4917 = DIRECTION('',(-0.,0.,-1.));
#4918 = DIRECTION('',(-0.,-1.,0.));
#4919 = FACE_BOUND('',#4920,.T.);
#4920 = EDGE_LOOP('',(#4921));
#4921 = ORIENTED_EDGE('',*,*,#4922,.T.);
#4922 = EDGE_CURVE('',#4923,#4923,#4925,.T.);
#4923 = VERTEX_POINT('',#4924);
#4924 = CARTESIAN_POINT('',(207.125,-30.88,1.51));
#4925 = CIRCLE('',#4926,0.5);
#4926 = AXIS2_PLACEMENT_3D('',#4927,#4928,#4929);
#4927 = CARTESIAN_POINT('',(207.125,-30.38,1.51));
#4928 = DIRECTION('',(-0.,0.,-1.));
#4929 = DIRECTION('',(-0.,-1.,0.));
#4930 = PLANE('',#4931);
#4931 = AXIS2_PLACEMENT_3D('',#4932,#4933,#4934);
#4932 = CARTESIAN_POINT('',(0.,0.,1.51));
#4933 = DIRECTION('',(0.,0.,1.));
#4934 = DIRECTION('',(1.,0.,-0.));
#4935 = ADVANCED_FACE('',(#4936),#4942,.T.);
#4936 = FACE_BOUND('',#4937,.T.);
#4937 = EDGE_LOOP('',(#4938,#4939,#4940,#4941));
#4938 = ORIENTED_EDGE('',*,*,#1799,.T.);
#4939 = ORIENTED_EDGE('',*,*,#3382,.T.);
#4940 = ORIENTED_EDGE('',*,*,#1759,.F.);
#4941 = ORIENTED_EDGE('',*,*,#1823,.F.);
#4942 = PLANE('',#4943);
#4943 = AXIS2_PLACEMENT_3D('',#4944,#4945,#4946);
#4944 = CARTESIAN_POINT('',(145.,-26.5,0.));
#4945 = DIRECTION('',(0.,1.,0.));
#4946 = DIRECTION('',(1.,0.,0.));
#4947 = ADVANCED_FACE('',(#4948),#4964,.F.);
#4948 = FACE_BOUND('',#4949,.T.);
#4949 = EDGE_LOOP('',(#4950,#4956,#4957,#4963));
#4950 = ORIENTED_EDGE('',*,*,#4951,.T.);
#4951 = EDGE_CURVE('',#1833,#3392,#4952,.T.);
#4952 = LINE('',#4953,#4954);
#4953 = CARTESIAN_POINT('',(158.743934,-96.143345,0.));
#4954 = VECTOR('',#4955,1.);
#4955 = DIRECTION('',(0.,0.,1.));
#4956 = ORIENTED_EDGE('',*,*,#3391,.T.);
#4957 = ORIENTED_EDGE('',*,*,#4958,.F.);
#4958 = EDGE_CURVE('',#1835,#3394,#4959,.T.);
#4959 = LINE('',#4960,#4961);
#4960 = CARTESIAN_POINT('',(158.056655,-95.456066,0.));
#4961 = VECTOR('',#4962,1.);
#4962 = DIRECTION('',(0.,0.,1.));
#4963 = ORIENTED_EDGE('',*,*,#1832,.F.);
#4964 = CYLINDRICAL_SURFACE('',#4965,0.499999603944);
#4965 = AXIS2_PLACEMENT_3D('',#4966,#4967,#4968);
#4966 = CARTESIAN_POINT('',(158.31715788946,-95.88284211054,0.));
#4967 = DIRECTION('',(-0.,-0.,-1.));
#4968 = DIRECTION('',(0.853552897188,-0.521006191616,0.));
#4969 = ADVANCED_FACE('',(#4970),#4981,.T.);
#4970 = FACE_BOUND('',#4971,.T.);
#4971 = EDGE_LOOP('',(#4972,#4978,#4979,#4980));
#4972 = ORIENTED_EDGE('',*,*,#4973,.T.);
#4973 = EDGE_CURVE('',#1844,#3403,#4974,.T.);
#4974 = LINE('',#4975,#4976);
#4975 = CARTESIAN_POINT('',(158.7,-96.299647,0.));
#4976 = VECTOR('',#4977,1.);
#4977 = DIRECTION('',(0.,0.,1.));
#4978 = ORIENTED_EDGE('',*,*,#3402,.T.);
#4979 = ORIENTED_EDGE('',*,*,#4951,.F.);
#4980 = ORIENTED_EDGE('',*,*,#1843,.F.);
#4981 = CYLINDRICAL_SURFACE('',#4982,0.299998582342);
#4982 = AXIS2_PLACEMENT_3D('',#4983,#4984,#4985);
#4983 = CARTESIAN_POINT('',(158.99999858234,-96.29964624464,0.));
#4984 = DIRECTION('',(0.,0.,-1.));
#4985 = DIRECTION('',(-0.999999999997,-2.517860820172E-06,-0.));
#4986 = ADVANCED_FACE('',(#4987),#4998,.T.);
#4987 = FACE_BOUND('',#4988,.T.);
#4988 = EDGE_LOOP('',(#4989,#4990,#4991,#4997));
#4989 = ORIENTED_EDGE('',*,*,#4958,.T.);
#4990 = ORIENTED_EDGE('',*,*,#3556,.T.);
#4991 = ORIENTED_EDGE('',*,*,#4992,.F.);
#4992 = EDGE_CURVE('',#1990,#3549,#4993,.T.);
#4993 = LINE('',#4994,#4995);
#4994 = CARTESIAN_POINT('',(157.900353,-95.5,0.));
#4995 = VECTOR('',#4996,1.);
#4996 = DIRECTION('',(0.,0.,1.));
#4997 = ORIENTED_EDGE('',*,*,#1997,.F.);
#4998 = CYLINDRICAL_SURFACE('',#4999,0.299998582341);
#4999 = AXIS2_PLACEMENT_3D('',#5000,#5001,#5002);
#5000 = CARTESIAN_POINT('',(157.90035375535,-95.20000141766,0.));
#5001 = DIRECTION('',(0.,0.,-1.));
#5002 = DIRECTION('',(0.52100661085,-0.853552641289,0.));
#5003 = ADVANCED_FACE('',(#5004),#5015,.T.);
#5004 = FACE_BOUND('',#5005,.T.);
#5005 = EDGE_LOOP('',(#5006,#5012,#5013,#5014));
#5006 = ORIENTED_EDGE('',*,*,#5007,.T.);
#5007 = EDGE_CURVE('',#1853,#3412,#5008,.T.);
#5008 = LINE('',#5009,#5010);
#5009 = CARTESIAN_POINT('',(158.7,-97.,0.));
#5010 = VECTOR('',#5011,1.);
#5011 = DIRECTION('',(0.,0.,1.));
#5012 = ORIENTED_EDGE('',*,*,#3411,.T.);
#5013 = ORIENTED_EDGE('',*,*,#4973,.F.);
#5014 = ORIENTED_EDGE('',*,*,#1852,.F.);
#5015 = PLANE('',#5016);
#5016 = AXIS2_PLACEMENT_3D('',#5017,#5018,#5019);
#5017 = CARTESIAN_POINT('',(158.7,-97.,0.));
#5018 = DIRECTION('',(-1.,0.,0.));
#5019 = DIRECTION('',(0.,1.,0.));
#5020 = ADVANCED_FACE('',(#5021),#5032,.T.);
#5021 = FACE_BOUND('',#5022,.T.);
#5022 = EDGE_LOOP('',(#5023,#5024,#5025,#5031));
#5023 = ORIENTED_EDGE('',*,*,#4992,.T.);
#5024 = ORIENTED_EDGE('',*,*,#3548,.T.);
#5025 = ORIENTED_EDGE('',*,*,#5026,.F.);
#5026 = EDGE_CURVE('',#1982,#3541,#5027,.T.);
#5027 = LINE('',#5028,#5029);
#5028 = CARTESIAN_POINT('',(157.,-95.5,0.));
#5029 = VECTOR('',#5030,1.);
#5030 = DIRECTION('',(0.,0.,1.));
#5031 = ORIENTED_EDGE('',*,*,#1989,.F.);
#5032 = PLANE('',#5033);
#5033 = AXIS2_PLACEMENT_3D('',#5034,#5035,#5036);
#5034 = CARTESIAN_POINT('',(157.900353,-95.5,0.));
#5035 = DIRECTION('',(0.,-1.,0.));
#5036 = DIRECTION('',(-1.,0.,0.));
#5037 = ADVANCED_FACE('',(#5038),#5049,.T.);
#5038 = FACE_BOUND('',#5039,.T.);
#5039 = EDGE_LOOP('',(#5040,#5046,#5047,#5048));
#5040 = ORIENTED_EDGE('',*,*,#5041,.T.);
#5041 = EDGE_CURVE('',#1861,#3420,#5042,.T.);
#5042 = LINE('',#5043,#5044);
#5043 = CARTESIAN_POINT('',(158.7,-97.700353,0.));
#5044 = VECTOR('',#5045,1.);
#5045 = DIRECTION('',(0.,0.,1.));
#5046 = ORIENTED_EDGE('',*,*,#3419,.T.);
#5047 = ORIENTED_EDGE('',*,*,#5007,.F.);
#5048 = ORIENTED_EDGE('',*,*,#1860,.F.);
#5049 = PLANE('',#5050);
#5050 = AXIS2_PLACEMENT_3D('',#5051,#5052,#5053);
#5051 = CARTESIAN_POINT('',(158.7,-97.700353,0.));
#5052 = DIRECTION('',(-1.,0.,0.));
#5053 = DIRECTION('',(0.,1.,0.));
#5054 = ADVANCED_FACE('',(#5055),#5066,.T.);
#5055 = FACE_BOUND('',#5056,.T.);
#5056 = EDGE_LOOP('',(#5057,#5058,#5059,#5065));
#5057 = ORIENTED_EDGE('',*,*,#5026,.T.);
#5058 = ORIENTED_EDGE('',*,*,#3540,.T.);
#5059 = ORIENTED_EDGE('',*,*,#5060,.F.);
#5060 = EDGE_CURVE('',#1973,#3532,#5061,.T.);
#5061 = LINE('',#5062,#5063);
#5062 = CARTESIAN_POINT('',(156.099647,-95.5,0.));
#5063 = VECTOR('',#5064,1.);
#5064 = DIRECTION('',(0.,0.,1.));
#5065 = ORIENTED_EDGE('',*,*,#1981,.F.);
#5066 = PLANE('',#5067);
#5067 = AXIS2_PLACEMENT_3D('',#5068,#5069,#5070);
#5068 = CARTESIAN_POINT('',(157.,-95.5,0.));
#5069 = DIRECTION('',(0.,-1.,0.));
#5070 = DIRECTION('',(-1.,0.,0.));
#5071 = ADVANCED_FACE('',(#5072),#5083,.T.);
#5072 = FACE_BOUND('',#5073,.T.);
#5073 = EDGE_LOOP('',(#5074,#5080,#5081,#5082));
#5074 = ORIENTED_EDGE('',*,*,#5075,.T.);
#5075 = EDGE_CURVE('',#1869,#3428,#5076,.T.);
#5076 = LINE('',#5077,#5078);
#5077 = CARTESIAN_POINT('',(158.743934,-97.856655,0.));
#5078 = VECTOR('',#5079,1.);
#5079 = DIRECTION('',(0.,0.,1.));
#5080 = ORIENTED_EDGE('',*,*,#3427,.T.);
#5081 = ORIENTED_EDGE('',*,*,#5041,.F.);
#5082 = ORIENTED_EDGE('',*,*,#1868,.F.);
#5083 = CYLINDRICAL_SURFACE('',#5084,0.299998582342);
#5084 = AXIS2_PLACEMENT_3D('',#5085,#5086,#5087);
#5085 = CARTESIAN_POINT('',(158.99999858234,-97.70035375535,0.));
#5086 = DIRECTION('',(0.,0.,-1.));
#5087 = DIRECTION('',(-0.853552641289,-0.521006610849,-0.));
#5088 = ADVANCED_FACE('',(#5089),#5100,.T.);
#5089 = FACE_BOUND('',#5090,.T.);
#5090 = EDGE_LOOP('',(#5091,#5092,#5093,#5099));
#5091 = ORIENTED_EDGE('',*,*,#5060,.T.);
#5092 = ORIENTED_EDGE('',*,*,#3531,.T.);
#5093 = ORIENTED_EDGE('',*,*,#5094,.F.);
#5094 = EDGE_CURVE('',#1964,#3523,#5095,.T.);
#5095 = LINE('',#5096,#5097);
#5096 = CARTESIAN_POINT('',(155.943345,-95.456066,0.));
#5097 = VECTOR('',#5098,1.);
#5098 = DIRECTION('',(0.,0.,1.));
#5099 = ORIENTED_EDGE('',*,*,#1972,.F.);
#5100 = CYLINDRICAL_SURFACE('',#5101,0.299998582341);
#5101 = AXIS2_PLACEMENT_3D('',#5102,#5103,#5104);
#5102 = CARTESIAN_POINT('',(156.09964624464,-95.20000141766,0.));
#5103 = DIRECTION('',(0.,0.,-1.));
#5104 = DIRECTION('',(2.517861388613E-06,-0.999999999997,0.));
#5105 = ADVANCED_FACE('',(#5106),#5117,.F.);
#5106 = FACE_BOUND('',#5107,.T.);
#5107 = EDGE_LOOP('',(#5108,#5114,#5115,#5116));
#5108 = ORIENTED_EDGE('',*,*,#5109,.T.);
#5109 = EDGE_CURVE('',#1878,#3437,#5110,.T.);
#5110 = LINE('',#5111,#5112);
#5111 = CARTESIAN_POINT('',(158.056655,-98.543934,0.));
#5112 = VECTOR('',#5113,1.);
#5113 = DIRECTION('',(0.,0.,1.));
#5114 = ORIENTED_EDGE('',*,*,#3436,.T.);
#5115 = ORIENTED_EDGE('',*,*,#5075,.F.);
#5116 = ORIENTED_EDGE('',*,*,#1877,.F.);
#5117 = CYLINDRICAL_SURFACE('',#5118,0.499999603944);
#5118 = AXIS2_PLACEMENT_3D('',#5119,#5120,#5121);
#5119 = CARTESIAN_POINT('',(158.31715788946,-98.11715788946,0.));
#5120 = DIRECTION('',(-0.,-0.,-1.));
#5121 = DIRECTION('',(-0.521006191616,-0.853552897188,0.));
#5122 = ADVANCED_FACE('',(#5123),#5134,.F.);
#5123 = FACE_BOUND('',#5124,.T.);
#5124 = EDGE_LOOP('',(#5125,#5126,#5127,#5133));
#5125 = ORIENTED_EDGE('',*,*,#5094,.T.);
#5126 = ORIENTED_EDGE('',*,*,#3522,.T.);
#5127 = ORIENTED_EDGE('',*,*,#5128,.F.);
#5128 = EDGE_CURVE('',#1955,#3514,#5129,.T.);
#5129 = LINE('',#5130,#5131);
#5130 = CARTESIAN_POINT('',(155.256066,-96.143345,0.));
#5131 = VECTOR('',#5132,1.);
#5132 = DIRECTION('',(0.,0.,1.));
#5133 = ORIENTED_EDGE('',*,*,#1963,.F.);
#5134 = CYLINDRICAL_SURFACE('',#5135,0.499999603944);
#5135 = AXIS2_PLACEMENT_3D('',#5136,#5137,#5138);
#5136 = CARTESIAN_POINT('',(155.68284211054,-95.88284211054,0.));
#5137 = DIRECTION('',(-0.,-0.,-1.));
#5138 = DIRECTION('',(0.521006191616,0.853552897188,-0.));
#5139 = ADVANCED_FACE('',(#5140),#5151,.T.);
#5140 = FACE_BOUND('',#5141,.T.);
#5141 = EDGE_LOOP('',(#5142,#5148,#5149,#5150));
#5142 = ORIENTED_EDGE('',*,*,#5143,.T.);
#5143 = EDGE_CURVE('',#1887,#3446,#5144,.T.);
#5144 = LINE('',#5145,#5146);
#5145 = CARTESIAN_POINT('',(157.900353,-98.5,0.));
#5146 = VECTOR('',#5147,1.);
#5147 = DIRECTION('',(0.,0.,1.));
#5148 = ORIENTED_EDGE('',*,*,#3445,.T.);
#5149 = ORIENTED_EDGE('',*,*,#5109,.F.);
#5150 = ORIENTED_EDGE('',*,*,#1886,.F.);
#5151 = CYLINDRICAL_SURFACE('',#5152,0.299998582341);
#5152 = AXIS2_PLACEMENT_3D('',#5153,#5154,#5155);
#5153 = CARTESIAN_POINT('',(157.90035375535,-98.79999858234,0.));
#5154 = DIRECTION('',(0.,0.,-1.));
#5155 = DIRECTION('',(-2.517861388613E-06,0.999999999997,0.));
#5156 = ADVANCED_FACE('',(#5157),#5168,.T.);
#5157 = FACE_BOUND('',#5158,.T.);
#5158 = EDGE_LOOP('',(#5159,#5160,#5161,#5167));
#5159 = ORIENTED_EDGE('',*,*,#5128,.T.);
#5160 = ORIENTED_EDGE('',*,*,#3513,.T.);
#5161 = ORIENTED_EDGE('',*,*,#5162,.F.);
#5162 = EDGE_CURVE('',#1947,#3506,#5163,.T.);
#5163 = LINE('',#5164,#5165);
#5164 = CARTESIAN_POINT('',(155.3,-96.299647,0.));
#5165 = VECTOR('',#5166,1.);
#5166 = DIRECTION('',(0.,0.,1.));
#5167 = ORIENTED_EDGE('',*,*,#1954,.F.);
#5168 = CYLINDRICAL_SURFACE('',#5169,0.299998582342);
#5169 = AXIS2_PLACEMENT_3D('',#5170,#5171,#5172);
#5170 = CARTESIAN_POINT('',(155.00000141765,-96.29964624464,0.));
#5171 = DIRECTION('',(0.,0.,-1.));
#5172 = DIRECTION('',(0.853552641289,0.521006610849,0.));
#5173 = ADVANCED_FACE('',(#5174),#5185,.T.);
#5174 = FACE_BOUND('',#5175,.T.);
#5175 = EDGE_LOOP('',(#5176,#5182,#5183,#5184));
#5176 = ORIENTED_EDGE('',*,*,#5177,.T.);
#5177 = EDGE_CURVE('',#1896,#3455,#5178,.T.);
#5178 = LINE('',#5179,#5180);
#5179 = CARTESIAN_POINT('',(157.,-98.5,0.));
#5180 = VECTOR('',#5181,1.);
#5181 = DIRECTION('',(0.,0.,1.));
#5182 = ORIENTED_EDGE('',*,*,#3454,.T.);
#5183 = ORIENTED_EDGE('',*,*,#5143,.F.);
#5184 = ORIENTED_EDGE('',*,*,#1895,.F.);
#5185 = PLANE('',#5186);
#5186 = AXIS2_PLACEMENT_3D('',#5187,#5188,#5189);
#5187 = CARTESIAN_POINT('',(157.,-98.5,0.));
#5188 = DIRECTION('',(0.,1.,0.));
#5189 = DIRECTION('',(1.,0.,0.));
#5190 = ADVANCED_FACE('',(#5191),#5202,.T.);
#5191 = FACE_BOUND('',#5192,.T.);
#5192 = EDGE_LOOP('',(#5193,#5194,#5195,#5201));
#5193 = ORIENTED_EDGE('',*,*,#5162,.T.);
#5194 = ORIENTED_EDGE('',*,*,#3505,.T.);
#5195 = ORIENTED_EDGE('',*,*,#5196,.F.);
#5196 = EDGE_CURVE('',#1939,#3498,#5197,.T.);
#5197 = LINE('',#5198,#5199);
#5198 = CARTESIAN_POINT('',(155.3,-97.,0.));
#5199 = VECTOR('',#5200,1.);
#5200 = DIRECTION('',(0.,0.,1.));
#5201 = ORIENTED_EDGE('',*,*,#1946,.F.);
#5202 = PLANE('',#5203);
#5203 = AXIS2_PLACEMENT_3D('',#5204,#5205,#5206);
#5204 = CARTESIAN_POINT('',(155.3,-96.299647,0.));
#5205 = DIRECTION('',(1.,0.,-0.));
#5206 = DIRECTION('',(0.,-1.,0.));
#5207 = ADVANCED_FACE('',(#5208),#5219,.T.);
#5208 = FACE_BOUND('',#5209,.T.);
#5209 = EDGE_LOOP('',(#5210,#5216,#5217,#5218));
#5210 = ORIENTED_EDGE('',*,*,#5211,.T.);
#5211 = EDGE_CURVE('',#1904,#3463,#5212,.T.);
#5212 = LINE('',#5213,#5214);
#5213 = CARTESIAN_POINT('',(156.099647,-98.5,0.));
#5214 = VECTOR('',#5215,1.);
#5215 = DIRECTION('',(0.,0.,1.));
#5216 = ORIENTED_EDGE('',*,*,#3462,.T.);
#5217 = ORIENTED_EDGE('',*,*,#5177,.F.);
#5218 = ORIENTED_EDGE('',*,*,#1903,.F.);
#5219 = PLANE('',#5220);
#5220 = AXIS2_PLACEMENT_3D('',#5221,#5222,#5223);
#5221 = CARTESIAN_POINT('',(156.099647,-98.5,0.));
#5222 = DIRECTION('',(0.,1.,0.));
#5223 = DIRECTION('',(1.,0.,0.));
#5224 = ADVANCED_FACE('',(#5225),#5236,.T.);
#5225 = FACE_BOUND('',#5226,.T.);
#5226 = EDGE_LOOP('',(#5227,#5228,#5229,#5235));
#5227 = ORIENTED_EDGE('',*,*,#5196,.T.);
#5228 = ORIENTED_EDGE('',*,*,#3497,.T.);
#5229 = ORIENTED_EDGE('',*,*,#5230,.F.);
#5230 = EDGE_CURVE('',#1930,#3489,#5231,.T.);
#5231 = LINE('',#5232,#5233);
#5232 = CARTESIAN_POINT('',(155.3,-97.700353,0.));
#5233 = VECTOR('',#5234,1.);
#5234 = DIRECTION('',(0.,0.,1.));
#5235 = ORIENTED_EDGE('',*,*,#1938,.F.);
#5236 = PLANE('',#5237);
#5237 = AXIS2_PLACEMENT_3D('',#5238,#5239,#5240);
#5238 = CARTESIAN_POINT('',(155.3,-97.,0.));
#5239 = DIRECTION('',(1.,0.,-0.));
#5240 = DIRECTION('',(0.,-1.,0.));
#5241 = ADVANCED_FACE('',(#5242),#5253,.T.);
#5242 = FACE_BOUND('',#5243,.T.);
#5243 = EDGE_LOOP('',(#5244,#5250,#5251,#5252));
#5244 = ORIENTED_EDGE('',*,*,#5245,.T.);
#5245 = EDGE_CURVE('',#1912,#3471,#5246,.T.);
#5246 = LINE('',#5247,#5248);
#5247 = CARTESIAN_POINT('',(155.943345,-98.543934,0.));
#5248 = VECTOR('',#5249,1.);
#5249 = DIRECTION('',(0.,0.,1.));
#5250 = ORIENTED_EDGE('',*,*,#3470,.T.);
#5251 = ORIENTED_EDGE('',*,*,#5211,.F.);
#5252 = ORIENTED_EDGE('',*,*,#1911,.F.);
#5253 = CYLINDRICAL_SURFACE('',#5254,0.299998582341);
#5254 = AXIS2_PLACEMENT_3D('',#5255,#5256,#5257);
#5255 = CARTESIAN_POINT('',(156.09964624464,-98.79999858234,0.));
#5256 = DIRECTION('',(0.,0.,-1.));
#5257 = DIRECTION('',(-0.52100661085,0.853552641289,0.));
#5258 = ADVANCED_FACE('',(#5259),#5270,.T.);
#5259 = FACE_BOUND('',#5260,.T.);
#5260 = EDGE_LOOP('',(#5261,#5262,#5263,#5269));
#5261 = ORIENTED_EDGE('',*,*,#5230,.T.);
#5262 = ORIENTED_EDGE('',*,*,#3488,.T.);
#5263 = ORIENTED_EDGE('',*,*,#5264,.F.);
#5264 = EDGE_CURVE('',#1921,#3480,#5265,.T.);
#5265 = LINE('',#5266,#5267);
#5266 = CARTESIAN_POINT('',(155.256066,-97.856655,0.));
#5267 = VECTOR('',#5268,1.);
#5268 = DIRECTION('',(0.,0.,1.));
#5269 = ORIENTED_EDGE('',*,*,#1929,.F.);
#5270 = CYLINDRICAL_SURFACE('',#5271,0.299998582342);
#5271 = AXIS2_PLACEMENT_3D('',#5272,#5273,#5274);
#5272 = CARTESIAN_POINT('',(155.00000141765,-97.70035375535,0.));
#5273 = DIRECTION('',(0.,0.,-1.));
#5274 = DIRECTION('',(0.999999999997,2.517860820172E-06,0.));
#5275 = ADVANCED_FACE('',(#5276),#5282,.F.);
#5276 = FACE_BOUND('',#5277,.T.);
#5277 = EDGE_LOOP('',(#5278,#5279,#5280,#5281));
#5278 = ORIENTED_EDGE('',*,*,#5264,.T.);
#5279 = ORIENTED_EDGE('',*,*,#3479,.T.);
#5280 = ORIENTED_EDGE('',*,*,#5245,.F.);
#5281 = ORIENTED_EDGE('',*,*,#1920,.F.);
#5282 = CYLINDRICAL_SURFACE('',#5283,0.499999603944);
#5283 = AXIS2_PLACEMENT_3D('',#5284,#5285,#5286);
#5284 = CARTESIAN_POINT('',(155.68284211054,-98.11715788946,0.));
#5285 = DIRECTION('',(-0.,-0.,-1.));
#5286 = DIRECTION('',(-0.853552897188,0.521006191616,0.));
#5287 = ADVANCED_FACE('',(#5288),#5299,.F.);
#5288 = FACE_BOUND('',#5289,.T.);
#5289 = EDGE_LOOP('',(#5290,#5291,#5297,#5298));
#5290 = ORIENTED_EDGE('',*,*,#2006,.T.);
#5291 = ORIENTED_EDGE('',*,*,#5292,.T.);
#5292 = EDGE_CURVE('',#2007,#3566,#5293,.T.);
#5293 = LINE('',#5294,#5295);
#5294 = CARTESIAN_POINT('',(152.92,-84.35,-4.6E-02));
#5295 = VECTOR('',#5296,1.);
#5296 = DIRECTION('',(0.,0.,1.));
#5297 = ORIENTED_EDGE('',*,*,#3565,.F.);
#5298 = ORIENTED_EDGE('',*,*,#5292,.F.);
#5299 = CYLINDRICAL_SURFACE('',#5300,0.85);
#5300 = AXIS2_PLACEMENT_3D('',#5301,#5302,#5303);
#5301 = CARTESIAN_POINT('',(152.92,-83.5,-4.6E-02));
#5302 = DIRECTION('',(-0.,-0.,-1.));
#5303 = DIRECTION('',(-3.343730521224E-14,-1.,0.));
#5304 = ADVANCED_FACE('',(#5305),#5316,.F.);
#5305 = FACE_BOUND('',#5306,.T.);
#5306 = EDGE_LOOP('',(#5307,#5308,#5314,#5315));
#5307 = ORIENTED_EDGE('',*,*,#2017,.T.);
#5308 = ORIENTED_EDGE('',*,*,#5309,.T.);
#5309 = EDGE_CURVE('',#2018,#3577,#5310,.T.);
#5310 = LINE('',#5311,#5312);
#5311 = CARTESIAN_POINT('',(158.,-85.5,-4.6E-02));
#5312 = VECTOR('',#5313,1.);
#5313 = DIRECTION('',(0.,0.,1.));
#5314 = ORIENTED_EDGE('',*,*,#3576,.F.);
#5315 = ORIENTED_EDGE('',*,*,#5309,.F.);
#5316 = CYLINDRICAL_SURFACE('',#5317,2.);
#5317 = AXIS2_PLACEMENT_3D('',#5318,#5319,#5320);
#5318 = CARTESIAN_POINT('',(158.,-83.5,-4.6E-02));
#5319 = DIRECTION('',(-0.,-0.,-1.));
#5320 = DIRECTION('',(-0.,-1.,0.));
#5321 = ADVANCED_FACE('',(#5322),#5333,.F.);
#5322 = FACE_BOUND('',#5323,.T.);
#5323 = EDGE_LOOP('',(#5324,#5325,#5331,#5332));
#5324 = ORIENTED_EDGE('',*,*,#2028,.T.);
#5325 = ORIENTED_EDGE('',*,*,#5326,.T.);
#5326 = EDGE_CURVE('',#2029,#3588,#5327,.T.);
#5327 = LINE('',#5328,#5329);
#5328 = CARTESIAN_POINT('',(163.08,-84.35,-4.6E-02));
#5329 = VECTOR('',#5330,1.);
#5330 = DIRECTION('',(0.,0.,1.));
#5331 = ORIENTED_EDGE('',*,*,#3587,.F.);
#5332 = ORIENTED_EDGE('',*,*,#5326,.F.);
#5333 = CYLINDRICAL_SURFACE('',#5334,0.85);
#5334 = AXIS2_PLACEMENT_3D('',#5335,#5336,#5337);
#5335 = CARTESIAN_POINT('',(163.08,-83.5,-4.6E-02));
#5336 = DIRECTION('',(-0.,0.,-1.));
#5337 = DIRECTION('',(3.343730521224E-14,-1.,-0.));
#5338 = ADVANCED_FACE('',(#5339),#5355,.F.);
#5339 = FACE_BOUND('',#5340,.T.);
#5340 = EDGE_LOOP('',(#5341,#5347,#5348,#5354));
#5341 = ORIENTED_EDGE('',*,*,#5342,.T.);
#5342 = EDGE_CURVE('',#2040,#3599,#5343,.T.);
#5343 = LINE('',#5344,#5345);
#5344 = CARTESIAN_POINT('',(178.743934,-96.143345,0.));
#5345 = VECTOR('',#5346,1.);
#5346 = DIRECTION('',(0.,0.,1.));
#5347 = ORIENTED_EDGE('',*,*,#3598,.T.);
#5348 = ORIENTED_EDGE('',*,*,#5349,.F.);
#5349 = EDGE_CURVE('',#2042,#3601,#5350,.T.);
#5350 = LINE('',#5351,#5352);
#5351 = CARTESIAN_POINT('',(178.056655,-95.456066,0.));
#5352 = VECTOR('',#5353,1.);
#5353 = DIRECTION('',(0.,0.,1.));
#5354 = ORIENTED_EDGE('',*,*,#2039,.F.);
#5355 = CYLINDRICAL_SURFACE('',#5356,0.499999603944);
#5356 = AXIS2_PLACEMENT_3D('',#5357,#5358,#5359);
#5357 = CARTESIAN_POINT('',(178.31715788946,-95.88284211054,0.));
#5358 = DIRECTION('',(-0.,-0.,-1.));
#5359 = DIRECTION('',(0.853552897188,-0.521006191616,0.));
#5360 = ADVANCED_FACE('',(#5361),#5372,.T.);
#5361 = FACE_BOUND('',#5362,.T.);
#5362 = EDGE_LOOP('',(#5363,#5369,#5370,#5371));
#5363 = ORIENTED_EDGE('',*,*,#5364,.T.);
#5364 = EDGE_CURVE('',#2051,#3610,#5365,.T.);
#5365 = LINE('',#5366,#5367);
#5366 = CARTESIAN_POINT('',(178.7,-96.299647,0.));
#5367 = VECTOR('',#5368,1.);
#5368 = DIRECTION('',(0.,0.,1.));
#5369 = ORIENTED_EDGE('',*,*,#3609,.T.);
#5370 = ORIENTED_EDGE('',*,*,#5342,.F.);
#5371 = ORIENTED_EDGE('',*,*,#2050,.F.);
#5372 = CYLINDRICAL_SURFACE('',#5373,0.299998582342);
#5373 = AXIS2_PLACEMENT_3D('',#5374,#5375,#5376);
#5374 = CARTESIAN_POINT('',(178.99999858234,-96.29964624464,0.));
#5375 = DIRECTION('',(0.,0.,-1.));
#5376 = DIRECTION('',(-0.999999999997,-2.517860820172E-06,-0.));
#5377 = ADVANCED_FACE('',(#5378),#5389,.T.);
#5378 = FACE_BOUND('',#5379,.T.);
#5379 = EDGE_LOOP('',(#5380,#5381,#5382,#5388));
#5380 = ORIENTED_EDGE('',*,*,#5349,.T.);
#5381 = ORIENTED_EDGE('',*,*,#3763,.T.);
#5382 = ORIENTED_EDGE('',*,*,#5383,.F.);
#5383 = EDGE_CURVE('',#2197,#3756,#5384,.T.);
#5384 = LINE('',#5385,#5386);
#5385 = CARTESIAN_POINT('',(177.900353,-95.5,0.));
#5386 = VECTOR('',#5387,1.);
#5387 = DIRECTION('',(0.,0.,1.));
#5388 = ORIENTED_EDGE('',*,*,#2204,.F.);
#5389 = CYLINDRICAL_SURFACE('',#5390,0.299998582341);
#5390 = AXIS2_PLACEMENT_3D('',#5391,#5392,#5393);
#5391 = CARTESIAN_POINT('',(177.90035375535,-95.20000141766,0.));
#5392 = DIRECTION('',(0.,0.,-1.));
#5393 = DIRECTION('',(0.52100661085,-0.853552641289,0.));
#5394 = ADVANCED_FACE('',(#5395),#5406,.T.);
#5395 = FACE_BOUND('',#5396,.T.);
#5396 = EDGE_LOOP('',(#5397,#5403,#5404,#5405));
#5397 = ORIENTED_EDGE('',*,*,#5398,.T.);
#5398 = EDGE_CURVE('',#2060,#3619,#5399,.T.);
#5399 = LINE('',#5400,#5401);
#5400 = CARTESIAN_POINT('',(178.7,-97.,0.));
#5401 = VECTOR('',#5402,1.);
#5402 = DIRECTION('',(0.,0.,1.));
#5403 = ORIENTED_EDGE('',*,*,#3618,.T.);
#5404 = ORIENTED_EDGE('',*,*,#5364,.F.);
#5405 = ORIENTED_EDGE('',*,*,#2059,.F.);
#5406 = PLANE('',#5407);
#5407 = AXIS2_PLACEMENT_3D('',#5408,#5409,#5410);
#5408 = CARTESIAN_POINT('',(178.7,-97.,0.));
#5409 = DIRECTION('',(-1.,0.,0.));
#5410 = DIRECTION('',(0.,1.,0.));
#5411 = ADVANCED_FACE('',(#5412),#5423,.T.);
#5412 = FACE_BOUND('',#5413,.T.);
#5413 = EDGE_LOOP('',(#5414,#5415,#5416,#5422));
#5414 = ORIENTED_EDGE('',*,*,#5383,.T.);
#5415 = ORIENTED_EDGE('',*,*,#3755,.T.);
#5416 = ORIENTED_EDGE('',*,*,#5417,.F.);
#5417 = EDGE_CURVE('',#2189,#3748,#5418,.T.);
#5418 = LINE('',#5419,#5420);
#5419 = CARTESIAN_POINT('',(177.,-95.5,0.));
#5420 = VECTOR('',#5421,1.);
#5421 = DIRECTION('',(0.,0.,1.));
#5422 = ORIENTED_EDGE('',*,*,#2196,.F.);
#5423 = PLANE('',#5424);
#5424 = AXIS2_PLACEMENT_3D('',#5425,#5426,#5427);
#5425 = CARTESIAN_POINT('',(177.900353,-95.5,0.));
#5426 = DIRECTION('',(0.,-1.,0.));
#5427 = DIRECTION('',(-1.,0.,0.));
#5428 = ADVANCED_FACE('',(#5429),#5440,.T.);
#5429 = FACE_BOUND('',#5430,.T.);
#5430 = EDGE_LOOP('',(#5431,#5437,#5438,#5439));
#5431 = ORIENTED_EDGE('',*,*,#5432,.T.);
#5432 = EDGE_CURVE('',#2068,#3627,#5433,.T.);
#5433 = LINE('',#5434,#5435);
#5434 = CARTESIAN_POINT('',(178.7,-97.700353,0.));
#5435 = VECTOR('',#5436,1.);
#5436 = DIRECTION('',(0.,0.,1.));
#5437 = ORIENTED_EDGE('',*,*,#3626,.T.);
#5438 = ORIENTED_EDGE('',*,*,#5398,.F.);
#5439 = ORIENTED_EDGE('',*,*,#2067,.F.);
#5440 = PLANE('',#5441);
#5441 = AXIS2_PLACEMENT_3D('',#5442,#5443,#5444);
#5442 = CARTESIAN_POINT('',(178.7,-97.700353,0.));
#5443 = DIRECTION('',(-1.,0.,0.));
#5444 = DIRECTION('',(0.,1.,0.));
#5445 = ADVANCED_FACE('',(#5446),#5457,.T.);
#5446 = FACE_BOUND('',#5447,.T.);
#5447 = EDGE_LOOP('',(#5448,#5449,#5450,#5456));
#5448 = ORIENTED_EDGE('',*,*,#5417,.T.);
#5449 = ORIENTED_EDGE('',*,*,#3747,.T.);
#5450 = ORIENTED_EDGE('',*,*,#5451,.F.);
#5451 = EDGE_CURVE('',#2180,#3739,#5452,.T.);
#5452 = LINE('',#5453,#5454);
#5453 = CARTESIAN_POINT('',(176.099647,-95.5,0.));
#5454 = VECTOR('',#5455,1.);
#5455 = DIRECTION('',(0.,0.,1.));
#5456 = ORIENTED_EDGE('',*,*,#2188,.F.);
#5457 = PLANE('',#5458);
#5458 = AXIS2_PLACEMENT_3D('',#5459,#5460,#5461);
#5459 = CARTESIAN_POINT('',(177.,-95.5,0.));
#5460 = DIRECTION('',(0.,-1.,0.));
#5461 = DIRECTION('',(-1.,0.,0.));
#5462 = ADVANCED_FACE('',(#5463),#5474,.T.);
#5463 = FACE_BOUND('',#5464,.T.);
#5464 = EDGE_LOOP('',(#5465,#5471,#5472,#5473));
#5465 = ORIENTED_EDGE('',*,*,#5466,.T.);
#5466 = EDGE_CURVE('',#2076,#3635,#5467,.T.);
#5467 = LINE('',#5468,#5469);
#5468 = CARTESIAN_POINT('',(178.743934,-97.856655,0.));
#5469 = VECTOR('',#5470,1.);
#5470 = DIRECTION('',(0.,0.,1.));
#5471 = ORIENTED_EDGE('',*,*,#3634,.T.);
#5472 = ORIENTED_EDGE('',*,*,#5432,.F.);
#5473 = ORIENTED_EDGE('',*,*,#2075,.F.);
#5474 = CYLINDRICAL_SURFACE('',#5475,0.299998582342);
#5475 = AXIS2_PLACEMENT_3D('',#5476,#5477,#5478);
#5476 = CARTESIAN_POINT('',(178.99999858234,-97.70035375535,0.));
#5477 = DIRECTION('',(0.,0.,-1.));
#5478 = DIRECTION('',(-0.853552641289,-0.521006610849,-0.));
#5479 = ADVANCED_FACE('',(#5480),#5491,.T.);
#5480 = FACE_BOUND('',#5481,.T.);
#5481 = EDGE_LOOP('',(#5482,#5483,#5484,#5490));
#5482 = ORIENTED_EDGE('',*,*,#5451,.T.);
#5483 = ORIENTED_EDGE('',*,*,#3738,.T.);
#5484 = ORIENTED_EDGE('',*,*,#5485,.F.);
#5485 = EDGE_CURVE('',#2171,#3730,#5486,.T.);
#5486 = LINE('',#5487,#5488);
#5487 = CARTESIAN_POINT('',(175.943345,-95.456066,0.));
#5488 = VECTOR('',#5489,1.);
#5489 = DIRECTION('',(0.,0.,1.));
#5490 = ORIENTED_EDGE('',*,*,#2179,.F.);
#5491 = CYLINDRICAL_SURFACE('',#5492,0.299998582341);
#5492 = AXIS2_PLACEMENT_3D('',#5493,#5494,#5495);
#5493 = CARTESIAN_POINT('',(176.09964624464,-95.20000141766,0.));
#5494 = DIRECTION('',(0.,0.,-1.));
#5495 = DIRECTION('',(2.517861388613E-06,-0.999999999997,0.));
#5496 = ADVANCED_FACE('',(#5497),#5508,.F.);
#5497 = FACE_BOUND('',#5498,.T.);
#5498 = EDGE_LOOP('',(#5499,#5505,#5506,#5507));
#5499 = ORIENTED_EDGE('',*,*,#5500,.T.);
#5500 = EDGE_CURVE('',#2085,#3644,#5501,.T.);
#5501 = LINE('',#5502,#5503);
#5502 = CARTESIAN_POINT('',(178.056655,-98.543934,0.));
#5503 = VECTOR('',#5504,1.);
#5504 = DIRECTION('',(0.,0.,1.));
#5505 = ORIENTED_EDGE('',*,*,#3643,.T.);
#5506 = ORIENTED_EDGE('',*,*,#5466,.F.);
#5507 = ORIENTED_EDGE('',*,*,#2084,.F.);
#5508 = CYLINDRICAL_SURFACE('',#5509,0.499999603944);
#5509 = AXIS2_PLACEMENT_3D('',#5510,#5511,#5512);
#5510 = CARTESIAN_POINT('',(178.31715788946,-98.11715788946,0.));
#5511 = DIRECTION('',(-0.,-0.,-1.));
#5512 = DIRECTION('',(-0.521006191616,-0.853552897188,0.));
#5513 = ADVANCED_FACE('',(#5514),#5525,.F.);
#5514 = FACE_BOUND('',#5515,.T.);
#5515 = EDGE_LOOP('',(#5516,#5517,#5518,#5524));
#5516 = ORIENTED_EDGE('',*,*,#5485,.T.);
#5517 = ORIENTED_EDGE('',*,*,#3729,.T.);
#5518 = ORIENTED_EDGE('',*,*,#5519,.F.);
#5519 = EDGE_CURVE('',#2162,#3721,#5520,.T.);
#5520 = LINE('',#5521,#5522);
#5521 = CARTESIAN_POINT('',(175.256066,-96.143345,0.));
#5522 = VECTOR('',#5523,1.);
#5523 = DIRECTION('',(0.,0.,1.));
#5524 = ORIENTED_EDGE('',*,*,#2170,.F.);
#5525 = CYLINDRICAL_SURFACE('',#5526,0.499999603944);
#5526 = AXIS2_PLACEMENT_3D('',#5527,#5528,#5529);
#5527 = CARTESIAN_POINT('',(175.68284211054,-95.88284211054,0.));
#5528 = DIRECTION('',(-0.,-0.,-1.));
#5529 = DIRECTION('',(0.521006191616,0.853552897188,-0.));
#5530 = ADVANCED_FACE('',(#5531),#5542,.T.);
#5531 = FACE_BOUND('',#5532,.T.);
#5532 = EDGE_LOOP('',(#5533,#5539,#5540,#5541));
#5533 = ORIENTED_EDGE('',*,*,#5534,.T.);
#5534 = EDGE_CURVE('',#2094,#3653,#5535,.T.);
#5535 = LINE('',#5536,#5537);
#5536 = CARTESIAN_POINT('',(177.900353,-98.5,0.));
#5537 = VECTOR('',#5538,1.);
#5538 = DIRECTION('',(0.,0.,1.));
#5539 = ORIENTED_EDGE('',*,*,#3652,.T.);
#5540 = ORIENTED_EDGE('',*,*,#5500,.F.);
#5541 = ORIENTED_EDGE('',*,*,#2093,.F.);
#5542 = CYLINDRICAL_SURFACE('',#5543,0.299998582341);
#5543 = AXIS2_PLACEMENT_3D('',#5544,#5545,#5546);
#5544 = CARTESIAN_POINT('',(177.90035375535,-98.79999858234,0.));
#5545 = DIRECTION('',(0.,0.,-1.));
#5546 = DIRECTION('',(-2.517861388613E-06,0.999999999997,0.));
#5547 = ADVANCED_FACE('',(#5548),#5559,.T.);
#5548 = FACE_BOUND('',#5549,.T.);
#5549 = EDGE_LOOP('',(#5550,#5551,#5552,#5558));
#5550 = ORIENTED_EDGE('',*,*,#5519,.T.);
#5551 = ORIENTED_EDGE('',*,*,#3720,.T.);
#5552 = ORIENTED_EDGE('',*,*,#5553,.F.);
#5553 = EDGE_CURVE('',#2154,#3713,#5554,.T.);
#5554 = LINE('',#5555,#5556);
#5555 = CARTESIAN_POINT('',(175.3,-96.299647,0.));
#5556 = VECTOR('',#5557,1.);
#5557 = DIRECTION('',(0.,0.,1.));
#5558 = ORIENTED_EDGE('',*,*,#2161,.F.);
#5559 = CYLINDRICAL_SURFACE('',#5560,0.299998582342);
#5560 = AXIS2_PLACEMENT_3D('',#5561,#5562,#5563);
#5561 = CARTESIAN_POINT('',(175.00000141765,-96.29964624464,0.));
#5562 = DIRECTION('',(0.,0.,-1.));
#5563 = DIRECTION('',(0.853552641289,0.521006610849,0.));
#5564 = ADVANCED_FACE('',(#5565),#5576,.T.);
#5565 = FACE_BOUND('',#5566,.T.);
#5566 = EDGE_LOOP('',(#5567,#5573,#5574,#5575));
#5567 = ORIENTED_EDGE('',*,*,#5568,.T.);
#5568 = EDGE_CURVE('',#2103,#3662,#5569,.T.);
#5569 = LINE('',#5570,#5571);
#5570 = CARTESIAN_POINT('',(177.,-98.5,0.));
#5571 = VECTOR('',#5572,1.);
#5572 = DIRECTION('',(0.,0.,1.));
#5573 = ORIENTED_EDGE('',*,*,#3661,.T.);
#5574 = ORIENTED_EDGE('',*,*,#5534,.F.);
#5575 = ORIENTED_EDGE('',*,*,#2102,.F.);
#5576 = PLANE('',#5577);
#5577 = AXIS2_PLACEMENT_3D('',#5578,#5579,#5580);
#5578 = CARTESIAN_POINT('',(177.,-98.5,0.));
#5579 = DIRECTION('',(0.,1.,0.));
#5580 = DIRECTION('',(1.,0.,0.));
#5581 = ADVANCED_FACE('',(#5582),#5593,.T.);
#5582 = FACE_BOUND('',#5583,.T.);
#5583 = EDGE_LOOP('',(#5584,#5585,#5586,#5592));
#5584 = ORIENTED_EDGE('',*,*,#5553,.T.);
#5585 = ORIENTED_EDGE('',*,*,#3712,.T.);
#5586 = ORIENTED_EDGE('',*,*,#5587,.F.);
#5587 = EDGE_CURVE('',#2146,#3705,#5588,.T.);
#5588 = LINE('',#5589,#5590);
#5589 = CARTESIAN_POINT('',(175.3,-97.,0.));
#5590 = VECTOR('',#5591,1.);
#5591 = DIRECTION('',(0.,0.,1.));
#5592 = ORIENTED_EDGE('',*,*,#2153,.F.);
#5593 = PLANE('',#5594);
#5594 = AXIS2_PLACEMENT_3D('',#5595,#5596,#5597);
#5595 = CARTESIAN_POINT('',(175.3,-96.299647,0.));
#5596 = DIRECTION('',(1.,0.,-0.));
#5597 = DIRECTION('',(0.,-1.,0.));
#5598 = ADVANCED_FACE('',(#5599),#5610,.T.);
#5599 = FACE_BOUND('',#5600,.T.);
#5600 = EDGE_LOOP('',(#5601,#5607,#5608,#5609));
#5601 = ORIENTED_EDGE('',*,*,#5602,.T.);
#5602 = EDGE_CURVE('',#2111,#3670,#5603,.T.);
#5603 = LINE('',#5604,#5605);
#5604 = CARTESIAN_POINT('',(176.099647,-98.5,0.));
#5605 = VECTOR('',#5606,1.);
#5606 = DIRECTION('',(0.,0.,1.));
#5607 = ORIENTED_EDGE('',*,*,#3669,.T.);
#5608 = ORIENTED_EDGE('',*,*,#5568,.F.);
#5609 = ORIENTED_EDGE('',*,*,#2110,.F.);
#5610 = PLANE('',#5611);
#5611 = AXIS2_PLACEMENT_3D('',#5612,#5613,#5614);
#5612 = CARTESIAN_POINT('',(176.099647,-98.5,0.));
#5613 = DIRECTION('',(0.,1.,0.));
#5614 = DIRECTION('',(1.,0.,0.));
#5615 = ADVANCED_FACE('',(#5616),#5627,.T.);
#5616 = FACE_BOUND('',#5617,.T.);
#5617 = EDGE_LOOP('',(#5618,#5619,#5620,#5626));
#5618 = ORIENTED_EDGE('',*,*,#5587,.T.);
#5619 = ORIENTED_EDGE('',*,*,#3704,.T.);
#5620 = ORIENTED_EDGE('',*,*,#5621,.F.);
#5621 = EDGE_CURVE('',#2137,#3696,#5622,.T.);
#5622 = LINE('',#5623,#5624);
#5623 = CARTESIAN_POINT('',(175.3,-97.700353,0.));
#5624 = VECTOR('',#5625,1.);
#5625 = DIRECTION('',(0.,0.,1.));
#5626 = ORIENTED_EDGE('',*,*,#2145,.F.);
#5627 = PLANE('',#5628);
#5628 = AXIS2_PLACEMENT_3D('',#5629,#5630,#5631);
#5629 = CARTESIAN_POINT('',(175.3,-97.,0.));
#5630 = DIRECTION('',(1.,0.,-0.));
#5631 = DIRECTION('',(0.,-1.,0.));
#5632 = ADVANCED_FACE('',(#5633),#5644,.T.);
#5633 = FACE_BOUND('',#5634,.T.);
#5634 = EDGE_LOOP('',(#5635,#5641,#5642,#5643));
#5635 = ORIENTED_EDGE('',*,*,#5636,.T.);
#5636 = EDGE_CURVE('',#2119,#3678,#5637,.T.);
#5637 = LINE('',#5638,#5639);
#5638 = CARTESIAN_POINT('',(175.943345,-98.543934,0.));
#5639 = VECTOR('',#5640,1.);
#5640 = DIRECTION('',(0.,0.,1.));
#5641 = ORIENTED_EDGE('',*,*,#3677,.T.);
#5642 = ORIENTED_EDGE('',*,*,#5602,.F.);
#5643 = ORIENTED_EDGE('',*,*,#2118,.F.);
#5644 = CYLINDRICAL_SURFACE('',#5645,0.299998582341);
#5645 = AXIS2_PLACEMENT_3D('',#5646,#5647,#5648);
#5646 = CARTESIAN_POINT('',(176.09964624464,-98.79999858234,0.));
#5647 = DIRECTION('',(0.,0.,-1.));
#5648 = DIRECTION('',(-0.52100661085,0.853552641289,0.));
#5649 = ADVANCED_FACE('',(#5650),#5661,.T.);
#5650 = FACE_BOUND('',#5651,.T.);
#5651 = EDGE_LOOP('',(#5652,#5653,#5654,#5660));
#5652 = ORIENTED_EDGE('',*,*,#5621,.T.);
#5653 = ORIENTED_EDGE('',*,*,#3695,.T.);
#5654 = ORIENTED_EDGE('',*,*,#5655,.F.);
#5655 = EDGE_CURVE('',#2128,#3687,#5656,.T.);
#5656 = LINE('',#5657,#5658);
#5657 = CARTESIAN_POINT('',(175.256066,-97.856655,0.));
#5658 = VECTOR('',#5659,1.);
#5659 = DIRECTION('',(0.,0.,1.));
#5660 = ORIENTED_EDGE('',*,*,#2136,.F.);
#5661 = CYLINDRICAL_SURFACE('',#5662,0.299998582342);
#5662 = AXIS2_PLACEMENT_3D('',#5663,#5664,#5665);
#5663 = CARTESIAN_POINT('',(175.00000141765,-97.70035375535,0.));
#5664 = DIRECTION('',(0.,0.,-1.));
#5665 = DIRECTION('',(0.999999999997,2.517860820172E-06,0.));
#5666 = ADVANCED_FACE('',(#5667),#5673,.F.);
#5667 = FACE_BOUND('',#5668,.T.);
#5668 = EDGE_LOOP('',(#5669,#5670,#5671,#5672));
#5669 = ORIENTED_EDGE('',*,*,#5655,.T.);
#5670 = ORIENTED_EDGE('',*,*,#3686,.T.);
#5671 = ORIENTED_EDGE('',*,*,#5636,.F.);
#5672 = ORIENTED_EDGE('',*,*,#2127,.F.);
#5673 = CYLINDRICAL_SURFACE('',#5674,0.499999603944);
#5674 = AXIS2_PLACEMENT_3D('',#5675,#5676,#5677);
#5675 = CARTESIAN_POINT('',(175.68284211054,-98.11715788946,0.));
#5676 = DIRECTION('',(-0.,-0.,-1.));
#5677 = DIRECTION('',(-0.853552897188,0.521006191616,0.));
#5678 = ADVANCED_FACE('',(#5679),#5690,.F.);
#5679 = FACE_BOUND('',#5680,.T.);
#5680 = EDGE_LOOP('',(#5681,#5682,#5688,#5689));
#5681 = ORIENTED_EDGE('',*,*,#2213,.T.);
#5682 = ORIENTED_EDGE('',*,*,#5683,.T.);
#5683 = EDGE_CURVE('',#2214,#3773,#5684,.T.);
#5684 = LINE('',#5685,#5686);
#5685 = CARTESIAN_POINT('',(172.,-84.35,-4.6E-02));
#5686 = VECTOR('',#5687,1.);
#5687 = DIRECTION('',(0.,0.,1.));
#5688 = ORIENTED_EDGE('',*,*,#3772,.F.);
#5689 = ORIENTED_EDGE('',*,*,#5683,.F.);
#5690 = CYLINDRICAL_SURFACE('',#5691,0.85);
#5691 = AXIS2_PLACEMENT_3D('',#5692,#5693,#5694);
#5692 = CARTESIAN_POINT('',(172.,-83.5,-4.6E-02));
#5693 = DIRECTION('',(-0.,-0.,-1.));
#5694 = DIRECTION('',(-0.,-1.,0.));
#5695 = ADVANCED_FACE('',(#5696),#5707,.F.);
#5696 = FACE_BOUND('',#5697,.T.);
#5697 = EDGE_LOOP('',(#5698,#5699,#5705,#5706));
#5698 = ORIENTED_EDGE('',*,*,#2224,.T.);
#5699 = ORIENTED_EDGE('',*,*,#5700,.T.);
#5700 = EDGE_CURVE('',#2225,#3784,#5701,.T.);
#5701 = LINE('',#5702,#5703);
#5702 = CARTESIAN_POINT('',(177.08,-85.5,-4.6E-02));
#5703 = VECTOR('',#5704,1.);
#5704 = DIRECTION('',(0.,0.,1.));
#5705 = ORIENTED_EDGE('',*,*,#3783,.F.);
#5706 = ORIENTED_EDGE('',*,*,#5700,.F.);
#5707 = CYLINDRICAL_SURFACE('',#5708,2.);
#5708 = AXIS2_PLACEMENT_3D('',#5709,#5710,#5711);
#5709 = CARTESIAN_POINT('',(177.08,-83.5,-4.6E-02));
#5710 = DIRECTION('',(-0.,-0.,-1.));
#5711 = DIRECTION('',(-0.,-1.,0.));
#5712 = ADVANCED_FACE('',(#5713),#5724,.F.);
#5713 = FACE_BOUND('',#5714,.T.);
#5714 = EDGE_LOOP('',(#5715,#5716,#5722,#5723));
#5715 = ORIENTED_EDGE('',*,*,#2235,.T.);
#5716 = ORIENTED_EDGE('',*,*,#5717,.T.);
#5717 = EDGE_CURVE('',#2236,#3795,#5718,.T.);
#5718 = LINE('',#5719,#5720);
#5719 = CARTESIAN_POINT('',(154.19,-81.71,-4.6E-02));
#5720 = VECTOR('',#5721,1.);
#5721 = DIRECTION('',(0.,0.,1.));
#5722 = ORIENTED_EDGE('',*,*,#3794,.F.);
#5723 = ORIENTED_EDGE('',*,*,#5717,.F.);
#5724 = CYLINDRICAL_SURFACE('',#5725,0.75);
#5725 = AXIS2_PLACEMENT_3D('',#5726,#5727,#5728);
#5726 = CARTESIAN_POINT('',(154.19,-80.96,-4.6E-02));
#5727 = DIRECTION('',(-0.,-0.,-1.));
#5728 = DIRECTION('',(-0.,-1.,0.));
#5729 = ADVANCED_FACE('',(#5730),#5741,.F.);
#5730 = FACE_BOUND('',#5731,.T.);
#5731 = EDGE_LOOP('',(#5732,#5733,#5739,#5740));
#5732 = ORIENTED_EDGE('',*,*,#2246,.T.);
#5733 = ORIENTED_EDGE('',*,*,#5734,.T.);
#5734 = EDGE_CURVE('',#2247,#3806,#5735,.T.);
#5735 = LINE('',#5736,#5737);
#5736 = CARTESIAN_POINT('',(160.54,-79.17,-4.6E-02));
#5737 = VECTOR('',#5738,1.);
#5738 = DIRECTION('',(0.,0.,1.));
#5739 = ORIENTED_EDGE('',*,*,#3805,.F.);
#5740 = ORIENTED_EDGE('',*,*,#5734,.F.);
#5741 = CYLINDRICAL_SURFACE('',#5742,0.75);
#5742 = AXIS2_PLACEMENT_3D('',#5743,#5744,#5745);
#5743 = CARTESIAN_POINT('',(160.54,-78.42,-4.6E-02));
#5744 = DIRECTION('',(-0.,-0.,-1.));
#5745 = DIRECTION('',(-0.,-1.,0.));
#5746 = ADVANCED_FACE('',(#5747),#5763,.F.);
#5747 = FACE_BOUND('',#5748,.T.);
#5748 = EDGE_LOOP('',(#5749,#5755,#5756,#5762));
#5749 = ORIENTED_EDGE('',*,*,#5750,.T.);
#5750 = EDGE_CURVE('',#2258,#3817,#5751,.T.);
#5751 = LINE('',#5752,#5753);
#5752 = CARTESIAN_POINT('',(158.243934,-70.143345,0.));
#5753 = VECTOR('',#5754,1.);
#5754 = DIRECTION('',(0.,0.,1.));
#5755 = ORIENTED_EDGE('',*,*,#3816,.T.);
#5756 = ORIENTED_EDGE('',*,*,#5757,.F.);
#5757 = EDGE_CURVE('',#2260,#3819,#5758,.T.);
#5758 = LINE('',#5759,#5760);
#5759 = CARTESIAN_POINT('',(157.556655,-69.456066,0.));
#5760 = VECTOR('',#5761,1.);
#5761 = DIRECTION('',(0.,0.,1.));
#5762 = ORIENTED_EDGE('',*,*,#2257,.F.);
#5763 = CYLINDRICAL_SURFACE('',#5764,0.499999603944);
#5764 = AXIS2_PLACEMENT_3D('',#5765,#5766,#5767);
#5765 = CARTESIAN_POINT('',(157.81715788946,-69.88284211054,0.));
#5766 = DIRECTION('',(-0.,-0.,-1.));
#5767 = DIRECTION('',(0.853552897188,-0.521006191616,0.));
#5768 = ADVANCED_FACE('',(#5769),#5780,.T.);
#5769 = FACE_BOUND('',#5770,.T.);
#5770 = EDGE_LOOP('',(#5771,#5777,#5778,#5779));
#5771 = ORIENTED_EDGE('',*,*,#5772,.T.);
#5772 = EDGE_CURVE('',#2269,#3828,#5773,.T.);
#5773 = LINE('',#5774,#5775);
#5774 = CARTESIAN_POINT('',(158.2,-70.299647,0.));
#5775 = VECTOR('',#5776,1.);
#5776 = DIRECTION('',(0.,0.,1.));
#5777 = ORIENTED_EDGE('',*,*,#3827,.T.);
#5778 = ORIENTED_EDGE('',*,*,#5750,.F.);
#5779 = ORIENTED_EDGE('',*,*,#2268,.F.);
#5780 = CYLINDRICAL_SURFACE('',#5781,0.299998582342);
#5781 = AXIS2_PLACEMENT_3D('',#5782,#5783,#5784);
#5782 = CARTESIAN_POINT('',(158.49999858234,-70.29964624464,0.));
#5783 = DIRECTION('',(0.,0.,-1.));
#5784 = DIRECTION('',(-0.999999999997,-2.517860820172E-06,-0.));
#5785 = ADVANCED_FACE('',(#5786),#5797,.T.);
#5786 = FACE_BOUND('',#5787,.T.);
#5787 = EDGE_LOOP('',(#5788,#5789,#5790,#5796));
#5788 = ORIENTED_EDGE('',*,*,#5757,.T.);
#5789 = ORIENTED_EDGE('',*,*,#3981,.T.);
#5790 = ORIENTED_EDGE('',*,*,#5791,.F.);
#5791 = EDGE_CURVE('',#2415,#3974,#5792,.T.);
#5792 = LINE('',#5793,#5794);
#5793 = CARTESIAN_POINT('',(157.400353,-69.5,0.));
#5794 = VECTOR('',#5795,1.);
#5795 = DIRECTION('',(0.,0.,1.));
#5796 = ORIENTED_EDGE('',*,*,#2422,.F.);
#5797 = CYLINDRICAL_SURFACE('',#5798,0.299998582341);
#5798 = AXIS2_PLACEMENT_3D('',#5799,#5800,#5801);
#5799 = CARTESIAN_POINT('',(157.40035375535,-69.20000141766,0.));
#5800 = DIRECTION('',(0.,0.,-1.));
#5801 = DIRECTION('',(0.52100661085,-0.853552641289,0.));
#5802 = ADVANCED_FACE('',(#5803),#5814,.T.);
#5803 = FACE_BOUND('',#5804,.T.);
#5804 = EDGE_LOOP('',(#5805,#5811,#5812,#5813));
#5805 = ORIENTED_EDGE('',*,*,#5806,.T.);
#5806 = EDGE_CURVE('',#2278,#3837,#5807,.T.);
#5807 = LINE('',#5808,#5809);
#5808 = CARTESIAN_POINT('',(158.2,-71.,0.));
#5809 = VECTOR('',#5810,1.);
#5810 = DIRECTION('',(0.,0.,1.));
#5811 = ORIENTED_EDGE('',*,*,#3836,.T.);
#5812 = ORIENTED_EDGE('',*,*,#5772,.F.);
#5813 = ORIENTED_EDGE('',*,*,#2277,.F.);
#5814 = PLANE('',#5815);
#5815 = AXIS2_PLACEMENT_3D('',#5816,#5817,#5818);
#5816 = CARTESIAN_POINT('',(158.2,-71.,0.));
#5817 = DIRECTION('',(-1.,0.,0.));
#5818 = DIRECTION('',(0.,1.,0.));
#5819 = ADVANCED_FACE('',(#5820),#5831,.T.);
#5820 = FACE_BOUND('',#5821,.T.);
#5821 = EDGE_LOOP('',(#5822,#5823,#5824,#5830));
#5822 = ORIENTED_EDGE('',*,*,#5791,.T.);
#5823 = ORIENTED_EDGE('',*,*,#3973,.T.);
#5824 = ORIENTED_EDGE('',*,*,#5825,.F.);
#5825 = EDGE_CURVE('',#2407,#3966,#5826,.T.);
#5826 = LINE('',#5827,#5828);
#5827 = CARTESIAN_POINT('',(156.5,-69.5,0.));
#5828 = VECTOR('',#5829,1.);
#5829 = DIRECTION('',(0.,0.,1.));
#5830 = ORIENTED_EDGE('',*,*,#2414,.F.);
#5831 = PLANE('',#5832);
#5832 = AXIS2_PLACEMENT_3D('',#5833,#5834,#5835);
#5833 = CARTESIAN_POINT('',(157.400353,-69.5,0.));
#5834 = DIRECTION('',(0.,-1.,0.));
#5835 = DIRECTION('',(-1.,0.,0.));
#5836 = ADVANCED_FACE('',(#5837),#5848,.T.);
#5837 = FACE_BOUND('',#5838,.T.);
#5838 = EDGE_LOOP('',(#5839,#5845,#5846,#5847));
#5839 = ORIENTED_EDGE('',*,*,#5840,.T.);
#5840 = EDGE_CURVE('',#2286,#3845,#5841,.T.);
#5841 = LINE('',#5842,#5843);
#5842 = CARTESIAN_POINT('',(158.2,-71.700353,0.));
#5843 = VECTOR('',#5844,1.);
#5844 = DIRECTION('',(0.,0.,1.));
#5845 = ORIENTED_EDGE('',*,*,#3844,.T.);
#5846 = ORIENTED_EDGE('',*,*,#5806,.F.);
#5847 = ORIENTED_EDGE('',*,*,#2285,.F.);
#5848 = PLANE('',#5849);
#5849 = AXIS2_PLACEMENT_3D('',#5850,#5851,#5852);
#5850 = CARTESIAN_POINT('',(158.2,-71.700353,0.));
#5851 = DIRECTION('',(-1.,0.,0.));
#5852 = DIRECTION('',(0.,1.,0.));
#5853 = ADVANCED_FACE('',(#5854),#5865,.T.);
#5854 = FACE_BOUND('',#5855,.T.);
#5855 = EDGE_LOOP('',(#5856,#5857,#5858,#5864));
#5856 = ORIENTED_EDGE('',*,*,#5825,.T.);
#5857 = ORIENTED_EDGE('',*,*,#3965,.T.);
#5858 = ORIENTED_EDGE('',*,*,#5859,.F.);
#5859 = EDGE_CURVE('',#2398,#3957,#5860,.T.);
#5860 = LINE('',#5861,#5862);
#5861 = CARTESIAN_POINT('',(155.599647,-69.5,0.));
#5862 = VECTOR('',#5863,1.);
#5863 = DIRECTION('',(0.,0.,1.));
#5864 = ORIENTED_EDGE('',*,*,#2406,.F.);
#5865 = PLANE('',#5866);
#5866 = AXIS2_PLACEMENT_3D('',#5867,#5868,#5869);
#5867 = CARTESIAN_POINT('',(156.5,-69.5,0.));
#5868 = DIRECTION('',(0.,-1.,0.));
#5869 = DIRECTION('',(-1.,0.,0.));
#5870 = ADVANCED_FACE('',(#5871),#5882,.T.);
#5871 = FACE_BOUND('',#5872,.T.);
#5872 = EDGE_LOOP('',(#5873,#5879,#5880,#5881));
#5873 = ORIENTED_EDGE('',*,*,#5874,.T.);
#5874 = EDGE_CURVE('',#2294,#3853,#5875,.T.);
#5875 = LINE('',#5876,#5877);
#5876 = CARTESIAN_POINT('',(158.243934,-71.856655,0.));
#5877 = VECTOR('',#5878,1.);
#5878 = DIRECTION('',(0.,0.,1.));
#5879 = ORIENTED_EDGE('',*,*,#3852,.T.);
#5880 = ORIENTED_EDGE('',*,*,#5840,.F.);
#5881 = ORIENTED_EDGE('',*,*,#2293,.F.);
#5882 = CYLINDRICAL_SURFACE('',#5883,0.299998582342);
#5883 = AXIS2_PLACEMENT_3D('',#5884,#5885,#5886);
#5884 = CARTESIAN_POINT('',(158.49999858234,-71.70035375535,0.));
#5885 = DIRECTION('',(0.,0.,-1.));
#5886 = DIRECTION('',(-0.853552641289,-0.521006610849,-0.));
#5887 = ADVANCED_FACE('',(#5888),#5899,.T.);
#5888 = FACE_BOUND('',#5889,.T.);
#5889 = EDGE_LOOP('',(#5890,#5891,#5892,#5898));
#5890 = ORIENTED_EDGE('',*,*,#5859,.T.);
#5891 = ORIENTED_EDGE('',*,*,#3956,.T.);
#5892 = ORIENTED_EDGE('',*,*,#5893,.F.);
#5893 = EDGE_CURVE('',#2389,#3948,#5894,.T.);
#5894 = LINE('',#5895,#5896);
#5895 = CARTESIAN_POINT('',(155.443345,-69.456066,0.));
#5896 = VECTOR('',#5897,1.);
#5897 = DIRECTION('',(0.,0.,1.));
#5898 = ORIENTED_EDGE('',*,*,#2397,.F.);
#5899 = CYLINDRICAL_SURFACE('',#5900,0.299998582341);
#5900 = AXIS2_PLACEMENT_3D('',#5901,#5902,#5903);
#5901 = CARTESIAN_POINT('',(155.59964624464,-69.20000141766,0.));
#5902 = DIRECTION('',(0.,0.,-1.));
#5903 = DIRECTION('',(2.517861388613E-06,-0.999999999997,0.));
#5904 = ADVANCED_FACE('',(#5905),#5916,.F.);
#5905 = FACE_BOUND('',#5906,.T.);
#5906 = EDGE_LOOP('',(#5907,#5913,#5914,#5915));
#5907 = ORIENTED_EDGE('',*,*,#5908,.T.);
#5908 = EDGE_CURVE('',#2303,#3862,#5909,.T.);
#5909 = LINE('',#5910,#5911);
#5910 = CARTESIAN_POINT('',(157.556655,-72.543934,0.));
#5911 = VECTOR('',#5912,1.);
#5912 = DIRECTION('',(0.,0.,1.));
#5913 = ORIENTED_EDGE('',*,*,#3861,.T.);
#5914 = ORIENTED_EDGE('',*,*,#5874,.F.);
#5915 = ORIENTED_EDGE('',*,*,#2302,.F.);
#5916 = CYLINDRICAL_SURFACE('',#5917,0.499999603944);
#5917 = AXIS2_PLACEMENT_3D('',#5918,#5919,#5920);
#5918 = CARTESIAN_POINT('',(157.81715788946,-72.11715788946,0.));
#5919 = DIRECTION('',(-0.,-0.,-1.));
#5920 = DIRECTION('',(-0.521006191616,-0.853552897188,0.));
#5921 = ADVANCED_FACE('',(#5922),#5933,.F.);
#5922 = FACE_BOUND('',#5923,.T.);
#5923 = EDGE_LOOP('',(#5924,#5925,#5926,#5932));
#5924 = ORIENTED_EDGE('',*,*,#5893,.T.);
#5925 = ORIENTED_EDGE('',*,*,#3947,.T.);
#5926 = ORIENTED_EDGE('',*,*,#5927,.F.);
#5927 = EDGE_CURVE('',#2380,#3939,#5928,.T.);
#5928 = LINE('',#5929,#5930);
#5929 = CARTESIAN_POINT('',(154.756066,-70.143345,0.));
#5930 = VECTOR('',#5931,1.);
#5931 = DIRECTION('',(0.,0.,1.));
#5932 = ORIENTED_EDGE('',*,*,#2388,.F.);
#5933 = CYLINDRICAL_SURFACE('',#5934,0.499999603944);
#5934 = AXIS2_PLACEMENT_3D('',#5935,#5936,#5937);
#5935 = CARTESIAN_POINT('',(155.18284211054,-69.88284211054,0.));
#5936 = DIRECTION('',(-0.,-0.,-1.));
#5937 = DIRECTION('',(0.521006191616,0.853552897188,-0.));
#5938 = ADVANCED_FACE('',(#5939),#5950,.T.);
#5939 = FACE_BOUND('',#5940,.T.);
#5940 = EDGE_LOOP('',(#5941,#5947,#5948,#5949));
#5941 = ORIENTED_EDGE('',*,*,#5942,.T.);
#5942 = EDGE_CURVE('',#2312,#3871,#5943,.T.);
#5943 = LINE('',#5944,#5945);
#5944 = CARTESIAN_POINT('',(157.400353,-72.5,0.));
#5945 = VECTOR('',#5946,1.);
#5946 = DIRECTION('',(0.,0.,1.));
#5947 = ORIENTED_EDGE('',*,*,#3870,.T.);
#5948 = ORIENTED_EDGE('',*,*,#5908,.F.);
#5949 = ORIENTED_EDGE('',*,*,#2311,.F.);
#5950 = CYLINDRICAL_SURFACE('',#5951,0.299998582341);
#5951 = AXIS2_PLACEMENT_3D('',#5952,#5953,#5954);
#5952 = CARTESIAN_POINT('',(157.40035375535,-72.79999858234,0.));
#5953 = DIRECTION('',(0.,0.,-1.));
#5954 = DIRECTION('',(-2.517861388613E-06,0.999999999997,0.));
#5955 = ADVANCED_FACE('',(#5956),#5967,.T.);
#5956 = FACE_BOUND('',#5957,.T.);
#5957 = EDGE_LOOP('',(#5958,#5959,#5960,#5966));
#5958 = ORIENTED_EDGE('',*,*,#5927,.T.);
#5959 = ORIENTED_EDGE('',*,*,#3938,.T.);
#5960 = ORIENTED_EDGE('',*,*,#5961,.F.);
#5961 = EDGE_CURVE('',#2372,#3931,#5962,.T.);
#5962 = LINE('',#5963,#5964);
#5963 = CARTESIAN_POINT('',(154.8,-70.299647,0.));
#5964 = VECTOR('',#5965,1.);
#5965 = DIRECTION('',(0.,0.,1.));
#5966 = ORIENTED_EDGE('',*,*,#2379,.F.);
#5967 = CYLINDRICAL_SURFACE('',#5968,0.299998582342);
#5968 = AXIS2_PLACEMENT_3D('',#5969,#5970,#5971);
#5969 = CARTESIAN_POINT('',(154.50000141765,-70.29964624464,0.));
#5970 = DIRECTION('',(0.,0.,-1.));
#5971 = DIRECTION('',(0.853552641289,0.521006610849,0.));
#5972 = ADVANCED_FACE('',(#5973),#5984,.T.);
#5973 = FACE_BOUND('',#5974,.T.);
#5974 = EDGE_LOOP('',(#5975,#5981,#5982,#5983));
#5975 = ORIENTED_EDGE('',*,*,#5976,.T.);
#5976 = EDGE_CURVE('',#2321,#3880,#5977,.T.);
#5977 = LINE('',#5978,#5979);
#5978 = CARTESIAN_POINT('',(156.5,-72.5,0.));
#5979 = VECTOR('',#5980,1.);
#5980 = DIRECTION('',(0.,0.,1.));
#5981 = ORIENTED_EDGE('',*,*,#3879,.T.);
#5982 = ORIENTED_EDGE('',*,*,#5942,.F.);
#5983 = ORIENTED_EDGE('',*,*,#2320,.F.);
#5984 = PLANE('',#5985);
#5985 = AXIS2_PLACEMENT_3D('',#5986,#5987,#5988);
#5986 = CARTESIAN_POINT('',(156.5,-72.5,0.));
#5987 = DIRECTION('',(0.,1.,0.));
#5988 = DIRECTION('',(1.,0.,0.));
#5989 = ADVANCED_FACE('',(#5990),#6001,.T.);
#5990 = FACE_BOUND('',#5991,.T.);
#5991 = EDGE_LOOP('',(#5992,#5993,#5994,#6000));
#5992 = ORIENTED_EDGE('',*,*,#5961,.T.);
#5993 = ORIENTED_EDGE('',*,*,#3930,.T.);
#5994 = ORIENTED_EDGE('',*,*,#5995,.F.);
#5995 = EDGE_CURVE('',#2364,#3923,#5996,.T.);
#5996 = LINE('',#5997,#5998);
#5997 = CARTESIAN_POINT('',(154.8,-71.,0.));
#5998 = VECTOR('',#5999,1.);
#5999 = DIRECTION('',(0.,0.,1.));
#6000 = ORIENTED_EDGE('',*,*,#2371,.F.);
#6001 = PLANE('',#6002);
#6002 = AXIS2_PLACEMENT_3D('',#6003,#6004,#6005);
#6003 = CARTESIAN_POINT('',(154.8,-70.299647,0.));
#6004 = DIRECTION('',(1.,0.,-0.));
#6005 = DIRECTION('',(0.,-1.,0.));
#6006 = ADVANCED_FACE('',(#6007),#6018,.T.);
#6007 = FACE_BOUND('',#6008,.T.);
#6008 = EDGE_LOOP('',(#6009,#6015,#6016,#6017));
#6009 = ORIENTED_EDGE('',*,*,#6010,.T.);
#6010 = EDGE_CURVE('',#2329,#3888,#6011,.T.);
#6011 = LINE('',#6012,#6013);
#6012 = CARTESIAN_POINT('',(155.599647,-72.5,0.));
#6013 = VECTOR('',#6014,1.);
#6014 = DIRECTION('',(0.,0.,1.));
#6015 = ORIENTED_EDGE('',*,*,#3887,.T.);
#6016 = ORIENTED_EDGE('',*,*,#5976,.F.);
#6017 = ORIENTED_EDGE('',*,*,#2328,.F.);
#6018 = PLANE('',#6019);
#6019 = AXIS2_PLACEMENT_3D('',#6020,#6021,#6022);
#6020 = CARTESIAN_POINT('',(155.599647,-72.5,0.));
#6021 = DIRECTION('',(0.,1.,0.));
#6022 = DIRECTION('',(1.,0.,0.));
#6023 = ADVANCED_FACE('',(#6024),#6035,.T.);
#6024 = FACE_BOUND('',#6025,.T.);
#6025 = EDGE_LOOP('',(#6026,#6027,#6028,#6034));
#6026 = ORIENTED_EDGE('',*,*,#5995,.T.);
#6027 = ORIENTED_EDGE('',*,*,#3922,.T.);
#6028 = ORIENTED_EDGE('',*,*,#6029,.F.);
#6029 = EDGE_CURVE('',#2355,#3914,#6030,.T.);
#6030 = LINE('',#6031,#6032);
#6031 = CARTESIAN_POINT('',(154.8,-71.700353,0.));
#6032 = VECTOR('',#6033,1.);
#6033 = DIRECTION('',(0.,0.,1.));
#6034 = ORIENTED_EDGE('',*,*,#2363,.F.);
#6035 = PLANE('',#6036);
#6036 = AXIS2_PLACEMENT_3D('',#6037,#6038,#6039);
#6037 = CARTESIAN_POINT('',(154.8,-71.,0.));
#6038 = DIRECTION('',(1.,0.,-0.));
#6039 = DIRECTION('',(0.,-1.,0.));
#6040 = ADVANCED_FACE('',(#6041),#6052,.T.);
#6041 = FACE_BOUND('',#6042,.T.);
#6042 = EDGE_LOOP('',(#6043,#6049,#6050,#6051));
#6043 = ORIENTED_EDGE('',*,*,#6044,.T.);
#6044 = EDGE_CURVE('',#2337,#3896,#6045,.T.);
#6045 = LINE('',#6046,#6047);
#6046 = CARTESIAN_POINT('',(155.443345,-72.543934,0.));
#6047 = VECTOR('',#6048,1.);
#6048 = DIRECTION('',(0.,0.,1.));
#6049 = ORIENTED_EDGE('',*,*,#3895,.T.);
#6050 = ORIENTED_EDGE('',*,*,#6010,.F.);
#6051 = ORIENTED_EDGE('',*,*,#2336,.F.);
#6052 = CYLINDRICAL_SURFACE('',#6053,0.299998582341);
#6053 = AXIS2_PLACEMENT_3D('',#6054,#6055,#6056);
#6054 = CARTESIAN_POINT('',(155.59964624464,-72.79999858234,0.));
#6055 = DIRECTION('',(0.,0.,-1.));
#6056 = DIRECTION('',(-0.52100661085,0.853552641289,0.));
#6057 = ADVANCED_FACE('',(#6058),#6069,.T.);
#6058 = FACE_BOUND('',#6059,.T.);
#6059 = EDGE_LOOP('',(#6060,#6061,#6062,#6068));
#6060 = ORIENTED_EDGE('',*,*,#6029,.T.);
#6061 = ORIENTED_EDGE('',*,*,#3913,.T.);
#6062 = ORIENTED_EDGE('',*,*,#6063,.F.);
#6063 = EDGE_CURVE('',#2346,#3905,#6064,.T.);
#6064 = LINE('',#6065,#6066);
#6065 = CARTESIAN_POINT('',(154.756066,-71.856655,0.));
#6066 = VECTOR('',#6067,1.);
#6067 = DIRECTION('',(0.,0.,1.));
#6068 = ORIENTED_EDGE('',*,*,#2354,.F.);
#6069 = CYLINDRICAL_SURFACE('',#6070,0.299998582342);
#6070 = AXIS2_PLACEMENT_3D('',#6071,#6072,#6073);
#6071 = CARTESIAN_POINT('',(154.50000141765,-71.70035375535,0.));
#6072 = DIRECTION('',(0.,0.,-1.));
#6073 = DIRECTION('',(0.999999999997,2.517860820172E-06,0.));
#6074 = ADVANCED_FACE('',(#6075),#6081,.F.);
#6075 = FACE_BOUND('',#6076,.T.);
#6076 = EDGE_LOOP('',(#6077,#6078,#6079,#6080));
#6077 = ORIENTED_EDGE('',*,*,#6063,.T.);
#6078 = ORIENTED_EDGE('',*,*,#3904,.T.);
#6079 = ORIENTED_EDGE('',*,*,#6044,.F.);
#6080 = ORIENTED_EDGE('',*,*,#2345,.F.);
#6081 = CYLINDRICAL_SURFACE('',#6082,0.499999603944);
#6082 = AXIS2_PLACEMENT_3D('',#6083,#6084,#6085);
#6083 = CARTESIAN_POINT('',(155.18284211054,-72.11715788946,0.));
#6084 = DIRECTION('',(-0.,-0.,-1.));
#6085 = DIRECTION('',(-0.853552897188,0.521006191616,0.));
#6086 = ADVANCED_FACE('',(#6087),#6098,.F.);
#6087 = FACE_BOUND('',#6088,.T.);
#6088 = EDGE_LOOP('',(#6089,#6090,#6096,#6097));
#6089 = ORIENTED_EDGE('',*,*,#2431,.T.);
#6090 = ORIENTED_EDGE('',*,*,#6091,.T.);
#6091 = EDGE_CURVE('',#2432,#3991,#6092,.T.);
#6092 = LINE('',#6093,#6094);
#6093 = CARTESIAN_POINT('',(173.27,-81.71,-4.6E-02));
#6094 = VECTOR('',#6095,1.);
#6095 = DIRECTION('',(0.,0.,1.));
#6096 = ORIENTED_EDGE('',*,*,#3990,.F.);
#6097 = ORIENTED_EDGE('',*,*,#6091,.F.);
#6098 = CYLINDRICAL_SURFACE('',#6099,0.75);
#6099 = AXIS2_PLACEMENT_3D('',#6100,#6101,#6102);
#6100 = CARTESIAN_POINT('',(173.27,-80.96,-4.6E-02));
#6101 = DIRECTION('',(-0.,-0.,-1.));
#6102 = DIRECTION('',(-0.,-1.,0.));
#6103 = ADVANCED_FACE('',(#6104),#6120,.F.);
#6104 = FACE_BOUND('',#6105,.T.);
#6105 = EDGE_LOOP('',(#6106,#6112,#6113,#6119));
#6106 = ORIENTED_EDGE('',*,*,#6107,.T.);
#6107 = EDGE_CURVE('',#2443,#4002,#6108,.T.);
#6108 = LINE('',#6109,#6110);
#6109 = CARTESIAN_POINT('',(178.243934,-70.143345,0.));
#6110 = VECTOR('',#6111,1.);
#6111 = DIRECTION('',(0.,0.,1.));
#6112 = ORIENTED_EDGE('',*,*,#4001,.T.);
#6113 = ORIENTED_EDGE('',*,*,#6114,.F.);
#6114 = EDGE_CURVE('',#2445,#4004,#6115,.T.);
#6115 = LINE('',#6116,#6117);
#6116 = CARTESIAN_POINT('',(177.556655,-69.456066,0.));
#6117 = VECTOR('',#6118,1.);
#6118 = DIRECTION('',(0.,0.,1.));
#6119 = ORIENTED_EDGE('',*,*,#2442,.F.);
#6120 = CYLINDRICAL_SURFACE('',#6121,0.499999603944);
#6121 = AXIS2_PLACEMENT_3D('',#6122,#6123,#6124);
#6122 = CARTESIAN_POINT('',(177.81715788946,-69.88284211054,0.));
#6123 = DIRECTION('',(-0.,-0.,-1.));
#6124 = DIRECTION('',(0.853552897188,-0.521006191616,0.));
#6125 = ADVANCED_FACE('',(#6126),#6137,.T.);
#6126 = FACE_BOUND('',#6127,.T.);
#6127 = EDGE_LOOP('',(#6128,#6134,#6135,#6136));
#6128 = ORIENTED_EDGE('',*,*,#6129,.T.);
#6129 = EDGE_CURVE('',#2454,#4013,#6130,.T.);
#6130 = LINE('',#6131,#6132);
#6131 = CARTESIAN_POINT('',(178.2,-70.299647,0.));
#6132 = VECTOR('',#6133,1.);
#6133 = DIRECTION('',(0.,0.,1.));
#6134 = ORIENTED_EDGE('',*,*,#4012,.T.);
#6135 = ORIENTED_EDGE('',*,*,#6107,.F.);
#6136 = ORIENTED_EDGE('',*,*,#2453,.F.);
#6137 = CYLINDRICAL_SURFACE('',#6138,0.299998582342);
#6138 = AXIS2_PLACEMENT_3D('',#6139,#6140,#6141);
#6139 = CARTESIAN_POINT('',(178.49999858234,-70.29964624464,0.));
#6140 = DIRECTION('',(0.,0.,-1.));
#6141 = DIRECTION('',(-0.999999999997,-2.517860820172E-06,-0.));
#6142 = ADVANCED_FACE('',(#6143),#6154,.T.);
#6143 = FACE_BOUND('',#6144,.T.);
#6144 = EDGE_LOOP('',(#6145,#6146,#6147,#6153));
#6145 = ORIENTED_EDGE('',*,*,#6114,.T.);
#6146 = ORIENTED_EDGE('',*,*,#4166,.T.);
#6147 = ORIENTED_EDGE('',*,*,#6148,.F.);
#6148 = EDGE_CURVE('',#2600,#4159,#6149,.T.);
#6149 = LINE('',#6150,#6151);
#6150 = CARTESIAN_POINT('',(177.400353,-69.5,0.));
#6151 = VECTOR('',#6152,1.);
#6152 = DIRECTION('',(0.,0.,1.));
#6153 = ORIENTED_EDGE('',*,*,#2607,.F.);
#6154 = CYLINDRICAL_SURFACE('',#6155,0.299998582341);
#6155 = AXIS2_PLACEMENT_3D('',#6156,#6157,#6158);
#6156 = CARTESIAN_POINT('',(177.40035375535,-69.20000141766,0.));
#6157 = DIRECTION('',(0.,0.,-1.));
#6158 = DIRECTION('',(0.52100661085,-0.853552641289,0.));
#6159 = ADVANCED_FACE('',(#6160),#6171,.T.);
#6160 = FACE_BOUND('',#6161,.T.);
#6161 = EDGE_LOOP('',(#6162,#6168,#6169,#6170));
#6162 = ORIENTED_EDGE('',*,*,#6163,.T.);
#6163 = EDGE_CURVE('',#2463,#4022,#6164,.T.);
#6164 = LINE('',#6165,#6166);
#6165 = CARTESIAN_POINT('',(178.2,-71.,0.));
#6166 = VECTOR('',#6167,1.);
#6167 = DIRECTION('',(0.,0.,1.));
#6168 = ORIENTED_EDGE('',*,*,#4021,.T.);
#6169 = ORIENTED_EDGE('',*,*,#6129,.F.);
#6170 = ORIENTED_EDGE('',*,*,#2462,.F.);
#6171 = PLANE('',#6172);
#6172 = AXIS2_PLACEMENT_3D('',#6173,#6174,#6175);
#6173 = CARTESIAN_POINT('',(178.2,-71.,0.));
#6174 = DIRECTION('',(-1.,0.,0.));
#6175 = DIRECTION('',(0.,1.,0.));
#6176 = ADVANCED_FACE('',(#6177),#6188,.T.);
#6177 = FACE_BOUND('',#6178,.T.);
#6178 = EDGE_LOOP('',(#6179,#6180,#6181,#6187));
#6179 = ORIENTED_EDGE('',*,*,#6148,.T.);
#6180 = ORIENTED_EDGE('',*,*,#4158,.T.);
#6181 = ORIENTED_EDGE('',*,*,#6182,.F.);
#6182 = EDGE_CURVE('',#2592,#4151,#6183,.T.);
#6183 = LINE('',#6184,#6185);
#6184 = CARTESIAN_POINT('',(176.5,-69.5,0.));
#6185 = VECTOR('',#6186,1.);
#6186 = DIRECTION('',(0.,0.,1.));
#6187 = ORIENTED_EDGE('',*,*,#2599,.F.);
#6188 = PLANE('',#6189);
#6189 = AXIS2_PLACEMENT_3D('',#6190,#6191,#6192);
#6190 = CARTESIAN_POINT('',(177.400353,-69.5,0.));
#6191 = DIRECTION('',(0.,-1.,0.));
#6192 = DIRECTION('',(-1.,0.,0.));
#6193 = ADVANCED_FACE('',(#6194),#6205,.T.);
#6194 = FACE_BOUND('',#6195,.T.);
#6195 = EDGE_LOOP('',(#6196,#6202,#6203,#6204));
#6196 = ORIENTED_EDGE('',*,*,#6197,.T.);
#6197 = EDGE_CURVE('',#2471,#4030,#6198,.T.);
#6198 = LINE('',#6199,#6200);
#6199 = CARTESIAN_POINT('',(178.2,-71.700353,0.));
#6200 = VECTOR('',#6201,1.);
#6201 = DIRECTION('',(0.,0.,1.));
#6202 = ORIENTED_EDGE('',*,*,#4029,.T.);
#6203 = ORIENTED_EDGE('',*,*,#6163,.F.);
#6204 = ORIENTED_EDGE('',*,*,#2470,.F.);
#6205 = PLANE('',#6206);
#6206 = AXIS2_PLACEMENT_3D('',#6207,#6208,#6209);
#6207 = CARTESIAN_POINT('',(178.2,-71.700353,0.));
#6208 = DIRECTION('',(-1.,0.,0.));
#6209 = DIRECTION('',(0.,1.,0.));
#6210 = ADVANCED_FACE('',(#6211),#6222,.T.);
#6211 = FACE_BOUND('',#6212,.T.);
#6212 = EDGE_LOOP('',(#6213,#6214,#6215,#6221));
#6213 = ORIENTED_EDGE('',*,*,#6182,.T.);
#6214 = ORIENTED_EDGE('',*,*,#4150,.T.);
#6215 = ORIENTED_EDGE('',*,*,#6216,.F.);
#6216 = EDGE_CURVE('',#2583,#4142,#6217,.T.);
#6217 = LINE('',#6218,#6219);
#6218 = CARTESIAN_POINT('',(175.599647,-69.5,0.));
#6219 = VECTOR('',#6220,1.);
#6220 = DIRECTION('',(0.,0.,1.));
#6221 = ORIENTED_EDGE('',*,*,#2591,.F.);
#6222 = PLANE('',#6223);
#6223 = AXIS2_PLACEMENT_3D('',#6224,#6225,#6226);
#6224 = CARTESIAN_POINT('',(176.5,-69.5,0.));
#6225 = DIRECTION('',(0.,-1.,0.));
#6226 = DIRECTION('',(-1.,0.,0.));
#6227 = ADVANCED_FACE('',(#6228),#6239,.T.);
#6228 = FACE_BOUND('',#6229,.T.);
#6229 = EDGE_LOOP('',(#6230,#6236,#6237,#6238));
#6230 = ORIENTED_EDGE('',*,*,#6231,.T.);
#6231 = EDGE_CURVE('',#2479,#4038,#6232,.T.);
#6232 = LINE('',#6233,#6234);
#6233 = CARTESIAN_POINT('',(178.243934,-71.856655,0.));
#6234 = VECTOR('',#6235,1.);
#6235 = DIRECTION('',(0.,0.,1.));
#6236 = ORIENTED_EDGE('',*,*,#4037,.T.);
#6237 = ORIENTED_EDGE('',*,*,#6197,.F.);
#6238 = ORIENTED_EDGE('',*,*,#2478,.F.);
#6239 = CYLINDRICAL_SURFACE('',#6240,0.299998582342);
#6240 = AXIS2_PLACEMENT_3D('',#6241,#6242,#6243);
#6241 = CARTESIAN_POINT('',(178.49999858234,-71.70035375535,0.));
#6242 = DIRECTION('',(0.,0.,-1.));
#6243 = DIRECTION('',(-0.853552641289,-0.521006610849,-0.));
#6244 = ADVANCED_FACE('',(#6245),#6256,.T.);
#6245 = FACE_BOUND('',#6246,.T.);
#6246 = EDGE_LOOP('',(#6247,#6248,#6249,#6255));
#6247 = ORIENTED_EDGE('',*,*,#6216,.T.);
#6248 = ORIENTED_EDGE('',*,*,#4141,.T.);
#6249 = ORIENTED_EDGE('',*,*,#6250,.F.);
#6250 = EDGE_CURVE('',#2574,#4133,#6251,.T.);
#6251 = LINE('',#6252,#6253);
#6252 = CARTESIAN_POINT('',(175.443345,-69.456066,0.));
#6253 = VECTOR('',#6254,1.);
#6254 = DIRECTION('',(0.,0.,1.));
#6255 = ORIENTED_EDGE('',*,*,#2582,.F.);
#6256 = CYLINDRICAL_SURFACE('',#6257,0.299998582341);
#6257 = AXIS2_PLACEMENT_3D('',#6258,#6259,#6260);
#6258 = CARTESIAN_POINT('',(175.59964624464,-69.20000141766,0.));
#6259 = DIRECTION('',(0.,0.,-1.));
#6260 = DIRECTION('',(2.517861388613E-06,-0.999999999997,0.));
#6261 = ADVANCED_FACE('',(#6262),#6273,.F.);
#6262 = FACE_BOUND('',#6263,.T.);
#6263 = EDGE_LOOP('',(#6264,#6270,#6271,#6272));
#6264 = ORIENTED_EDGE('',*,*,#6265,.T.);
#6265 = EDGE_CURVE('',#2488,#4047,#6266,.T.);
#6266 = LINE('',#6267,#6268);
#6267 = CARTESIAN_POINT('',(177.556655,-72.543934,0.));
#6268 = VECTOR('',#6269,1.);
#6269 = DIRECTION('',(0.,0.,1.));
#6270 = ORIENTED_EDGE('',*,*,#4046,.T.);
#6271 = ORIENTED_EDGE('',*,*,#6231,.F.);
#6272 = ORIENTED_EDGE('',*,*,#2487,.F.);
#6273 = CYLINDRICAL_SURFACE('',#6274,0.499999603944);
#6274 = AXIS2_PLACEMENT_3D('',#6275,#6276,#6277);
#6275 = CARTESIAN_POINT('',(177.81715788946,-72.11715788946,0.));
#6276 = DIRECTION('',(-0.,-0.,-1.));
#6277 = DIRECTION('',(-0.521006191616,-0.853552897188,0.));
#6278 = ADVANCED_FACE('',(#6279),#6290,.F.);
#6279 = FACE_BOUND('',#6280,.T.);
#6280 = EDGE_LOOP('',(#6281,#6282,#6283,#6289));
#6281 = ORIENTED_EDGE('',*,*,#6250,.T.);
#6282 = ORIENTED_EDGE('',*,*,#4132,.T.);
#6283 = ORIENTED_EDGE('',*,*,#6284,.F.);
#6284 = EDGE_CURVE('',#2565,#4124,#6285,.T.);
#6285 = LINE('',#6286,#6287);
#6286 = CARTESIAN_POINT('',(174.756066,-70.143345,0.));
#6287 = VECTOR('',#6288,1.);
#6288 = DIRECTION('',(0.,0.,1.));
#6289 = ORIENTED_EDGE('',*,*,#2573,.F.);
#6290 = CYLINDRICAL_SURFACE('',#6291,0.499999603944);
#6291 = AXIS2_PLACEMENT_3D('',#6292,#6293,#6294);
#6292 = CARTESIAN_POINT('',(175.18284211054,-69.88284211054,0.));
#6293 = DIRECTION('',(-0.,-0.,-1.));
#6294 = DIRECTION('',(0.521006191616,0.853552897188,-0.));
#6295 = ADVANCED_FACE('',(#6296),#6307,.T.);
#6296 = FACE_BOUND('',#6297,.T.);
#6297 = EDGE_LOOP('',(#6298,#6304,#6305,#6306));
#6298 = ORIENTED_EDGE('',*,*,#6299,.T.);
#6299 = EDGE_CURVE('',#2497,#4056,#6300,.T.);
#6300 = LINE('',#6301,#6302);
#6301 = CARTESIAN_POINT('',(177.400353,-72.5,0.));
#6302 = VECTOR('',#6303,1.);
#6303 = DIRECTION('',(0.,0.,1.));
#6304 = ORIENTED_EDGE('',*,*,#4055,.T.);
#6305 = ORIENTED_EDGE('',*,*,#6265,.F.);
#6306 = ORIENTED_EDGE('',*,*,#2496,.F.);
#6307 = CYLINDRICAL_SURFACE('',#6308,0.299998582341);
#6308 = AXIS2_PLACEMENT_3D('',#6309,#6310,#6311);
#6309 = CARTESIAN_POINT('',(177.40035375535,-72.79999858234,0.));
#6310 = DIRECTION('',(0.,0.,-1.));
#6311 = DIRECTION('',(-2.517861388613E-06,0.999999999997,0.));
#6312 = ADVANCED_FACE('',(#6313),#6324,.T.);
#6313 = FACE_BOUND('',#6314,.T.);
#6314 = EDGE_LOOP('',(#6315,#6316,#6317,#6323));
#6315 = ORIENTED_EDGE('',*,*,#6284,.T.);
#6316 = ORIENTED_EDGE('',*,*,#4123,.T.);
#6317 = ORIENTED_EDGE('',*,*,#6318,.F.);
#6318 = EDGE_CURVE('',#2557,#4116,#6319,.T.);
#6319 = LINE('',#6320,#6321);
#6320 = CARTESIAN_POINT('',(174.8,-70.299647,0.));
#6321 = VECTOR('',#6322,1.);
#6322 = DIRECTION('',(0.,0.,1.));
#6323 = ORIENTED_EDGE('',*,*,#2564,.F.);
#6324 = CYLINDRICAL_SURFACE('',#6325,0.299998582342);
#6325 = AXIS2_PLACEMENT_3D('',#6326,#6327,#6328);
#6326 = CARTESIAN_POINT('',(174.50000141765,-70.29964624464,0.));
#6327 = DIRECTION('',(0.,0.,-1.));
#6328 = DIRECTION('',(0.853552641289,0.521006610849,0.));
#6329 = ADVANCED_FACE('',(#6330),#6341,.T.);
#6330 = FACE_BOUND('',#6331,.T.);
#6331 = EDGE_LOOP('',(#6332,#6338,#6339,#6340));
#6332 = ORIENTED_EDGE('',*,*,#6333,.T.);
#6333 = EDGE_CURVE('',#2506,#4065,#6334,.T.);
#6334 = LINE('',#6335,#6336);
#6335 = CARTESIAN_POINT('',(176.5,-72.5,0.));
#6336 = VECTOR('',#6337,1.);
#6337 = DIRECTION('',(0.,0.,1.));
#6338 = ORIENTED_EDGE('',*,*,#4064,.T.);
#6339 = ORIENTED_EDGE('',*,*,#6299,.F.);
#6340 = ORIENTED_EDGE('',*,*,#2505,.F.);
#6341 = PLANE('',#6342);
#6342 = AXIS2_PLACEMENT_3D('',#6343,#6344,#6345);
#6343 = CARTESIAN_POINT('',(176.5,-72.5,0.));
#6344 = DIRECTION('',(0.,1.,0.));
#6345 = DIRECTION('',(1.,0.,0.));
#6346 = ADVANCED_FACE('',(#6347),#6358,.T.);
#6347 = FACE_BOUND('',#6348,.T.);
#6348 = EDGE_LOOP('',(#6349,#6350,#6351,#6357));
#6349 = ORIENTED_EDGE('',*,*,#6318,.T.);
#6350 = ORIENTED_EDGE('',*,*,#4115,.T.);
#6351 = ORIENTED_EDGE('',*,*,#6352,.F.);
#6352 = EDGE_CURVE('',#2549,#4108,#6353,.T.);
#6353 = LINE('',#6354,#6355);
#6354 = CARTESIAN_POINT('',(174.8,-71.,0.));
#6355 = VECTOR('',#6356,1.);
#6356 = DIRECTION('',(0.,0.,1.));
#6357 = ORIENTED_EDGE('',*,*,#2556,.F.);
#6358 = PLANE('',#6359);
#6359 = AXIS2_PLACEMENT_3D('',#6360,#6361,#6362);
#6360 = CARTESIAN_POINT('',(174.8,-70.299647,0.));
#6361 = DIRECTION('',(1.,0.,-0.));
#6362 = DIRECTION('',(0.,-1.,0.));
#6363 = ADVANCED_FACE('',(#6364),#6375,.T.);
#6364 = FACE_BOUND('',#6365,.T.);
#6365 = EDGE_LOOP('',(#6366,#6372,#6373,#6374));
#6366 = ORIENTED_EDGE('',*,*,#6367,.T.);
#6367 = EDGE_CURVE('',#2514,#4073,#6368,.T.);
#6368 = LINE('',#6369,#6370);
#6369 = CARTESIAN_POINT('',(175.599647,-72.5,0.));
#6370 = VECTOR('',#6371,1.);
#6371 = DIRECTION('',(0.,0.,1.));
#6372 = ORIENTED_EDGE('',*,*,#4072,.T.);
#6373 = ORIENTED_EDGE('',*,*,#6333,.F.);
#6374 = ORIENTED_EDGE('',*,*,#2513,.F.);
#6375 = PLANE('',#6376);
#6376 = AXIS2_PLACEMENT_3D('',#6377,#6378,#6379);
#6377 = CARTESIAN_POINT('',(175.599647,-72.5,0.));
#6378 = DIRECTION('',(0.,1.,0.));
#6379 = DIRECTION('',(1.,0.,0.));
#6380 = ADVANCED_FACE('',(#6381),#6392,.T.);
#6381 = FACE_BOUND('',#6382,.T.);
#6382 = EDGE_LOOP('',(#6383,#6384,#6385,#6391));
#6383 = ORIENTED_EDGE('',*,*,#6352,.T.);
#6384 = ORIENTED_EDGE('',*,*,#4107,.T.);
#6385 = ORIENTED_EDGE('',*,*,#6386,.F.);
#6386 = EDGE_CURVE('',#2540,#4099,#6387,.T.);
#6387 = LINE('',#6388,#6389);
#6388 = CARTESIAN_POINT('',(174.8,-71.700353,0.));
#6389 = VECTOR('',#6390,1.);
#6390 = DIRECTION('',(0.,0.,1.));
#6391 = ORIENTED_EDGE('',*,*,#2548,.F.);
#6392 = PLANE('',#6393);
#6393 = AXIS2_PLACEMENT_3D('',#6394,#6395,#6396);
#6394 = CARTESIAN_POINT('',(174.8,-71.,0.));
#6395 = DIRECTION('',(1.,0.,-0.));
#6396 = DIRECTION('',(0.,-1.,0.));
#6397 = ADVANCED_FACE('',(#6398),#6409,.T.);
#6398 = FACE_BOUND('',#6399,.T.);
#6399 = EDGE_LOOP('',(#6400,#6406,#6407,#6408));
#6400 = ORIENTED_EDGE('',*,*,#6401,.T.);
#6401 = EDGE_CURVE('',#2522,#4081,#6402,.T.);
#6402 = LINE('',#6403,#6404);
#6403 = CARTESIAN_POINT('',(175.443345,-72.543934,0.));
#6404 = VECTOR('',#6405,1.);
#6405 = DIRECTION('',(0.,0.,1.));
#6406 = ORIENTED_EDGE('',*,*,#4080,.T.);
#6407 = ORIENTED_EDGE('',*,*,#6367,.F.);
#6408 = ORIENTED_EDGE('',*,*,#2521,.F.);
#6409 = CYLINDRICAL_SURFACE('',#6410,0.299998582341);
#6410 = AXIS2_PLACEMENT_3D('',#6411,#6412,#6413);
#6411 = CARTESIAN_POINT('',(175.59964624464,-72.79999858234,0.));
#6412 = DIRECTION('',(0.,0.,-1.));
#6413 = DIRECTION('',(-0.52100661085,0.853552641289,0.));
#6414 = ADVANCED_FACE('',(#6415),#6426,.T.);
#6415 = FACE_BOUND('',#6416,.T.);
#6416 = EDGE_LOOP('',(#6417,#6418,#6419,#6425));
#6417 = ORIENTED_EDGE('',*,*,#6386,.T.);
#6418 = ORIENTED_EDGE('',*,*,#4098,.T.);
#6419 = ORIENTED_EDGE('',*,*,#6420,.F.);
#6420 = EDGE_CURVE('',#2531,#4090,#6421,.T.);
#6421 = LINE('',#6422,#6423);
#6422 = CARTESIAN_POINT('',(174.756066,-71.856655,0.));
#6423 = VECTOR('',#6424,1.);
#6424 = DIRECTION('',(0.,0.,1.));
#6425 = ORIENTED_EDGE('',*,*,#2539,.F.);
#6426 = CYLINDRICAL_SURFACE('',#6427,0.299998582342);
#6427 = AXIS2_PLACEMENT_3D('',#6428,#6429,#6430);
#6428 = CARTESIAN_POINT('',(174.50000141765,-71.70035375535,0.));
#6429 = DIRECTION('',(0.,0.,-1.));
#6430 = DIRECTION('',(0.999999999997,2.517860820172E-06,0.));
#6431 = ADVANCED_FACE('',(#6432),#6438,.F.);
#6432 = FACE_BOUND('',#6433,.T.);
#6433 = EDGE_LOOP('',(#6434,#6435,#6436,#6437));
#6434 = ORIENTED_EDGE('',*,*,#6420,.T.);
#6435 = ORIENTED_EDGE('',*,*,#4089,.T.);
#6436 = ORIENTED_EDGE('',*,*,#6401,.F.);
#6437 = ORIENTED_EDGE('',*,*,#2530,.F.);
#6438 = CYLINDRICAL_SURFACE('',#6439,0.499999603944);
#6439 = AXIS2_PLACEMENT_3D('',#6440,#6441,#6442);
#6440 = CARTESIAN_POINT('',(175.18284211054,-72.11715788946,0.));
#6441 = DIRECTION('',(-0.,-0.,-1.));
#6442 = DIRECTION('',(-0.853552897188,0.521006191616,0.));
#6443 = ADVANCED_FACE('',(#6444),#6455,.F.);
#6444 = FACE_BOUND('',#6445,.T.);
#6445 = EDGE_LOOP('',(#6446,#6447,#6453,#6454));
#6446 = ORIENTED_EDGE('',*,*,#2616,.T.);
#6447 = ORIENTED_EDGE('',*,*,#6448,.T.);
#6448 = EDGE_CURVE('',#2617,#4176,#6449,.T.);
#6449 = LINE('',#6450,#6451);
#6450 = CARTESIAN_POINT('',(182.16,-84.35,-4.6E-02));
#6451 = VECTOR('',#6452,1.);
#6452 = DIRECTION('',(0.,0.,1.));
#6453 = ORIENTED_EDGE('',*,*,#4175,.F.);
#6454 = ORIENTED_EDGE('',*,*,#6448,.F.);
#6455 = CYLINDRICAL_SURFACE('',#6456,0.85);
#6456 = AXIS2_PLACEMENT_3D('',#6457,#6458,#6459);
#6457 = CARTESIAN_POINT('',(182.16,-83.5,-4.6E-02));
#6458 = DIRECTION('',(-0.,-0.,-1.));
#6459 = DIRECTION('',(-0.,-1.,0.));
#6460 = ADVANCED_FACE('',(#6461),#6472,.F.);
#6461 = FACE_BOUND('',#6462,.T.);
#6462 = EDGE_LOOP('',(#6463,#6464,#6470,#6471));
#6463 = ORIENTED_EDGE('',*,*,#2627,.T.);
#6464 = ORIENTED_EDGE('',*,*,#6465,.T.);
#6465 = EDGE_CURVE('',#2628,#4187,#6466,.T.);
#6466 = LINE('',#6467,#6468);
#6467 = CARTESIAN_POINT('',(196.5,-92.25,-4.6E-02));
#6468 = VECTOR('',#6469,1.);
#6469 = DIRECTION('',(0.,0.,1.));
#6470 = ORIENTED_EDGE('',*,*,#4186,.F.);
#6471 = ORIENTED_EDGE('',*,*,#6465,.F.);
#6472 = CYLINDRICAL_SURFACE('',#6473,0.5);
#6473 = AXIS2_PLACEMENT_3D('',#6474,#6475,#6476);
#6474 = CARTESIAN_POINT('',(196.5,-91.75,-4.6E-02));
#6475 = DIRECTION('',(-0.,-0.,-1.));
#6476 = DIRECTION('',(-0.,-1.,0.));
#6477 = ADVANCED_FACE('',(#6478),#6489,.F.);
#6478 = FACE_BOUND('',#6479,.T.);
#6479 = EDGE_LOOP('',(#6480,#6481,#6487,#6488));
#6480 = ORIENTED_EDGE('',*,*,#2638,.T.);
#6481 = ORIENTED_EDGE('',*,*,#6482,.T.);
#6482 = EDGE_CURVE('',#2639,#4198,#6483,.T.);
#6483 = LINE('',#6484,#6485);
#6484 = CARTESIAN_POINT('',(201.5,-92.25,-4.6E-02));
#6485 = VECTOR('',#6486,1.);
#6486 = DIRECTION('',(0.,0.,1.));
#6487 = ORIENTED_EDGE('',*,*,#4197,.F.);
#6488 = ORIENTED_EDGE('',*,*,#6482,.F.);
#6489 = CYLINDRICAL_SURFACE('',#6490,0.5);
#6490 = AXIS2_PLACEMENT_3D('',#6491,#6492,#6493);
#6491 = CARTESIAN_POINT('',(201.5,-91.75,-4.6E-02));
#6492 = DIRECTION('',(-0.,-0.,-1.));
#6493 = DIRECTION('',(-0.,-1.,0.));
#6494 = ADVANCED_FACE('',(#6495),#6511,.F.);
#6495 = FACE_BOUND('',#6496,.T.);
#6496 = EDGE_LOOP('',(#6497,#6498,#6504,#6505));
#6497 = ORIENTED_EDGE('',*,*,#2649,.T.);
#6498 = ORIENTED_EDGE('',*,*,#6499,.T.);
#6499 = EDGE_CURVE('',#2652,#4211,#6500,.T.);
#6500 = LINE('',#6501,#6502);
#6501 = CARTESIAN_POINT('',(192.4,-85.,-4.6E-02));
#6502 = VECTOR('',#6503,1.);
#6503 = DIRECTION('',(0.,0.,1.));
#6504 = ORIENTED_EDGE('',*,*,#4208,.F.);
#6505 = ORIENTED_EDGE('',*,*,#6506,.F.);
#6506 = EDGE_CURVE('',#2650,#4209,#6507,.T.);
#6507 = LINE('',#6508,#6509);
#6508 = CARTESIAN_POINT('',(194.4,-85.,-4.6E-02));
#6509 = VECTOR('',#6510,1.);
#6510 = DIRECTION('',(0.,0.,1.));
#6511 = CYLINDRICAL_SURFACE('',#6512,1.);
#6512 = AXIS2_PLACEMENT_3D('',#6513,#6514,#6515);
#6513 = CARTESIAN_POINT('',(193.4,-85.,-4.6E-02));
#6514 = DIRECTION('',(-0.,-0.,-1.));
#6515 = DIRECTION('',(-1.,0.,-0.));
#6516 = ADVANCED_FACE('',(#6517),#6528,.T.);
#6517 = FACE_BOUND('',#6518,.T.);
#6518 = EDGE_LOOP('',(#6519,#6520,#6521,#6522));
#6519 = ORIENTED_EDGE('',*,*,#2677,.T.);
#6520 = ORIENTED_EDGE('',*,*,#6506,.T.);
#6521 = ORIENTED_EDGE('',*,*,#4236,.F.);
#6522 = ORIENTED_EDGE('',*,*,#6523,.F.);
#6523 = EDGE_CURVE('',#2669,#4228,#6524,.T.);
#6524 = LINE('',#6525,#6526);
#6525 = CARTESIAN_POINT('',(194.4,-84.5,-4.6E-02));
#6526 = VECTOR('',#6527,1.);
#6527 = DIRECTION('',(0.,0.,1.));
#6528 = PLANE('',#6529);
#6529 = AXIS2_PLACEMENT_3D('',#6530,#6531,#6532);
#6530 = CARTESIAN_POINT('',(194.4,-85.,-4.6E-02));
#6531 = DIRECTION('',(-1.,0.,0.));
#6532 = DIRECTION('',(0.,1.,0.));
#6533 = ADVANCED_FACE('',(#6534),#6545,.F.);
#6534 = FACE_BOUND('',#6535,.T.);
#6535 = EDGE_LOOP('',(#6536,#6537,#6538,#6539));
#6536 = ORIENTED_EDGE('',*,*,#2668,.T.);
#6537 = ORIENTED_EDGE('',*,*,#6523,.T.);
#6538 = ORIENTED_EDGE('',*,*,#4227,.F.);
#6539 = ORIENTED_EDGE('',*,*,#6540,.F.);
#6540 = EDGE_CURVE('',#2661,#4220,#6541,.T.);
#6541 = LINE('',#6542,#6543);
#6542 = CARTESIAN_POINT('',(192.4,-84.5,-4.6E-02));
#6543 = VECTOR('',#6544,1.);
#6544 = DIRECTION('',(0.,0.,1.));
#6545 = CYLINDRICAL_SURFACE('',#6546,1.);
#6546 = AXIS2_PLACEMENT_3D('',#6547,#6548,#6549);
#6547 = CARTESIAN_POINT('',(193.4,-84.5,-4.6E-02));
#6548 = DIRECTION('',(-0.,-0.,-1.));
#6549 = DIRECTION('',(1.,0.,-0.));
#6550 = ADVANCED_FACE('',(#6551),#6557,.T.);
#6551 = FACE_BOUND('',#6552,.T.);
#6552 = EDGE_LOOP('',(#6553,#6554,#6555,#6556));
#6553 = ORIENTED_EDGE('',*,*,#2660,.T.);
#6554 = ORIENTED_EDGE('',*,*,#6540,.T.);
#6555 = ORIENTED_EDGE('',*,*,#4219,.F.);
#6556 = ORIENTED_EDGE('',*,*,#6499,.F.);
#6557 = PLANE('',#6558);
#6558 = AXIS2_PLACEMENT_3D('',#6559,#6560,#6561);
#6559 = CARTESIAN_POINT('',(192.4,-84.5,-4.6E-02));
#6560 = DIRECTION('',(1.,0.,-0.));
#6561 = DIRECTION('',(0.,-1.,0.));
#6562 = ADVANCED_FACE('',(#6563),#6579,.F.);
#6563 = FACE_BOUND('',#6564,.T.);
#6564 = EDGE_LOOP('',(#6565,#6566,#6572,#6573));
#6565 = ORIENTED_EDGE('',*,*,#2685,.T.);
#6566 = ORIENTED_EDGE('',*,*,#6567,.T.);
#6567 = EDGE_CURVE('',#2688,#4247,#6568,.T.);
#6568 = LINE('',#6569,#6570);
#6569 = CARTESIAN_POINT('',(203.6,-85.,-4.6E-02));
#6570 = VECTOR('',#6571,1.);
#6571 = DIRECTION('',(0.,0.,1.));
#6572 = ORIENTED_EDGE('',*,*,#4244,.F.);
#6573 = ORIENTED_EDGE('',*,*,#6574,.F.);
#6574 = EDGE_CURVE('',#2686,#4245,#6575,.T.);
#6575 = LINE('',#6576,#6577);
#6576 = CARTESIAN_POINT('',(205.6,-85.,-4.6E-02));
#6577 = VECTOR('',#6578,1.);
#6578 = DIRECTION('',(0.,0.,1.));
#6579 = CYLINDRICAL_SURFACE('',#6580,1.);
#6580 = AXIS2_PLACEMENT_3D('',#6581,#6582,#6583);
#6581 = CARTESIAN_POINT('',(204.6,-85.,-4.6E-02));
#6582 = DIRECTION('',(-0.,-0.,-1.));
#6583 = DIRECTION('',(-1.,0.,-0.));
#6584 = ADVANCED_FACE('',(#6585),#6596,.T.);
#6585 = FACE_BOUND('',#6586,.T.);
#6586 = EDGE_LOOP('',(#6587,#6588,#6589,#6590));
#6587 = ORIENTED_EDGE('',*,*,#2713,.T.);
#6588 = ORIENTED_EDGE('',*,*,#6574,.T.);
#6589 = ORIENTED_EDGE('',*,*,#4272,.F.);
#6590 = ORIENTED_EDGE('',*,*,#6591,.F.);
#6591 = EDGE_CURVE('',#2705,#4264,#6592,.T.);
#6592 = LINE('',#6593,#6594);
#6593 = CARTESIAN_POINT('',(205.6,-84.5,-4.6E-02));
#6594 = VECTOR('',#6595,1.);
#6595 = DIRECTION('',(0.,0.,1.));
#6596 = PLANE('',#6597);
#6597 = AXIS2_PLACEMENT_3D('',#6598,#6599,#6600);
#6598 = CARTESIAN_POINT('',(205.6,-85.,-4.6E-02));
#6599 = DIRECTION('',(-1.,0.,0.));
#6600 = DIRECTION('',(0.,1.,0.));
#6601 = ADVANCED_FACE('',(#6602),#6613,.F.);
#6602 = FACE_BOUND('',#6603,.T.);
#6603 = EDGE_LOOP('',(#6604,#6605,#6606,#6607));
#6604 = ORIENTED_EDGE('',*,*,#2704,.T.);
#6605 = ORIENTED_EDGE('',*,*,#6591,.T.);
#6606 = ORIENTED_EDGE('',*,*,#4263,.F.);
#6607 = ORIENTED_EDGE('',*,*,#6608,.F.);
#6608 = EDGE_CURVE('',#2697,#4256,#6609,.T.);
#6609 = LINE('',#6610,#6611);
#6610 = CARTESIAN_POINT('',(203.6,-84.5,-4.6E-02));
#6611 = VECTOR('',#6612,1.);
#6612 = DIRECTION('',(0.,0.,1.));
#6613 = CYLINDRICAL_SURFACE('',#6614,1.);
#6614 = AXIS2_PLACEMENT_3D('',#6615,#6616,#6617);
#6615 = CARTESIAN_POINT('',(204.6,-84.5,-4.6E-02));
#6616 = DIRECTION('',(-0.,-0.,-1.));
#6617 = DIRECTION('',(1.,0.,-0.));
#6618 = ADVANCED_FACE('',(#6619),#6625,.T.);
#6619 = FACE_BOUND('',#6620,.T.);
#6620 = EDGE_LOOP('',(#6621,#6622,#6623,#6624));
#6621 = ORIENTED_EDGE('',*,*,#2696,.T.);
#6622 = ORIENTED_EDGE('',*,*,#6608,.T.);
#6623 = ORIENTED_EDGE('',*,*,#4255,.F.);
#6624 = ORIENTED_EDGE('',*,*,#6567,.F.);
#6625 = PLANE('',#6626);
#6626 = AXIS2_PLACEMENT_3D('',#6627,#6628,#6629);
#6627 = CARTESIAN_POINT('',(203.6,-84.5,-4.6E-02));
#6628 = DIRECTION('',(1.,0.,-0.));
#6629 = DIRECTION('',(0.,-1.,0.));
#6630 = ADVANCED_FACE('',(#6631),#6642,.F.);
#6631 = FACE_BOUND('',#6632,.T.);
#6632 = EDGE_LOOP('',(#6633,#6634,#6640,#6641));
#6633 = ORIENTED_EDGE('',*,*,#2721,.T.);
#6634 = ORIENTED_EDGE('',*,*,#6635,.T.);
#6635 = EDGE_CURVE('',#2722,#4281,#6636,.T.);
#6636 = LINE('',#6637,#6638);
#6637 = CARTESIAN_POINT('',(179.62,-79.17,-4.6E-02));
#6638 = VECTOR('',#6639,1.);
#6639 = DIRECTION('',(0.,0.,1.));
#6640 = ORIENTED_EDGE('',*,*,#4280,.F.);
#6641 = ORIENTED_EDGE('',*,*,#6635,.F.);
#6642 = CYLINDRICAL_SURFACE('',#6643,0.75);
#6643 = AXIS2_PLACEMENT_3D('',#6644,#6645,#6646);
#6644 = CARTESIAN_POINT('',(179.62,-78.42,-4.6E-02));
#6645 = DIRECTION('',(-0.,-0.,-1.));
#6646 = DIRECTION('',(-0.,-1.,0.));
#6647 = ADVANCED_FACE('',(#6648),#6659,.F.);
#6648 = FACE_BOUND('',#6649,.T.);
#6649 = EDGE_LOOP('',(#6650,#6651,#6657,#6658));
#6650 = ORIENTED_EDGE('',*,*,#2732,.T.);
#6651 = ORIENTED_EDGE('',*,*,#6652,.T.);
#6652 = EDGE_CURVE('',#2733,#4292,#6653,.T.);
#6653 = LINE('',#6654,#6655);
#6654 = CARTESIAN_POINT('',(196.5,-77.75,-4.6E-02));
#6655 = VECTOR('',#6656,1.);
#6656 = DIRECTION('',(0.,0.,1.));
#6657 = ORIENTED_EDGE('',*,*,#4291,.F.);
#6658 = ORIENTED_EDGE('',*,*,#6652,.F.);
#6659 = CYLINDRICAL_SURFACE('',#6660,0.5);
#6660 = AXIS2_PLACEMENT_3D('',#6661,#6662,#6663);
#6661 = CARTESIAN_POINT('',(196.5,-77.25,-4.6E-02));
#6662 = DIRECTION('',(-0.,-0.,-1.));
#6663 = DIRECTION('',(-0.,-1.,0.));
#6664 = ADVANCED_FACE('',(#6665),#6676,.F.);
#6665 = FACE_BOUND('',#6666,.T.);
#6666 = EDGE_LOOP('',(#6667,#6668,#6674,#6675));
#6667 = ORIENTED_EDGE('',*,*,#2743,.T.);
#6668 = ORIENTED_EDGE('',*,*,#6669,.T.);
#6669 = EDGE_CURVE('',#2744,#4303,#6670,.T.);
#6670 = LINE('',#6671,#6672);
#6671 = CARTESIAN_POINT('',(199.,-77.75,-4.6E-02));
#6672 = VECTOR('',#6673,1.);
#6673 = DIRECTION('',(0.,0.,1.));
#6674 = ORIENTED_EDGE('',*,*,#4302,.F.);
#6675 = ORIENTED_EDGE('',*,*,#6669,.F.);
#6676 = CYLINDRICAL_SURFACE('',#6677,0.5);
#6677 = AXIS2_PLACEMENT_3D('',#6678,#6679,#6680);
#6678 = CARTESIAN_POINT('',(199.,-77.25,-4.6E-02));
#6679 = DIRECTION('',(-0.,-0.,-1.));
#6680 = DIRECTION('',(-0.,-1.,0.));
#6681 = ADVANCED_FACE('',(#6682),#6693,.F.);
#6682 = FACE_BOUND('',#6683,.T.);
#6683 = EDGE_LOOP('',(#6684,#6685,#6691,#6692));
#6684 = ORIENTED_EDGE('',*,*,#2754,.T.);
#6685 = ORIENTED_EDGE('',*,*,#6686,.T.);
#6686 = EDGE_CURVE('',#2755,#4314,#6687,.T.);
#6687 = LINE('',#6688,#6689);
#6688 = CARTESIAN_POINT('',(201.5,-77.75,-4.6E-02));
#6689 = VECTOR('',#6690,1.);
#6690 = DIRECTION('',(0.,0.,1.));
#6691 = ORIENTED_EDGE('',*,*,#4313,.F.);
#6692 = ORIENTED_EDGE('',*,*,#6686,.F.);
#6693 = CYLINDRICAL_SURFACE('',#6694,0.5);
#6694 = AXIS2_PLACEMENT_3D('',#6695,#6696,#6697);
#6695 = CARTESIAN_POINT('',(201.5,-77.25,-4.6E-02));
#6696 = DIRECTION('',(-0.,-0.,-1.));
#6697 = DIRECTION('',(-0.,-1.,0.));
#6698 = ADVANCED_FACE('',(#6699),#6715,.F.);
#6699 = FACE_BOUND('',#6700,.T.);
#6700 = EDGE_LOOP('',(#6701,#6707,#6708,#6714));
#6701 = ORIENTED_EDGE('',*,*,#6702,.T.);
#6702 = EDGE_CURVE('',#2766,#4325,#6703,.T.);
#6703 = LINE('',#6704,#6705);
#6704 = CARTESIAN_POINT('',(199.743934,-70.143345,0.));
#6705 = VECTOR('',#6706,1.);
#6706 = DIRECTION('',(0.,0.,1.));
#6707 = ORIENTED_EDGE('',*,*,#4324,.T.);
#6708 = ORIENTED_EDGE('',*,*,#6709,.F.);
#6709 = EDGE_CURVE('',#2768,#4327,#6710,.T.);
#6710 = LINE('',#6711,#6712);
#6711 = CARTESIAN_POINT('',(199.056655,-69.456066,0.));
#6712 = VECTOR('',#6713,1.);
#6713 = DIRECTION('',(0.,0.,1.));
#6714 = ORIENTED_EDGE('',*,*,#2765,.F.);
#6715 = CYLINDRICAL_SURFACE('',#6716,0.499999603944);
#6716 = AXIS2_PLACEMENT_3D('',#6717,#6718,#6719);
#6717 = CARTESIAN_POINT('',(199.31715788946,-69.88284211054,0.));
#6718 = DIRECTION('',(-0.,-0.,-1.));
#6719 = DIRECTION('',(0.853552897188,-0.521006191616,0.));
#6720 = ADVANCED_FACE('',(#6721),#6732,.T.);
#6721 = FACE_BOUND('',#6722,.T.);
#6722 = EDGE_LOOP('',(#6723,#6729,#6730,#6731));
#6723 = ORIENTED_EDGE('',*,*,#6724,.T.);
#6724 = EDGE_CURVE('',#2777,#4336,#6725,.T.);
#6725 = LINE('',#6726,#6727);
#6726 = CARTESIAN_POINT('',(199.7,-70.299647,0.));
#6727 = VECTOR('',#6728,1.);
#6728 = DIRECTION('',(0.,0.,1.));
#6729 = ORIENTED_EDGE('',*,*,#4335,.T.);
#6730 = ORIENTED_EDGE('',*,*,#6702,.F.);
#6731 = ORIENTED_EDGE('',*,*,#2776,.F.);
#6732 = CYLINDRICAL_SURFACE('',#6733,0.299998582342);
#6733 = AXIS2_PLACEMENT_3D('',#6734,#6735,#6736);
#6734 = CARTESIAN_POINT('',(199.99999858234,-70.29964624464,0.));
#6735 = DIRECTION('',(0.,0.,-1.));
#6736 = DIRECTION('',(-0.999999999997,-2.517860820172E-06,-0.));
#6737 = ADVANCED_FACE('',(#6738),#6749,.T.);
#6738 = FACE_BOUND('',#6739,.T.);
#6739 = EDGE_LOOP('',(#6740,#6741,#6742,#6748));
#6740 = ORIENTED_EDGE('',*,*,#6709,.T.);
#6741 = ORIENTED_EDGE('',*,*,#4489,.T.);
#6742 = ORIENTED_EDGE('',*,*,#6743,.F.);
#6743 = EDGE_CURVE('',#2923,#4482,#6744,.T.);
#6744 = LINE('',#6745,#6746);
#6745 = CARTESIAN_POINT('',(198.900353,-69.5,0.));
#6746 = VECTOR('',#6747,1.);
#6747 = DIRECTION('',(0.,0.,1.));
#6748 = ORIENTED_EDGE('',*,*,#2930,.F.);
#6749 = CYLINDRICAL_SURFACE('',#6750,0.299998582341);
#6750 = AXIS2_PLACEMENT_3D('',#6751,#6752,#6753);
#6751 = CARTESIAN_POINT('',(198.90035375535,-69.20000141766,0.));
#6752 = DIRECTION('',(0.,0.,-1.));
#6753 = DIRECTION('',(0.52100661085,-0.853552641289,0.));
#6754 = ADVANCED_FACE('',(#6755),#6766,.T.);
#6755 = FACE_BOUND('',#6756,.T.);
#6756 = EDGE_LOOP('',(#6757,#6763,#6764,#6765));
#6757 = ORIENTED_EDGE('',*,*,#6758,.T.);
#6758 = EDGE_CURVE('',#2786,#4345,#6759,.T.);
#6759 = LINE('',#6760,#6761);
#6760 = CARTESIAN_POINT('',(199.7,-71.,0.));
#6761 = VECTOR('',#6762,1.);
#6762 = DIRECTION('',(0.,0.,1.));
#6763 = ORIENTED_EDGE('',*,*,#4344,.T.);
#6764 = ORIENTED_EDGE('',*,*,#6724,.F.);
#6765 = ORIENTED_EDGE('',*,*,#2785,.F.);
#6766 = PLANE('',#6767);
#6767 = AXIS2_PLACEMENT_3D('',#6768,#6769,#6770);
#6768 = CARTESIAN_POINT('',(199.7,-71.,0.));
#6769 = DIRECTION('',(-1.,0.,0.));
#6770 = DIRECTION('',(0.,1.,0.));
#6771 = ADVANCED_FACE('',(#6772),#6783,.T.);
#6772 = FACE_BOUND('',#6773,.T.);
#6773 = EDGE_LOOP('',(#6774,#6775,#6776,#6782));
#6774 = ORIENTED_EDGE('',*,*,#6743,.T.);
#6775 = ORIENTED_EDGE('',*,*,#4481,.T.);
#6776 = ORIENTED_EDGE('',*,*,#6777,.F.);
#6777 = EDGE_CURVE('',#2915,#4474,#6778,.T.);
#6778 = LINE('',#6779,#6780);
#6779 = CARTESIAN_POINT('',(198.,-69.5,0.));
#6780 = VECTOR('',#6781,1.);
#6781 = DIRECTION('',(0.,0.,1.));
#6782 = ORIENTED_EDGE('',*,*,#2922,.F.);
#6783 = PLANE('',#6784);
#6784 = AXIS2_PLACEMENT_3D('',#6785,#6786,#6787);
#6785 = CARTESIAN_POINT('',(198.900353,-69.5,0.));
#6786 = DIRECTION('',(0.,-1.,0.));
#6787 = DIRECTION('',(-1.,0.,0.));
#6788 = ADVANCED_FACE('',(#6789),#6800,.T.);
#6789 = FACE_BOUND('',#6790,.T.);
#6790 = EDGE_LOOP('',(#6791,#6797,#6798,#6799));
#6791 = ORIENTED_EDGE('',*,*,#6792,.T.);
#6792 = EDGE_CURVE('',#2794,#4353,#6793,.T.);
#6793 = LINE('',#6794,#6795);
#6794 = CARTESIAN_POINT('',(199.7,-71.700353,0.));
#6795 = VECTOR('',#6796,1.);
#6796 = DIRECTION('',(0.,0.,1.));
#6797 = ORIENTED_EDGE('',*,*,#4352,.T.);
#6798 = ORIENTED_EDGE('',*,*,#6758,.F.);
#6799 = ORIENTED_EDGE('',*,*,#2793,.F.);
#6800 = PLANE('',#6801);
#6801 = AXIS2_PLACEMENT_3D('',#6802,#6803,#6804);
#6802 = CARTESIAN_POINT('',(199.7,-71.700353,0.));
#6803 = DIRECTION('',(-1.,0.,0.));
#6804 = DIRECTION('',(0.,1.,0.));
#6805 = ADVANCED_FACE('',(#6806),#6817,.T.);
#6806 = FACE_BOUND('',#6807,.T.);
#6807 = EDGE_LOOP('',(#6808,#6809,#6810,#6816));
#6808 = ORIENTED_EDGE('',*,*,#6777,.T.);
#6809 = ORIENTED_EDGE('',*,*,#4473,.T.);
#6810 = ORIENTED_EDGE('',*,*,#6811,.F.);
#6811 = EDGE_CURVE('',#2906,#4465,#6812,.T.);
#6812 = LINE('',#6813,#6814);
#6813 = CARTESIAN_POINT('',(197.099647,-69.5,0.));
#6814 = VECTOR('',#6815,1.);
#6815 = DIRECTION('',(0.,0.,1.));
#6816 = ORIENTED_EDGE('',*,*,#2914,.F.);
#6817 = PLANE('',#6818);
#6818 = AXIS2_PLACEMENT_3D('',#6819,#6820,#6821);
#6819 = CARTESIAN_POINT('',(198.,-69.5,0.));
#6820 = DIRECTION('',(0.,-1.,0.));
#6821 = DIRECTION('',(-1.,0.,0.));
#6822 = ADVANCED_FACE('',(#6823),#6834,.T.);
#6823 = FACE_BOUND('',#6824,.T.);
#6824 = EDGE_LOOP('',(#6825,#6831,#6832,#6833));
#6825 = ORIENTED_EDGE('',*,*,#6826,.T.);
#6826 = EDGE_CURVE('',#2802,#4361,#6827,.T.);
#6827 = LINE('',#6828,#6829);
#6828 = CARTESIAN_POINT('',(199.743934,-71.856655,0.));
#6829 = VECTOR('',#6830,1.);
#6830 = DIRECTION('',(0.,0.,1.));
#6831 = ORIENTED_EDGE('',*,*,#4360,.T.);
#6832 = ORIENTED_EDGE('',*,*,#6792,.F.);
#6833 = ORIENTED_EDGE('',*,*,#2801,.F.);
#6834 = CYLINDRICAL_SURFACE('',#6835,0.299998582342);
#6835 = AXIS2_PLACEMENT_3D('',#6836,#6837,#6838);
#6836 = CARTESIAN_POINT('',(199.99999858234,-71.70035375535,0.));
#6837 = DIRECTION('',(0.,0.,-1.));
#6838 = DIRECTION('',(-0.853552641289,-0.521006610849,-0.));
#6839 = ADVANCED_FACE('',(#6840),#6851,.T.);
#6840 = FACE_BOUND('',#6841,.T.);
#6841 = EDGE_LOOP('',(#6842,#6843,#6844,#6850));
#6842 = ORIENTED_EDGE('',*,*,#6811,.T.);
#6843 = ORIENTED_EDGE('',*,*,#4464,.T.);
#6844 = ORIENTED_EDGE('',*,*,#6845,.F.);
#6845 = EDGE_CURVE('',#2897,#4456,#6846,.T.);
#6846 = LINE('',#6847,#6848);
#6847 = CARTESIAN_POINT('',(196.943345,-69.456066,0.));
#6848 = VECTOR('',#6849,1.);
#6849 = DIRECTION('',(0.,0.,1.));
#6850 = ORIENTED_EDGE('',*,*,#2905,.F.);
#6851 = CYLINDRICAL_SURFACE('',#6852,0.299998582341);
#6852 = AXIS2_PLACEMENT_3D('',#6853,#6854,#6855);
#6853 = CARTESIAN_POINT('',(197.09964624464,-69.20000141766,0.));
#6854 = DIRECTION('',(0.,0.,-1.));
#6855 = DIRECTION('',(2.517861388613E-06,-0.999999999997,0.));
#6856 = ADVANCED_FACE('',(#6857),#6868,.F.);
#6857 = FACE_BOUND('',#6858,.T.);
#6858 = EDGE_LOOP('',(#6859,#6865,#6866,#6867));
#6859 = ORIENTED_EDGE('',*,*,#6860,.T.);
#6860 = EDGE_CURVE('',#2811,#4370,#6861,.T.);
#6861 = LINE('',#6862,#6863);
#6862 = CARTESIAN_POINT('',(199.056655,-72.543934,0.));
#6863 = VECTOR('',#6864,1.);
#6864 = DIRECTION('',(0.,0.,1.));
#6865 = ORIENTED_EDGE('',*,*,#4369,.T.);
#6866 = ORIENTED_EDGE('',*,*,#6826,.F.);
#6867 = ORIENTED_EDGE('',*,*,#2810,.F.);
#6868 = CYLINDRICAL_SURFACE('',#6869,0.499999603944);
#6869 = AXIS2_PLACEMENT_3D('',#6870,#6871,#6872);
#6870 = CARTESIAN_POINT('',(199.31715788946,-72.11715788946,0.));
#6871 = DIRECTION('',(-0.,-0.,-1.));
#6872 = DIRECTION('',(-0.521006191616,-0.853552897188,0.));
#6873 = ADVANCED_FACE('',(#6874),#6885,.F.);
#6874 = FACE_BOUND('',#6875,.T.);
#6875 = EDGE_LOOP('',(#6876,#6877,#6878,#6884));
#6876 = ORIENTED_EDGE('',*,*,#6845,.T.);
#6877 = ORIENTED_EDGE('',*,*,#4455,.T.);
#6878 = ORIENTED_EDGE('',*,*,#6879,.F.);
#6879 = EDGE_CURVE('',#2888,#4447,#6880,.T.);
#6880 = LINE('',#6881,#6882);
#6881 = CARTESIAN_POINT('',(196.256066,-70.143345,0.));
#6882 = VECTOR('',#6883,1.);
#6883 = DIRECTION('',(0.,0.,1.));
#6884 = ORIENTED_EDGE('',*,*,#2896,.F.);
#6885 = CYLINDRICAL_SURFACE('',#6886,0.499999603944);
#6886 = AXIS2_PLACEMENT_3D('',#6887,#6888,#6889);
#6887 = CARTESIAN_POINT('',(196.68284211054,-69.88284211054,0.));
#6888 = DIRECTION('',(-0.,-0.,-1.));
#6889 = DIRECTION('',(0.521006191616,0.853552897188,-0.));
#6890 = ADVANCED_FACE('',(#6891),#6902,.T.);
#6891 = FACE_BOUND('',#6892,.T.);
#6892 = EDGE_LOOP('',(#6893,#6899,#6900,#6901));
#6893 = ORIENTED_EDGE('',*,*,#6894,.T.);
#6894 = EDGE_CURVE('',#2820,#4379,#6895,.T.);
#6895 = LINE('',#6896,#6897);
#6896 = CARTESIAN_POINT('',(198.900353,-72.5,0.));
#6897 = VECTOR('',#6898,1.);
#6898 = DIRECTION('',(0.,0.,1.));
#6899 = ORIENTED_EDGE('',*,*,#4378,.T.);
#6900 = ORIENTED_EDGE('',*,*,#6860,.F.);
#6901 = ORIENTED_EDGE('',*,*,#2819,.F.);
#6902 = CYLINDRICAL_SURFACE('',#6903,0.299998582341);
#6903 = AXIS2_PLACEMENT_3D('',#6904,#6905,#6906);
#6904 = CARTESIAN_POINT('',(198.90035375535,-72.79999858234,0.));
#6905 = DIRECTION('',(0.,0.,-1.));
#6906 = DIRECTION('',(-2.517861388613E-06,0.999999999997,0.));
#6907 = ADVANCED_FACE('',(#6908),#6919,.T.);
#6908 = FACE_BOUND('',#6909,.T.);
#6909 = EDGE_LOOP('',(#6910,#6911,#6912,#6918));
#6910 = ORIENTED_EDGE('',*,*,#6879,.T.);
#6911 = ORIENTED_EDGE('',*,*,#4446,.T.);
#6912 = ORIENTED_EDGE('',*,*,#6913,.F.);
#6913 = EDGE_CURVE('',#2880,#4439,#6914,.T.);
#6914 = LINE('',#6915,#6916);
#6915 = CARTESIAN_POINT('',(196.3,-70.299647,0.));
#6916 = VECTOR('',#6917,1.);
#6917 = DIRECTION('',(0.,0.,1.));
#6918 = ORIENTED_EDGE('',*,*,#2887,.F.);
#6919 = CYLINDRICAL_SURFACE('',#6920,0.299998582342);
#6920 = AXIS2_PLACEMENT_3D('',#6921,#6922,#6923);
#6921 = CARTESIAN_POINT('',(196.00000141765,-70.29964624464,0.));
#6922 = DIRECTION('',(0.,0.,-1.));
#6923 = DIRECTION('',(0.853552641289,0.521006610849,0.));
#6924 = ADVANCED_FACE('',(#6925),#6936,.T.);
#6925 = FACE_BOUND('',#6926,.T.);
#6926 = EDGE_LOOP('',(#6927,#6933,#6934,#6935));
#6927 = ORIENTED_EDGE('',*,*,#6928,.T.);
#6928 = EDGE_CURVE('',#2829,#4388,#6929,.T.);
#6929 = LINE('',#6930,#6931);
#6930 = CARTESIAN_POINT('',(198.,-72.5,0.));
#6931 = VECTOR('',#6932,1.);
#6932 = DIRECTION('',(0.,0.,1.));
#6933 = ORIENTED_EDGE('',*,*,#4387,.T.);
#6934 = ORIENTED_EDGE('',*,*,#6894,.F.);
#6935 = ORIENTED_EDGE('',*,*,#2828,.F.);
#6936 = PLANE('',#6937);
#6937 = AXIS2_PLACEMENT_3D('',#6938,#6939,#6940);
#6938 = CARTESIAN_POINT('',(198.,-72.5,0.));
#6939 = DIRECTION('',(0.,1.,0.));
#6940 = DIRECTION('',(1.,0.,0.));
#6941 = ADVANCED_FACE('',(#6942),#6953,.T.);
#6942 = FACE_BOUND('',#6943,.T.);
#6943 = EDGE_LOOP('',(#6944,#6945,#6946,#6952));
#6944 = ORIENTED_EDGE('',*,*,#6913,.T.);
#6945 = ORIENTED_EDGE('',*,*,#4438,.T.);
#6946 = ORIENTED_EDGE('',*,*,#6947,.F.);
#6947 = EDGE_CURVE('',#2872,#4431,#6948,.T.);
#6948 = LINE('',#6949,#6950);
#6949 = CARTESIAN_POINT('',(196.3,-71.,0.));
#6950 = VECTOR('',#6951,1.);
#6951 = DIRECTION('',(0.,0.,1.));
#6952 = ORIENTED_EDGE('',*,*,#2879,.F.);
#6953 = PLANE('',#6954);
#6954 = AXIS2_PLACEMENT_3D('',#6955,#6956,#6957);
#6955 = CARTESIAN_POINT('',(196.3,-70.299647,0.));
#6956 = DIRECTION('',(1.,0.,-0.));
#6957 = DIRECTION('',(0.,-1.,0.));
#6958 = ADVANCED_FACE('',(#6959),#6970,.T.);
#6959 = FACE_BOUND('',#6960,.T.);
#6960 = EDGE_LOOP('',(#6961,#6967,#6968,#6969));
#6961 = ORIENTED_EDGE('',*,*,#6962,.T.);
#6962 = EDGE_CURVE('',#2837,#4396,#6963,.T.);
#6963 = LINE('',#6964,#6965);
#6964 = CARTESIAN_POINT('',(197.099647,-72.5,0.));
#6965 = VECTOR('',#6966,1.);
#6966 = DIRECTION('',(0.,0.,1.));
#6967 = ORIENTED_EDGE('',*,*,#4395,.T.);
#6968 = ORIENTED_EDGE('',*,*,#6928,.F.);
#6969 = ORIENTED_EDGE('',*,*,#2836,.F.);
#6970 = PLANE('',#6971);
#6971 = AXIS2_PLACEMENT_3D('',#6972,#6973,#6974);
#6972 = CARTESIAN_POINT('',(197.099647,-72.5,0.));
#6973 = DIRECTION('',(0.,1.,0.));
#6974 = DIRECTION('',(1.,0.,0.));
#6975 = ADVANCED_FACE('',(#6976),#6987,.T.);
#6976 = FACE_BOUND('',#6977,.T.);
#6977 = EDGE_LOOP('',(#6978,#6979,#6980,#6986));
#6978 = ORIENTED_EDGE('',*,*,#6947,.T.);
#6979 = ORIENTED_EDGE('',*,*,#4430,.T.);
#6980 = ORIENTED_EDGE('',*,*,#6981,.F.);
#6981 = EDGE_CURVE('',#2863,#4422,#6982,.T.);
#6982 = LINE('',#6983,#6984);
#6983 = CARTESIAN_POINT('',(196.3,-71.700353,0.));
#6984 = VECTOR('',#6985,1.);
#6985 = DIRECTION('',(0.,0.,1.));
#6986 = ORIENTED_EDGE('',*,*,#2871,.F.);
#6987 = PLANE('',#6988);
#6988 = AXIS2_PLACEMENT_3D('',#6989,#6990,#6991);
#6989 = CARTESIAN_POINT('',(196.3,-71.,0.));
#6990 = DIRECTION('',(1.,0.,-0.));
#6991 = DIRECTION('',(0.,-1.,0.));
#6992 = ADVANCED_FACE('',(#6993),#7004,.T.);
#6993 = FACE_BOUND('',#6994,.T.);
#6994 = EDGE_LOOP('',(#6995,#7001,#7002,#7003));
#6995 = ORIENTED_EDGE('',*,*,#6996,.T.);
#6996 = EDGE_CURVE('',#2845,#4404,#6997,.T.);
#6997 = LINE('',#6998,#6999);
#6998 = CARTESIAN_POINT('',(196.943345,-72.543934,0.));
#6999 = VECTOR('',#7000,1.);
#7000 = DIRECTION('',(0.,0.,1.));
#7001 = ORIENTED_EDGE('',*,*,#4403,.T.);
#7002 = ORIENTED_EDGE('',*,*,#6962,.F.);
#7003 = ORIENTED_EDGE('',*,*,#2844,.F.);
#7004 = CYLINDRICAL_SURFACE('',#7005,0.299998582341);
#7005 = AXIS2_PLACEMENT_3D('',#7006,#7007,#7008);
#7006 = CARTESIAN_POINT('',(197.09964624464,-72.79999858234,0.));
#7007 = DIRECTION('',(0.,0.,-1.));
#7008 = DIRECTION('',(-0.52100661085,0.853552641289,0.));
#7009 = ADVANCED_FACE('',(#7010),#7021,.T.);
#7010 = FACE_BOUND('',#7011,.T.);
#7011 = EDGE_LOOP('',(#7012,#7013,#7014,#7020));
#7012 = ORIENTED_EDGE('',*,*,#6981,.T.);
#7013 = ORIENTED_EDGE('',*,*,#4421,.T.);
#7014 = ORIENTED_EDGE('',*,*,#7015,.F.);
#7015 = EDGE_CURVE('',#2854,#4413,#7016,.T.);
#7016 = LINE('',#7017,#7018);
#7017 = CARTESIAN_POINT('',(196.256066,-71.856655,0.));
#7018 = VECTOR('',#7019,1.);
#7019 = DIRECTION('',(0.,0.,1.));
#7020 = ORIENTED_EDGE('',*,*,#2862,.F.);
#7021 = CYLINDRICAL_SURFACE('',#7022,0.299998582342);
#7022 = AXIS2_PLACEMENT_3D('',#7023,#7024,#7025);
#7023 = CARTESIAN_POINT('',(196.00000141765,-71.70035375535,0.));
#7024 = DIRECTION('',(0.,0.,-1.));
#7025 = DIRECTION('',(0.999999999997,2.517860820172E-06,0.));
#7026 = ADVANCED_FACE('',(#7027),#7033,.F.);
#7027 = FACE_BOUND('',#7028,.T.);
#7028 = EDGE_LOOP('',(#7029,#7030,#7031,#7032));
#7029 = ORIENTED_EDGE('',*,*,#7015,.T.);
#7030 = ORIENTED_EDGE('',*,*,#4412,.T.);
#7031 = ORIENTED_EDGE('',*,*,#6996,.F.);
#7032 = ORIENTED_EDGE('',*,*,#2853,.F.);
#7033 = CYLINDRICAL_SURFACE('',#7034,0.499999603944);
#7034 = AXIS2_PLACEMENT_3D('',#7035,#7036,#7037);
#7035 = CARTESIAN_POINT('',(196.68284211054,-72.11715788946,0.));
#7036 = DIRECTION('',(-0.,-0.,-1.));
#7037 = DIRECTION('',(-0.853552897188,0.521006191616,0.));
#7038 = ADVANCED_FACE('',(#7039),#7050,.F.);
#7039 = FACE_BOUND('',#7040,.T.);
#7040 = EDGE_LOOP('',(#7041,#7042,#7048,#7049));
#7041 = ORIENTED_EDGE('',*,*,#2939,.T.);
#7042 = ORIENTED_EDGE('',*,*,#7043,.T.);
#7043 = EDGE_CURVE('',#2940,#4499,#7044,.T.);
#7044 = LINE('',#7045,#7046);
#7045 = CARTESIAN_POINT('',(196.,-66.375,-4.6E-02));
#7046 = VECTOR('',#7047,1.);
#7047 = DIRECTION('',(0.,0.,1.));
#7048 = ORIENTED_EDGE('',*,*,#4498,.F.);
#7049 = ORIENTED_EDGE('',*,*,#7043,.F.);
#7050 = CYLINDRICAL_SURFACE('',#7051,0.5);
#7051 = AXIS2_PLACEMENT_3D('',#7052,#7053,#7054);
#7052 = CARTESIAN_POINT('',(196.,-65.875,-4.6E-02));
#7053 = DIRECTION('',(-0.,-0.,-1.));
#7054 = DIRECTION('',(-0.,-1.,0.));
#7055 = ADVANCED_FACE('',(#7056),#7067,.F.);
#7056 = FACE_BOUND('',#7057,.T.);
#7057 = EDGE_LOOP('',(#7058,#7059,#7065,#7066));
#7058 = ORIENTED_EDGE('',*,*,#2950,.T.);
#7059 = ORIENTED_EDGE('',*,*,#7060,.T.);
#7060 = EDGE_CURVE('',#2951,#4510,#7061,.T.);
#7061 = LINE('',#7062,#7063);
#7062 = CARTESIAN_POINT('',(201.,-66.375,-4.6E-02));
#7063 = VECTOR('',#7064,1.);
#7064 = DIRECTION('',(0.,0.,1.));
#7065 = ORIENTED_EDGE('',*,*,#4509,.F.);
#7066 = ORIENTED_EDGE('',*,*,#7060,.F.);
#7067 = CYLINDRICAL_SURFACE('',#7068,0.5);
#7068 = AXIS2_PLACEMENT_3D('',#7069,#7070,#7071);
#7069 = CARTESIAN_POINT('',(201.,-65.875,-4.6E-02));
#7070 = DIRECTION('',(-0.,-0.,-1.));
#7071 = DIRECTION('',(-0.,-1.,0.));
#7072 = ADVANCED_FACE('',(#7073),#7084,.F.);
#7073 = FACE_BOUND('',#7074,.T.);
#7074 = EDGE_LOOP('',(#7075,#7076,#7082,#7083));
#7075 = ORIENTED_EDGE('',*,*,#2961,.T.);
#7076 = ORIENTED_EDGE('',*,*,#7077,.T.);
#7077 = EDGE_CURVE('',#2962,#4521,#7078,.T.);
#7078 = LINE('',#7079,#7080);
#7079 = CARTESIAN_POINT('',(152.42,-59.85,-4.6E-02));
#7080 = VECTOR('',#7081,1.);
#7081 = DIRECTION('',(0.,0.,1.));
#7082 = ORIENTED_EDGE('',*,*,#4520,.F.);
#7083 = ORIENTED_EDGE('',*,*,#7077,.F.);
#7084 = CYLINDRICAL_SURFACE('',#7085,0.85);
#7085 = AXIS2_PLACEMENT_3D('',#7086,#7087,#7088);
#7086 = CARTESIAN_POINT('',(152.42,-59.,-4.6E-02));
#7087 = DIRECTION('',(-0.,-0.,-1.));
#7088 = DIRECTION('',(-3.343730521224E-14,-1.,0.));
#7089 = ADVANCED_FACE('',(#7090),#7101,.F.);
#7090 = FACE_BOUND('',#7091,.T.);
#7091 = EDGE_LOOP('',(#7092,#7093,#7099,#7100));
#7092 = ORIENTED_EDGE('',*,*,#2972,.T.);
#7093 = ORIENTED_EDGE('',*,*,#7094,.T.);
#7094 = EDGE_CURVE('',#2973,#4532,#7095,.T.);
#7095 = LINE('',#7096,#7097);
#7096 = CARTESIAN_POINT('',(153.69,-57.21,-4.6E-02));
#7097 = VECTOR('',#7098,1.);
#7098 = DIRECTION('',(0.,0.,1.));
#7099 = ORIENTED_EDGE('',*,*,#4531,.F.);
#7100 = ORIENTED_EDGE('',*,*,#7094,.F.);
#7101 = CYLINDRICAL_SURFACE('',#7102,0.75);
#7102 = AXIS2_PLACEMENT_3D('',#7103,#7104,#7105);
#7103 = CARTESIAN_POINT('',(153.69,-56.46,-4.6E-02));
#7104 = DIRECTION('',(-0.,-0.,-1.));
#7105 = DIRECTION('',(-0.,-1.,0.));
#7106 = ADVANCED_FACE('',(#7107),#7118,.F.);
#7107 = FACE_BOUND('',#7108,.T.);
#7108 = EDGE_LOOP('',(#7109,#7110,#7116,#7117));
#7109 = ORIENTED_EDGE('',*,*,#2983,.T.);
#7110 = ORIENTED_EDGE('',*,*,#7111,.T.);
#7111 = EDGE_CURVE('',#2984,#4543,#7112,.T.);
#7112 = LINE('',#7113,#7114);
#7113 = CARTESIAN_POINT('',(157.5,-61.,-4.6E-02));
#7114 = VECTOR('',#7115,1.);
#7115 = DIRECTION('',(0.,0.,1.));
#7116 = ORIENTED_EDGE('',*,*,#4542,.F.);
#7117 = ORIENTED_EDGE('',*,*,#7111,.F.);
#7118 = CYLINDRICAL_SURFACE('',#7119,2.);
#7119 = AXIS2_PLACEMENT_3D('',#7120,#7121,#7122);
#7120 = CARTESIAN_POINT('',(157.5,-59.,-4.6E-02));
#7121 = DIRECTION('',(-0.,-0.,-1.));
#7122 = DIRECTION('',(-0.,-1.,0.));
#7123 = ADVANCED_FACE('',(#7124),#7135,.F.);
#7124 = FACE_BOUND('',#7125,.T.);
#7125 = EDGE_LOOP('',(#7126,#7127,#7133,#7134));
#7126 = ORIENTED_EDGE('',*,*,#2994,.T.);
#7127 = ORIENTED_EDGE('',*,*,#7128,.T.);
#7128 = EDGE_CURVE('',#2995,#4554,#7129,.T.);
#7129 = LINE('',#7130,#7131);
#7130 = CARTESIAN_POINT('',(162.58,-59.85,-4.6E-02));
#7131 = VECTOR('',#7132,1.);
#7132 = DIRECTION('',(0.,0.,1.));
#7133 = ORIENTED_EDGE('',*,*,#4553,.F.);
#7134 = ORIENTED_EDGE('',*,*,#7128,.F.);
#7135 = CYLINDRICAL_SURFACE('',#7136,0.85);
#7136 = AXIS2_PLACEMENT_3D('',#7137,#7138,#7139);
#7137 = CARTESIAN_POINT('',(162.58,-59.,-4.6E-02));
#7138 = DIRECTION('',(-0.,0.,-1.));
#7139 = DIRECTION('',(3.343730521224E-14,-1.,-0.));
#7140 = ADVANCED_FACE('',(#7141),#7152,.F.);
#7141 = FACE_BOUND('',#7142,.T.);
#7142 = EDGE_LOOP('',(#7143,#7144,#7150,#7151));
#7143 = ORIENTED_EDGE('',*,*,#3005,.T.);
#7144 = ORIENTED_EDGE('',*,*,#7145,.T.);
#7145 = EDGE_CURVE('',#3006,#4565,#7146,.T.);
#7146 = LINE('',#7147,#7148);
#7147 = CARTESIAN_POINT('',(160.04,-54.67,-4.6E-02));
#7148 = VECTOR('',#7149,1.);
#7149 = DIRECTION('',(0.,0.,1.));
#7150 = ORIENTED_EDGE('',*,*,#4564,.F.);
#7151 = ORIENTED_EDGE('',*,*,#7145,.F.);
#7152 = CYLINDRICAL_SURFACE('',#7153,0.75);
#7153 = AXIS2_PLACEMENT_3D('',#7154,#7155,#7156);
#7154 = CARTESIAN_POINT('',(160.04,-53.92,-4.6E-02));
#7155 = DIRECTION('',(-0.,-0.,-1.));
#7156 = DIRECTION('',(-0.,-1.,0.));
#7157 = ADVANCED_FACE('',(#7158),#7169,.F.);
#7158 = FACE_BOUND('',#7159,.T.);
#7159 = EDGE_LOOP('',(#7160,#7161,#7167,#7168));
#7160 = ORIENTED_EDGE('',*,*,#3016,.T.);
#7161 = ORIENTED_EDGE('',*,*,#7162,.T.);
#7162 = EDGE_CURVE('',#3017,#4576,#7163,.T.);
#7163 = LINE('',#7164,#7165);
#7164 = CARTESIAN_POINT('',(171.42,-59.85,-4.6E-02));
#7165 = VECTOR('',#7166,1.);
#7166 = DIRECTION('',(0.,0.,1.));
#7167 = ORIENTED_EDGE('',*,*,#4575,.F.);
#7168 = ORIENTED_EDGE('',*,*,#7162,.F.);
#7169 = CYLINDRICAL_SURFACE('',#7170,0.85);
#7170 = AXIS2_PLACEMENT_3D('',#7171,#7172,#7173);
#7171 = CARTESIAN_POINT('',(171.42,-59.,-4.6E-02));
#7172 = DIRECTION('',(-0.,-0.,-1.));
#7173 = DIRECTION('',(-3.343730521224E-14,-1.,0.));
#7174 = ADVANCED_FACE('',(#7175),#7186,.F.);
#7175 = FACE_BOUND('',#7176,.T.);
#7176 = EDGE_LOOP('',(#7177,#7178,#7184,#7185));
#7177 = ORIENTED_EDGE('',*,*,#3027,.T.);
#7178 = ORIENTED_EDGE('',*,*,#7179,.T.);
#7179 = EDGE_CURVE('',#3028,#4587,#7180,.T.);
#7180 = LINE('',#7181,#7182);
#7181 = CARTESIAN_POINT('',(172.69,-57.21,-4.6E-02));
#7182 = VECTOR('',#7183,1.);
#7183 = DIRECTION('',(0.,0.,1.));
#7184 = ORIENTED_EDGE('',*,*,#4586,.F.);
#7185 = ORIENTED_EDGE('',*,*,#7179,.F.);
#7186 = CYLINDRICAL_SURFACE('',#7187,0.75);
#7187 = AXIS2_PLACEMENT_3D('',#7188,#7189,#7190);
#7188 = CARTESIAN_POINT('',(172.69,-56.46,-4.6E-02));
#7189 = DIRECTION('',(-0.,-0.,-1.));
#7190 = DIRECTION('',(-0.,-1.,0.));
#7191 = ADVANCED_FACE('',(#7192),#7203,.F.);
#7192 = FACE_BOUND('',#7193,.T.);
#7193 = EDGE_LOOP('',(#7194,#7195,#7201,#7202));
#7194 = ORIENTED_EDGE('',*,*,#3038,.T.);
#7195 = ORIENTED_EDGE('',*,*,#7196,.T.);
#7196 = EDGE_CURVE('',#3039,#4598,#7197,.T.);
#7197 = LINE('',#7198,#7199);
#7198 = CARTESIAN_POINT('',(176.5,-61.,-4.6E-02));
#7199 = VECTOR('',#7200,1.);
#7200 = DIRECTION('',(0.,0.,1.));
#7201 = ORIENTED_EDGE('',*,*,#4597,.F.);
#7202 = ORIENTED_EDGE('',*,*,#7196,.F.);
#7203 = CYLINDRICAL_SURFACE('',#7204,2.);
#7204 = AXIS2_PLACEMENT_3D('',#7205,#7206,#7207);
#7205 = CARTESIAN_POINT('',(176.5,-59.,-4.6E-02));
#7206 = DIRECTION('',(-0.,-0.,-1.));
#7207 = DIRECTION('',(-0.,-1.,0.));
#7208 = ADVANCED_FACE('',(#7209),#7220,.F.);
#7209 = FACE_BOUND('',#7210,.T.);
#7210 = EDGE_LOOP('',(#7211,#7212,#7218,#7219));
#7211 = ORIENTED_EDGE('',*,*,#3049,.T.);
#7212 = ORIENTED_EDGE('',*,*,#7213,.T.);
#7213 = EDGE_CURVE('',#3050,#4609,#7214,.T.);
#7214 = LINE('',#7215,#7216);
#7215 = CARTESIAN_POINT('',(149.5,-42.81,-4.6E-02));
#7216 = VECTOR('',#7217,1.);
#7217 = DIRECTION('',(0.,0.,1.));
#7218 = ORIENTED_EDGE('',*,*,#4608,.F.);
#7219 = ORIENTED_EDGE('',*,*,#7213,.F.);
#7220 = CYLINDRICAL_SURFACE('',#7221,0.5);
#7221 = AXIS2_PLACEMENT_3D('',#7222,#7223,#7224);
#7222 = CARTESIAN_POINT('',(149.5,-42.31,-4.6E-02));
#7223 = DIRECTION('',(-0.,-0.,-1.));
#7224 = DIRECTION('',(-0.,-1.,0.));
#7225 = ADVANCED_FACE('',(#7226),#7237,.F.);
#7226 = FACE_BOUND('',#7227,.T.);
#7227 = EDGE_LOOP('',(#7228,#7229,#7235,#7236));
#7228 = ORIENTED_EDGE('',*,*,#3060,.T.);
#7229 = ORIENTED_EDGE('',*,*,#7230,.T.);
#7230 = EDGE_CURVE('',#3061,#4620,#7231,.T.);
#7231 = LINE('',#7232,#7233);
#7232 = CARTESIAN_POINT('',(149.5,-40.27,-4.6E-02));
#7233 = VECTOR('',#7234,1.);
#7234 = DIRECTION('',(0.,0.,1.));
#7235 = ORIENTED_EDGE('',*,*,#4619,.F.);
#7236 = ORIENTED_EDGE('',*,*,#7230,.F.);
#7237 = CYLINDRICAL_SURFACE('',#7238,0.5);
#7238 = AXIS2_PLACEMENT_3D('',#7239,#7240,#7241);
#7239 = CARTESIAN_POINT('',(149.5,-39.77,-4.6E-02));
#7240 = DIRECTION('',(-0.,-0.,-1.));
#7241 = DIRECTION('',(-0.,-1.,0.));
#7242 = ADVANCED_FACE('',(#7243),#7254,.F.);
#7243 = FACE_BOUND('',#7244,.T.);
#7244 = EDGE_LOOP('',(#7245,#7246,#7252,#7253));
#7245 = ORIENTED_EDGE('',*,*,#3071,.T.);
#7246 = ORIENTED_EDGE('',*,*,#7247,.T.);
#7247 = EDGE_CURVE('',#3072,#4631,#7248,.T.);
#7248 = LINE('',#7249,#7250);
#7249 = CARTESIAN_POINT('',(149.5,-37.73,-4.6E-02));
#7250 = VECTOR('',#7251,1.);
#7251 = DIRECTION('',(0.,0.,1.));
#7252 = ORIENTED_EDGE('',*,*,#4630,.F.);
#7253 = ORIENTED_EDGE('',*,*,#7247,.F.);
#7254 = CYLINDRICAL_SURFACE('',#7255,0.5);
#7255 = AXIS2_PLACEMENT_3D('',#7256,#7257,#7258);
#7256 = CARTESIAN_POINT('',(149.5,-37.23,-4.6E-02));
#7257 = DIRECTION('',(-0.,-0.,-1.));
#7258 = DIRECTION('',(-0.,-1.,0.));
#7259 = ADVANCED_FACE('',(#7260),#7271,.F.);
#7260 = FACE_BOUND('',#7261,.T.);
#7261 = EDGE_LOOP('',(#7262,#7263,#7269,#7270));
#7262 = ORIENTED_EDGE('',*,*,#3082,.T.);
#7263 = ORIENTED_EDGE('',*,*,#7264,.T.);
#7264 = EDGE_CURVE('',#3083,#4642,#7265,.T.);
#7265 = LINE('',#7266,#7267);
#7266 = CARTESIAN_POINT('',(149.5,-35.19,-4.6E-02));
#7267 = VECTOR('',#7268,1.);
#7268 = DIRECTION('',(0.,0.,1.));
#7269 = ORIENTED_EDGE('',*,*,#4641,.F.);
#7270 = ORIENTED_EDGE('',*,*,#7264,.F.);
#7271 = CYLINDRICAL_SURFACE('',#7272,0.5);
#7272 = AXIS2_PLACEMENT_3D('',#7273,#7274,#7275);
#7273 = CARTESIAN_POINT('',(149.5,-34.69,-4.6E-02));
#7274 = DIRECTION('',(-0.,-0.,-1.));
#7275 = DIRECTION('',(-0.,-1.,0.));
#7276 = ADVANCED_FACE('',(#7277),#7288,.F.);
#7277 = FACE_BOUND('',#7278,.T.);
#7278 = EDGE_LOOP('',(#7279,#7280,#7286,#7287));
#7279 = ORIENTED_EDGE('',*,*,#3093,.T.);
#7280 = ORIENTED_EDGE('',*,*,#7281,.T.);
#7281 = EDGE_CURVE('',#3094,#4653,#7282,.T.);
#7282 = LINE('',#7283,#7284);
#7283 = CARTESIAN_POINT('',(181.58,-59.85,-4.6E-02));
#7284 = VECTOR('',#7285,1.);
#7285 = DIRECTION('',(0.,0.,1.));
#7286 = ORIENTED_EDGE('',*,*,#4652,.F.);
#7287 = ORIENTED_EDGE('',*,*,#7281,.F.);
#7288 = CYLINDRICAL_SURFACE('',#7289,0.85);
#7289 = AXIS2_PLACEMENT_3D('',#7290,#7291,#7292);
#7290 = CARTESIAN_POINT('',(181.58,-59.,-4.6E-02));
#7291 = DIRECTION('',(-0.,0.,-1.));
#7292 = DIRECTION('',(3.343730521224E-14,-1.,-0.));
#7293 = ADVANCED_FACE('',(#7294),#7310,.F.);
#7294 = FACE_BOUND('',#7295,.T.);
#7295 = EDGE_LOOP('',(#7296,#7297,#7303,#7304));
#7296 = ORIENTED_EDGE('',*,*,#3104,.T.);
#7297 = ORIENTED_EDGE('',*,*,#7298,.T.);
#7298 = EDGE_CURVE('',#3107,#4666,#7299,.T.);
#7299 = LINE('',#7300,#7301);
#7300 = CARTESIAN_POINT('',(192.15,-59.525,-4.6E-02));
#7301 = VECTOR('',#7302,1.);
#7302 = DIRECTION('',(0.,0.,1.));
#7303 = ORIENTED_EDGE('',*,*,#4663,.F.);
#7304 = ORIENTED_EDGE('',*,*,#7305,.F.);
#7305 = EDGE_CURVE('',#3105,#4664,#7306,.T.);
#7306 = LINE('',#7307,#7308);
#7307 = CARTESIAN_POINT('',(193.65,-59.525,-4.6E-02));
#7308 = VECTOR('',#7309,1.);
#7309 = DIRECTION('',(0.,0.,1.));
#7310 = CYLINDRICAL_SURFACE('',#7311,0.75);
#7311 = AXIS2_PLACEMENT_3D('',#7312,#7313,#7314);
#7312 = CARTESIAN_POINT('',(192.9,-59.525,-4.6E-02));
#7313 = DIRECTION('',(-0.,-0.,-1.));
#7314 = DIRECTION('',(-1.,0.,-0.));
#7315 = ADVANCED_FACE('',(#7316),#7327,.T.);
#7316 = FACE_BOUND('',#7317,.T.);
#7317 = EDGE_LOOP('',(#7318,#7319,#7320,#7321));
#7318 = ORIENTED_EDGE('',*,*,#3132,.T.);
#7319 = ORIENTED_EDGE('',*,*,#7305,.T.);
#7320 = ORIENTED_EDGE('',*,*,#4691,.F.);
#7321 = ORIENTED_EDGE('',*,*,#7322,.F.);
#7322 = EDGE_CURVE('',#3124,#4683,#7323,.T.);
#7323 = LINE('',#7324,#7325);
#7324 = CARTESIAN_POINT('',(193.65,-58.225,-4.6E-02));
#7325 = VECTOR('',#7326,1.);
#7326 = DIRECTION('',(0.,0.,1.));
#7327 = PLANE('',#7328);
#7328 = AXIS2_PLACEMENT_3D('',#7329,#7330,#7331);
#7329 = CARTESIAN_POINT('',(193.65,-59.525,-4.6E-02));
#7330 = DIRECTION('',(-1.,0.,0.));
#7331 = DIRECTION('',(0.,1.,0.));
#7332 = ADVANCED_FACE('',(#7333),#7344,.F.);
#7333 = FACE_BOUND('',#7334,.T.);
#7334 = EDGE_LOOP('',(#7335,#7336,#7337,#7338));
#7335 = ORIENTED_EDGE('',*,*,#3123,.T.);
#7336 = ORIENTED_EDGE('',*,*,#7322,.T.);
#7337 = ORIENTED_EDGE('',*,*,#4682,.F.);
#7338 = ORIENTED_EDGE('',*,*,#7339,.F.);
#7339 = EDGE_CURVE('',#3116,#4675,#7340,.T.);
#7340 = LINE('',#7341,#7342);
#7341 = CARTESIAN_POINT('',(192.15,-58.225,-4.6E-02));
#7342 = VECTOR('',#7343,1.);
#7343 = DIRECTION('',(0.,0.,1.));
#7344 = CYLINDRICAL_SURFACE('',#7345,0.75);
#7345 = AXIS2_PLACEMENT_3D('',#7346,#7347,#7348);
#7346 = CARTESIAN_POINT('',(192.9,-58.225,-4.6E-02));
#7347 = DIRECTION('',(-0.,-0.,-1.));
#7348 = DIRECTION('',(1.,0.,-0.));
#7349 = ADVANCED_FACE('',(#7350),#7356,.T.);
#7350 = FACE_BOUND('',#7351,.T.);
#7351 = EDGE_LOOP('',(#7352,#7353,#7354,#7355));
#7352 = ORIENTED_EDGE('',*,*,#3115,.T.);
#7353 = ORIENTED_EDGE('',*,*,#7339,.T.);
#7354 = ORIENTED_EDGE('',*,*,#4674,.F.);
#7355 = ORIENTED_EDGE('',*,*,#7298,.F.);
#7356 = PLANE('',#7357);
#7357 = AXIS2_PLACEMENT_3D('',#7358,#7359,#7360);
#7358 = CARTESIAN_POINT('',(192.15,-58.225,-4.6E-02));
#7359 = DIRECTION('',(1.,0.,-0.));
#7360 = DIRECTION('',(0.,-1.,0.));
#7361 = ADVANCED_FACE('',(#7362),#7373,.F.);
#7362 = FACE_BOUND('',#7363,.T.);
#7363 = EDGE_LOOP('',(#7364,#7365,#7371,#7372));
#7364 = ORIENTED_EDGE('',*,*,#3140,.T.);
#7365 = ORIENTED_EDGE('',*,*,#7366,.T.);
#7366 = EDGE_CURVE('',#3141,#4700,#7367,.T.);
#7367 = LINE('',#7368,#7369);
#7368 = CARTESIAN_POINT('',(179.04,-54.67,-4.6E-02));
#7369 = VECTOR('',#7370,1.);
#7370 = DIRECTION('',(0.,0.,1.));
#7371 = ORIENTED_EDGE('',*,*,#4699,.F.);
#7372 = ORIENTED_EDGE('',*,*,#7366,.F.);
#7373 = CYLINDRICAL_SURFACE('',#7374,0.75);
#7374 = AXIS2_PLACEMENT_3D('',#7375,#7376,#7377);
#7375 = CARTESIAN_POINT('',(179.04,-53.92,-4.6E-02));
#7376 = DIRECTION('',(-0.,-0.,-1.));
#7377 = DIRECTION('',(-0.,-1.,0.));
#7378 = ADVANCED_FACE('',(#7379),#7395,.F.);
#7379 = FACE_BOUND('',#7380,.T.);
#7380 = EDGE_LOOP('',(#7381,#7382,#7388,#7389));
#7381 = ORIENTED_EDGE('',*,*,#3151,.T.);
#7382 = ORIENTED_EDGE('',*,*,#7383,.T.);
#7383 = EDGE_CURVE('',#3154,#4713,#7384,.T.);
#7384 = LINE('',#7385,#7386);
#7385 = CARTESIAN_POINT('',(203.35,-59.525,-4.6E-02));
#7386 = VECTOR('',#7387,1.);
#7387 = DIRECTION('',(0.,0.,1.));
#7388 = ORIENTED_EDGE('',*,*,#4710,.F.);
#7389 = ORIENTED_EDGE('',*,*,#7390,.F.);
#7390 = EDGE_CURVE('',#3152,#4711,#7391,.T.);
#7391 = LINE('',#7392,#7393);
#7392 = CARTESIAN_POINT('',(204.85,-59.525,-4.6E-02));
#7393 = VECTOR('',#7394,1.);
#7394 = DIRECTION('',(0.,0.,1.));
#7395 = CYLINDRICAL_SURFACE('',#7396,0.75);
#7396 = AXIS2_PLACEMENT_3D('',#7397,#7398,#7399);
#7397 = CARTESIAN_POINT('',(204.1,-59.525,-4.6E-02));
#7398 = DIRECTION('',(-0.,-0.,-1.));
#7399 = DIRECTION('',(-1.,0.,-0.));
#7400 = ADVANCED_FACE('',(#7401),#7412,.T.);
#7401 = FACE_BOUND('',#7402,.T.);
#7402 = EDGE_LOOP('',(#7403,#7404,#7405,#7406));
#7403 = ORIENTED_EDGE('',*,*,#3179,.T.);
#7404 = ORIENTED_EDGE('',*,*,#7390,.T.);
#7405 = ORIENTED_EDGE('',*,*,#4738,.F.);
#7406 = ORIENTED_EDGE('',*,*,#7407,.F.);
#7407 = EDGE_CURVE('',#3171,#4730,#7408,.T.);
#7408 = LINE('',#7409,#7410);
#7409 = CARTESIAN_POINT('',(204.85,-58.225,-4.6E-02));
#7410 = VECTOR('',#7411,1.);
#7411 = DIRECTION('',(0.,0.,1.));
#7412 = PLANE('',#7413);
#7413 = AXIS2_PLACEMENT_3D('',#7414,#7415,#7416);
#7414 = CARTESIAN_POINT('',(204.85,-59.525,-4.6E-02));
#7415 = DIRECTION('',(-1.,0.,0.));
#7416 = DIRECTION('',(0.,1.,0.));
#7417 = ADVANCED_FACE('',(#7418),#7429,.F.);
#7418 = FACE_BOUND('',#7419,.T.);
#7419 = EDGE_LOOP('',(#7420,#7421,#7422,#7423));
#7420 = ORIENTED_EDGE('',*,*,#3170,.T.);
#7421 = ORIENTED_EDGE('',*,*,#7407,.T.);
#7422 = ORIENTED_EDGE('',*,*,#4729,.F.);
#7423 = ORIENTED_EDGE('',*,*,#7424,.F.);
#7424 = EDGE_CURVE('',#3163,#4722,#7425,.T.);
#7425 = LINE('',#7426,#7427);
#7426 = CARTESIAN_POINT('',(203.35,-58.225,-4.6E-02));
#7427 = VECTOR('',#7428,1.);
#7428 = DIRECTION('',(0.,0.,1.));
#7429 = CYLINDRICAL_SURFACE('',#7430,0.75);
#7430 = AXIS2_PLACEMENT_3D('',#7431,#7432,#7433);
#7431 = CARTESIAN_POINT('',(204.1,-58.225,-4.6E-02));
#7432 = DIRECTION('',(-0.,-0.,-1.));
#7433 = DIRECTION('',(1.,0.,-0.));
#7434 = ADVANCED_FACE('',(#7435),#7441,.T.);
#7435 = FACE_BOUND('',#7436,.T.);
#7436 = EDGE_LOOP('',(#7437,#7438,#7439,#7440));
#7437 = ORIENTED_EDGE('',*,*,#3162,.T.);
#7438 = ORIENTED_EDGE('',*,*,#7424,.T.);
#7439 = ORIENTED_EDGE('',*,*,#4721,.F.);
#7440 = ORIENTED_EDGE('',*,*,#7383,.F.);
#7441 = PLANE('',#7442);
#7442 = AXIS2_PLACEMENT_3D('',#7443,#7444,#7445);
#7443 = CARTESIAN_POINT('',(203.35,-58.225,-4.6E-02));
#7444 = DIRECTION('',(1.,0.,-0.));
#7445 = DIRECTION('',(0.,-1.,0.));
#7446 = ADVANCED_FACE('',(#7447),#7458,.F.);
#7447 = FACE_BOUND('',#7448,.T.);
#7448 = EDGE_LOOP('',(#7449,#7450,#7456,#7457));
#7449 = ORIENTED_EDGE('',*,*,#3187,.T.);
#7450 = ORIENTED_EDGE('',*,*,#7451,.T.);
#7451 = EDGE_CURVE('',#3188,#4747,#7452,.T.);
#7452 = LINE('',#7453,#7454);
#7453 = CARTESIAN_POINT('',(196.,-51.875,-4.6E-02));
#7454 = VECTOR('',#7455,1.);
#7455 = DIRECTION('',(0.,0.,1.));
#7456 = ORIENTED_EDGE('',*,*,#4746,.F.);
#7457 = ORIENTED_EDGE('',*,*,#7451,.F.);
#7458 = CYLINDRICAL_SURFACE('',#7459,0.5);
#7459 = AXIS2_PLACEMENT_3D('',#7460,#7461,#7462);
#7460 = CARTESIAN_POINT('',(196.,-51.375,-4.6E-02));
#7461 = DIRECTION('',(-0.,-0.,-1.));
#7462 = DIRECTION('',(-0.,-1.,0.));
#7463 = ADVANCED_FACE('',(#7464),#7475,.F.);
#7464 = FACE_BOUND('',#7465,.T.);
#7465 = EDGE_LOOP('',(#7466,#7467,#7473,#7474));
#7466 = ORIENTED_EDGE('',*,*,#3198,.T.);
#7467 = ORIENTED_EDGE('',*,*,#7468,.T.);
#7468 = EDGE_CURVE('',#3199,#4758,#7469,.T.);
#7469 = LINE('',#7470,#7471);
#7470 = CARTESIAN_POINT('',(198.5,-51.875,-4.6E-02));
#7471 = VECTOR('',#7472,1.);
#7472 = DIRECTION('',(0.,0.,1.));
#7473 = ORIENTED_EDGE('',*,*,#4757,.F.);
#7474 = ORIENTED_EDGE('',*,*,#7468,.F.);
#7475 = CYLINDRICAL_SURFACE('',#7476,0.5);
#7476 = AXIS2_PLACEMENT_3D('',#7477,#7478,#7479);
#7477 = CARTESIAN_POINT('',(198.5,-51.375,-4.6E-02));
#7478 = DIRECTION('',(-0.,-0.,-1.));
#7479 = DIRECTION('',(-0.,-1.,0.));
#7480 = ADVANCED_FACE('',(#7481),#7492,.F.);
#7481 = FACE_BOUND('',#7482,.T.);
#7482 = EDGE_LOOP('',(#7483,#7484,#7490,#7491));
#7483 = ORIENTED_EDGE('',*,*,#3209,.T.);
#7484 = ORIENTED_EDGE('',*,*,#7485,.T.);
#7485 = EDGE_CURVE('',#3210,#4769,#7486,.T.);
#7486 = LINE('',#7487,#7488);
#7487 = CARTESIAN_POINT('',(201.,-51.875,-4.6E-02));
#7488 = VECTOR('',#7489,1.);
#7489 = DIRECTION('',(0.,0.,1.));
#7490 = ORIENTED_EDGE('',*,*,#4768,.F.);
#7491 = ORIENTED_EDGE('',*,*,#7485,.F.);
#7492 = CYLINDRICAL_SURFACE('',#7493,0.5);
#7493 = AXIS2_PLACEMENT_3D('',#7494,#7495,#7496);
#7494 = CARTESIAN_POINT('',(201.,-51.375,-4.6E-02));
#7495 = DIRECTION('',(-0.,-0.,-1.));
#7496 = DIRECTION('',(-0.,-1.,0.));
#7497 = ADVANCED_FACE('',(#7498),#7509,.F.);
#7498 = FACE_BOUND('',#7499,.T.);
#7499 = EDGE_LOOP('',(#7500,#7501,#7507,#7508));
#7500 = ORIENTED_EDGE('',*,*,#3220,.T.);
#7501 = ORIENTED_EDGE('',*,*,#7502,.T.);
#7502 = EDGE_CURVE('',#3221,#4780,#7503,.T.);
#7503 = LINE('',#7504,#7505);
#7504 = CARTESIAN_POINT('',(191.875,-46.12,-4.6E-02));
#7505 = VECTOR('',#7506,1.);
#7506 = DIRECTION('',(0.,0.,1.));
#7507 = ORIENTED_EDGE('',*,*,#4779,.F.);
#7508 = ORIENTED_EDGE('',*,*,#7502,.F.);
#7509 = CYLINDRICAL_SURFACE('',#7510,0.5);
#7510 = AXIS2_PLACEMENT_3D('',#7511,#7512,#7513);
#7511 = CARTESIAN_POINT('',(191.875,-45.62,-4.6E-02));
#7512 = DIRECTION('',(-0.,-0.,-1.));
#7513 = DIRECTION('',(-0.,-1.,0.));
#7514 = ADVANCED_FACE('',(#7515),#7526,.F.);
#7515 = FACE_BOUND('',#7516,.T.);
#7516 = EDGE_LOOP('',(#7517,#7518,#7524,#7525));
#7517 = ORIENTED_EDGE('',*,*,#3231,.T.);
#7518 = ORIENTED_EDGE('',*,*,#7519,.T.);
#7519 = EDGE_CURVE('',#3232,#4791,#7520,.T.);
#7520 = LINE('',#7521,#7522);
#7521 = CARTESIAN_POINT('',(191.875,-43.58,-4.6E-02));
#7522 = VECTOR('',#7523,1.);
#7523 = DIRECTION('',(0.,0.,1.));
#7524 = ORIENTED_EDGE('',*,*,#4790,.F.);
#7525 = ORIENTED_EDGE('',*,*,#7519,.F.);
#7526 = CYLINDRICAL_SURFACE('',#7527,0.5);
#7527 = AXIS2_PLACEMENT_3D('',#7528,#7529,#7530);
#7528 = CARTESIAN_POINT('',(191.875,-43.08,-4.6E-02));
#7529 = DIRECTION('',(-0.,-0.,-1.));
#7530 = DIRECTION('',(-0.,-1.,0.));
#7531 = ADVANCED_FACE('',(#7532),#7543,.F.);
#7532 = FACE_BOUND('',#7533,.T.);
#7533 = EDGE_LOOP('',(#7534,#7535,#7541,#7542));
#7534 = ORIENTED_EDGE('',*,*,#3242,.T.);
#7535 = ORIENTED_EDGE('',*,*,#7536,.T.);
#7536 = EDGE_CURVE('',#3243,#4802,#7537,.T.);
#7537 = LINE('',#7538,#7539);
#7538 = CARTESIAN_POINT('',(191.875,-41.04,-4.6E-02));
#7539 = VECTOR('',#7540,1.);
#7540 = DIRECTION('',(0.,0.,1.));
#7541 = ORIENTED_EDGE('',*,*,#4801,.F.);
#7542 = ORIENTED_EDGE('',*,*,#7536,.F.);
#7543 = CYLINDRICAL_SURFACE('',#7544,0.5);
#7544 = AXIS2_PLACEMENT_3D('',#7545,#7546,#7547);
#7545 = CARTESIAN_POINT('',(191.875,-40.54,-4.6E-02));
#7546 = DIRECTION('',(-0.,-0.,-1.));
#7547 = DIRECTION('',(-0.,-1.,0.));
#7548 = ADVANCED_FACE('',(#7549),#7560,.F.);
#7549 = FACE_BOUND('',#7550,.T.);
#7550 = EDGE_LOOP('',(#7551,#7552,#7558,#7559));
#7551 = ORIENTED_EDGE('',*,*,#3253,.T.);
#7552 = ORIENTED_EDGE('',*,*,#7553,.T.);
#7553 = EDGE_CURVE('',#3254,#4813,#7554,.T.);
#7554 = LINE('',#7555,#7556);
#7555 = CARTESIAN_POINT('',(191.875,-38.5,-4.6E-02));
#7556 = VECTOR('',#7557,1.);
#7557 = DIRECTION('',(0.,0.,1.));
#7558 = ORIENTED_EDGE('',*,*,#4812,.F.);
#7559 = ORIENTED_EDGE('',*,*,#7553,.F.);
#7560 = CYLINDRICAL_SURFACE('',#7561,0.5);
#7561 = AXIS2_PLACEMENT_3D('',#7562,#7563,#7564);
#7562 = CARTESIAN_POINT('',(191.875,-38.,-4.6E-02));
#7563 = DIRECTION('',(-0.,-0.,-1.));
#7564 = DIRECTION('',(-0.,-1.,0.));
#7565 = ADVANCED_FACE('',(#7566),#7577,.F.);
#7566 = FACE_BOUND('',#7567,.T.);
#7567 = EDGE_LOOP('',(#7568,#7569,#7575,#7576));
#7568 = ORIENTED_EDGE('',*,*,#3264,.T.);
#7569 = ORIENTED_EDGE('',*,*,#7570,.T.);
#7570 = EDGE_CURVE('',#3265,#4824,#7571,.T.);
#7571 = LINE('',#7572,#7573);
#7572 = CARTESIAN_POINT('',(191.875,-35.96,-4.6E-02));
#7573 = VECTOR('',#7574,1.);
#7574 = DIRECTION('',(0.,0.,1.));
#7575 = ORIENTED_EDGE('',*,*,#4823,.F.);
#7576 = ORIENTED_EDGE('',*,*,#7570,.F.);
#7577 = CYLINDRICAL_SURFACE('',#7578,0.5);
#7578 = AXIS2_PLACEMENT_3D('',#7579,#7580,#7581);
#7579 = CARTESIAN_POINT('',(191.875,-35.46,-4.6E-02));
#7580 = DIRECTION('',(-0.,-0.,-1.));
#7581 = DIRECTION('',(-0.,-1.,0.));
#7582 = ADVANCED_FACE('',(#7583),#7594,.F.);
#7583 = FACE_BOUND('',#7584,.T.);
#7584 = EDGE_LOOP('',(#7585,#7586,#7592,#7593));
#7585 = ORIENTED_EDGE('',*,*,#3275,.T.);
#7586 = ORIENTED_EDGE('',*,*,#7587,.T.);
#7587 = EDGE_CURVE('',#3276,#4835,#7588,.T.);
#7588 = LINE('',#7589,#7590);
#7589 = CARTESIAN_POINT('',(191.875,-33.42,-4.6E-02));
#7590 = VECTOR('',#7591,1.);
#7591 = DIRECTION('',(0.,0.,1.));
#7592 = ORIENTED_EDGE('',*,*,#4834,.F.);
#7593 = ORIENTED_EDGE('',*,*,#7587,.F.);
#7594 = CYLINDRICAL_SURFACE('',#7595,0.5);
#7595 = AXIS2_PLACEMENT_3D('',#7596,#7597,#7598);
#7596 = CARTESIAN_POINT('',(191.875,-32.92,-4.6E-02));
#7597 = DIRECTION('',(-0.,-0.,-1.));
#7598 = DIRECTION('',(-0.,-1.,0.));
#7599 = ADVANCED_FACE('',(#7600),#7611,.F.);
#7600 = FACE_BOUND('',#7601,.T.);
#7601 = EDGE_LOOP('',(#7602,#7603,#7609,#7610));
#7602 = ORIENTED_EDGE('',*,*,#3286,.T.);
#7603 = ORIENTED_EDGE('',*,*,#7604,.T.);
#7604 = EDGE_CURVE('',#3287,#4846,#7605,.T.);
#7605 = LINE('',#7606,#7607);
#7606 = CARTESIAN_POINT('',(191.875,-30.88,-4.6E-02));
#7607 = VECTOR('',#7608,1.);
#7608 = DIRECTION('',(0.,0.,1.));
#7609 = ORIENTED_EDGE('',*,*,#4845,.F.);
#7610 = ORIENTED_EDGE('',*,*,#7604,.F.);
#7611 = CYLINDRICAL_SURFACE('',#7612,0.5);
#7612 = AXIS2_PLACEMENT_3D('',#7613,#7614,#7615);
#7613 = CARTESIAN_POINT('',(191.875,-30.38,-4.6E-02));
#7614 = DIRECTION('',(-0.,-0.,-1.));
#7615 = DIRECTION('',(-0.,-1.,0.));
#7616 = ADVANCED_FACE('',(#7617),#7628,.F.);
#7617 = FACE_BOUND('',#7618,.T.);
#7618 = EDGE_LOOP('',(#7619,#7620,#7626,#7627));
#7619 = ORIENTED_EDGE('',*,*,#3297,.T.);
#7620 = ORIENTED_EDGE('',*,*,#7621,.T.);
#7621 = EDGE_CURVE('',#3298,#4857,#7622,.T.);
#7622 = LINE('',#7623,#7624);
#7623 = CARTESIAN_POINT('',(207.125,-46.12,-4.6E-02));
#7624 = VECTOR('',#7625,1.);
#7625 = DIRECTION('',(0.,0.,1.));
#7626 = ORIENTED_EDGE('',*,*,#4856,.F.);
#7627 = ORIENTED_EDGE('',*,*,#7621,.F.);
#7628 = CYLINDRICAL_SURFACE('',#7629,0.5);
#7629 = AXIS2_PLACEMENT_3D('',#7630,#7631,#7632);
#7630 = CARTESIAN_POINT('',(207.125,-45.62,-4.6E-02));
#7631 = DIRECTION('',(-0.,-0.,-1.));
#7632 = DIRECTION('',(-0.,-1.,0.));
#7633 = ADVANCED_FACE('',(#7634),#7645,.F.);
#7634 = FACE_BOUND('',#7635,.T.);
#7635 = EDGE_LOOP('',(#7636,#7637,#7643,#7644));
#7636 = ORIENTED_EDGE('',*,*,#3308,.T.);
#7637 = ORIENTED_EDGE('',*,*,#7638,.T.);
#7638 = EDGE_CURVE('',#3309,#4868,#7639,.T.);
#7639 = LINE('',#7640,#7641);
#7640 = CARTESIAN_POINT('',(207.125,-43.58,-4.6E-02));
#7641 = VECTOR('',#7642,1.);
#7642 = DIRECTION('',(0.,0.,1.));
#7643 = ORIENTED_EDGE('',*,*,#4867,.F.);
#7644 = ORIENTED_EDGE('',*,*,#7638,.F.);
#7645 = CYLINDRICAL_SURFACE('',#7646,0.5);
#7646 = AXIS2_PLACEMENT_3D('',#7647,#7648,#7649);
#7647 = CARTESIAN_POINT('',(207.125,-43.08,-4.6E-02));
#7648 = DIRECTION('',(-0.,-0.,-1.));
#7649 = DIRECTION('',(-0.,-1.,0.));
#7650 = ADVANCED_FACE('',(#7651),#7662,.F.);
#7651 = FACE_BOUND('',#7652,.T.);
#7652 = EDGE_LOOP('',(#7653,#7654,#7660,#7661));
#7653 = ORIENTED_EDGE('',*,*,#3319,.T.);
#7654 = ORIENTED_EDGE('',*,*,#7655,.T.);
#7655 = EDGE_CURVE('',#3320,#4879,#7656,.T.);
#7656 = LINE('',#7657,#7658);
#7657 = CARTESIAN_POINT('',(207.125,-41.04,-4.6E-02));
#7658 = VECTOR('',#7659,1.);
#7659 = DIRECTION('',(0.,0.,1.));
#7660 = ORIENTED_EDGE('',*,*,#4878,.F.);
#7661 = ORIENTED_EDGE('',*,*,#7655,.F.);
#7662 = CYLINDRICAL_SURFACE('',#7663,0.5);
#7663 = AXIS2_PLACEMENT_3D('',#7664,#7665,#7666);
#7664 = CARTESIAN_POINT('',(207.125,-40.54,-4.6E-02));
#7665 = DIRECTION('',(-0.,-0.,-1.));
#7666 = DIRECTION('',(-0.,-1.,0.));
#7667 = ADVANCED_FACE('',(#7668),#7679,.F.);
#7668 = FACE_BOUND('',#7669,.T.);
#7669 = EDGE_LOOP('',(#7670,#7671,#7677,#7678));
#7670 = ORIENTED_EDGE('',*,*,#3330,.T.);
#7671 = ORIENTED_EDGE('',*,*,#7672,.T.);
#7672 = EDGE_CURVE('',#3331,#4890,#7673,.T.);
#7673 = LINE('',#7674,#7675);
#7674 = CARTESIAN_POINT('',(207.125,-38.5,-4.6E-02));
#7675 = VECTOR('',#7676,1.);
#7676 = DIRECTION('',(0.,0.,1.));
#7677 = ORIENTED_EDGE('',*,*,#4889,.F.);
#7678 = ORIENTED_EDGE('',*,*,#7672,.F.);
#7679 = CYLINDRICAL_SURFACE('',#7680,0.5);
#7680 = AXIS2_PLACEMENT_3D('',#7681,#7682,#7683);
#7681 = CARTESIAN_POINT('',(207.125,-38.,-4.6E-02));
#7682 = DIRECTION('',(-0.,-0.,-1.));
#7683 = DIRECTION('',(-0.,-1.,0.));
#7684 = ADVANCED_FACE('',(#7685),#7696,.F.);
#7685 = FACE_BOUND('',#7686,.T.);
#7686 = EDGE_LOOP('',(#7687,#7688,#7694,#7695));
#7687 = ORIENTED_EDGE('',*,*,#3341,.T.);
#7688 = ORIENTED_EDGE('',*,*,#7689,.T.);
#7689 = EDGE_CURVE('',#3342,#4901,#7690,.T.);
#7690 = LINE('',#7691,#7692);
#7691 = CARTESIAN_POINT('',(207.125,-35.96,-4.6E-02));
#7692 = VECTOR('',#7693,1.);
#7693 = DIRECTION('',(0.,0.,1.));
#7694 = ORIENTED_EDGE('',*,*,#4900,.F.);
#7695 = ORIENTED_EDGE('',*,*,#7689,.F.);
#7696 = CYLINDRICAL_SURFACE('',#7697,0.5);
#7697 = AXIS2_PLACEMENT_3D('',#7698,#7699,#7700);
#7698 = CARTESIAN_POINT('',(207.125,-35.46,-4.6E-02));
#7699 = DIRECTION('',(-0.,-0.,-1.));
#7700 = DIRECTION('',(-0.,-1.,0.));
#7701 = ADVANCED_FACE('',(#7702),#7713,.F.);
#7702 = FACE_BOUND('',#7703,.T.);
#7703 = EDGE_LOOP('',(#7704,#7705,#7711,#7712));
#7704 = ORIENTED_EDGE('',*,*,#3352,.T.);
#7705 = ORIENTED_EDGE('',*,*,#7706,.T.);
#7706 = EDGE_CURVE('',#3353,#4912,#7707,.T.);
#7707 = LINE('',#7708,#7709);
#7708 = CARTESIAN_POINT('',(207.125,-33.42,-4.6E-02));
#7709 = VECTOR('',#7710,1.);
#7710 = DIRECTION('',(0.,0.,1.));
#7711 = ORIENTED_EDGE('',*,*,#4911,.F.);
#7712 = ORIENTED_EDGE('',*,*,#7706,.F.);
#7713 = CYLINDRICAL_SURFACE('',#7714,0.5);
#7714 = AXIS2_PLACEMENT_3D('',#7715,#7716,#7717);
#7715 = CARTESIAN_POINT('',(207.125,-32.92,-4.6E-02));
#7716 = DIRECTION('',(-0.,-0.,-1.));
#7717 = DIRECTION('',(-0.,-1.,0.));
#7718 = ADVANCED_FACE('',(#7719),#7730,.F.);
#7719 = FACE_BOUND('',#7720,.T.);
#7720 = EDGE_LOOP('',(#7721,#7722,#7728,#7729));
#7721 = ORIENTED_EDGE('',*,*,#3363,.T.);
#7722 = ORIENTED_EDGE('',*,*,#7723,.T.);
#7723 = EDGE_CURVE('',#3364,#4923,#7724,.T.);
#7724 = LINE('',#7725,#7726);
#7725 = CARTESIAN_POINT('',(207.125,-30.88,-4.6E-02));
#7726 = VECTOR('',#7727,1.);
#7727 = DIRECTION('',(0.,0.,1.));
#7728 = ORIENTED_EDGE('',*,*,#4922,.F.);
#7729 = ORIENTED_EDGE('',*,*,#7723,.F.);
#7730 = CYLINDRICAL_SURFACE('',#7731,0.5);
#7731 = AXIS2_PLACEMENT_3D('',#7732,#7733,#7734);
#7732 = CARTESIAN_POINT('',(207.125,-30.38,-4.6E-02));
#7733 = DIRECTION('',(-0.,-0.,-1.));
#7734 = DIRECTION('',(-0.,-1.,0.));
#7735 = ( GEOMETRIC_REPRESENTATION_CONTEXT(3) 
GLOBAL_UNCERTAINTY_ASSIGNED_CONTEXT((#7739)) 
GLOBAL_UNIT_ASSIGNED_CONTEXT((#7736,#7737,#7738)) REPRESENTATION_CONTEXT
('Context #1','3D Context with UNIT and UNCERTAINTY') );
#7736 = ( LENGTH_UNIT() NAMED_UNIT(*) SI_UNIT(.MILLI.,.METRE.) );
#7737 = ( NAMED_UNIT(*) PLANE_ANGLE_UNIT() SI_UNIT($,.RADIAN.) );
#7738 = ( NAMED_UNIT(*) SI_UNIT($,.STERADIAN.) SOLID_ANGLE_UNIT() );
#7739 = UNCERTAINTY_MEASURE_WITH_UNIT(LENGTH_MEASURE(1.E-07),#7736,
  'distance_accuracy_value','confusion accuracy');
#7740 = CONTEXT_DEPENDENT_SHAPE_REPRESENTATION(#7741,#7743);
#7741 = ( REPRESENTATION_RELATIONSHIP('','',#1712,#10) 
REPRESENTATION_RELATIONSHIP_WITH_TRANSFORMATION(#7742) 
SHAPE_REPRESENTATION_RELATIONSHIP() );
#7742 = ITEM_DEFINED_TRANSFORMATION('','',#11,#35);
#7743 = PRODUCT_DEFINITION_SHAPE('Placement','Placement of an item',
  #7744);
#7744 = NEXT_ASSEMBLY_USAGE_OCCURRENCE('12','=>[0:1:1:9]','',#5,#1707,$
  );
#7745 = PRODUCT_RELATED_PRODUCT_CATEGORY('part',$,(#1709));
#7746 = MECHANICAL_DESIGN_GEOMETRIC_PRESENTATION_REPRESENTATION('',(
    #7747),#1505);
#7747 = STYLED_ITEM('color',(#7748),#1355);
#7748 = PRESENTATION_STYLE_ASSIGNMENT((#7749,#7755));
#7749 = SURFACE_STYLE_USAGE(.BOTH.,#7750);
#7750 = SURFACE_SIDE_STYLE('',(#7751));
#7751 = SURFACE_STYLE_FILL_AREA(#7752);
#7752 = FILL_AREA_STYLE('',(#7753));
#7753 = FILL_AREA_STYLE_COLOUR('',#7754);
#7754 = COLOUR_RGB('',0.47058824112,0.47058824112,0.47058824112);
#7755 = CURVE_STYLE('',#7756,POSITIVE_LENGTH_MEASURE(0.1),#7757);
#7756 = DRAUGHTING_PRE_DEFINED_CURVE_FONT('continuous');
#7757 = COLOUR_RGB('',9.803921802644E-02,9.803921802644E-02,
  9.803921802644E-02);
#7758 = MECHANICAL_DESIGN_GEOMETRIC_PRESENTATION_REPRESENTATION('',(
    #7759),#965);
#7759 = STYLED_ITEM('color',(#7760),#115);
#7760 = PRESENTATION_STYLE_ASSIGNMENT((#7761,#7767));
#7761 = SURFACE_STYLE_USAGE(.BOTH.,#7762);
#7762 = SURFACE_SIDE_STYLE('',(#7763));
#7763 = SURFACE_STYLE_FILL_AREA(#7764);
#7764 = FILL_AREA_STYLE('',(#7765));
#7765 = FILL_AREA_STYLE_COLOUR('',#7766);
#7766 = COLOUR_RGB('',0.886274513239,0.886274513239,0.886274513239);
#7767 = CURVE_STYLE('',#7768,POSITIVE_LENGTH_MEASURE(0.1),#7757);
#7768 = DRAUGHTING_PRE_DEFINED_CURVE_FONT('continuous');
#7769 = MECHANICAL_DESIGN_GEOMETRIC_PRESENTATION_REPRESENTATION('',(
    #7770),#1134);
#7770 = STYLED_ITEM('color',(#7771),#984);
#7771 = PRESENTATION_STYLE_ASSIGNMENT((#7772,#7777));
#7772 = SURFACE_STYLE_USAGE(.BOTH.,#7773);
#7773 = SURFACE_SIDE_STYLE('',(#7774));
#7774 = SURFACE_STYLE_FILL_AREA(#7775);
#7775 = FILL_AREA_STYLE('',(#7776));
#7776 = FILL_AREA_STYLE_COLOUR('',#7754);
#7777 = CURVE_STYLE('',#7778,POSITIVE_LENGTH_MEASURE(0.1),#7757);
#7778 = DRAUGHTING_PRE_DEFINED_CURVE_FONT('continuous');
#7779 = MECHANICAL_DESIGN_GEOMETRIC_PRESENTATION_REPRESENTATION('',(
    #7780),#7735);
#7780 = STYLED_ITEM('color',(#7781),#1713);
#7781 = PRESENTATION_STYLE_ASSIGNMENT((#7782));
#7782 = SURFACE_STYLE_USAGE(.BOTH.,#7783);
#7783 = SURFACE_SIDE_STYLE('',(#7784));
#7784 = SURFACE_STYLE_FILL_AREA(#7785);
#7785 = FILL_AREA_STYLE('',(#7786));
#7786 = FILL_AREA_STYLE_COLOUR('',#7787);
#7787 = COLOUR_RGB('',0.313304153717,0.484529207832,0.410020903123);
#7788 = MECHANICAL_DESIGN_GEOMETRIC_PRESENTATION_REPRESENTATION('',(
    #7789),#1674);
#7789 = STYLED_ITEM('color',(#7790),#1524);
#7790 = PRESENTATION_STYLE_ASSIGNMENT((#7791,#7796));
#7791 = SURFACE_STYLE_USAGE(.BOTH.,#7792);
#7792 = SURFACE_SIDE_STYLE('',(#7793));
#7793 = SURFACE_STYLE_FILL_AREA(#7794);
#7794 = FILL_AREA_STYLE('',(#7795));
#7795 = FILL_AREA_STYLE_COLOUR('',#7754);
#7796 = CURVE_STYLE('',#7797,POSITIVE_LENGTH_MEASURE(0.1),#7757);
#7797 = DRAUGHTING_PRE_DEFINED_CURVE_FONT('continuous');
#7798 = MECHANICAL_DESIGN_GEOMETRIC_PRESENTATION_REPRESENTATION('',(
    #7799),#1336);
#7799 = STYLED_ITEM('color',(#7800),#1153);
#7800 = PRESENTATION_STYLE_ASSIGNMENT((#7801,#7806));
#7801 = SURFACE_STYLE_USAGE(.BOTH.,#7802);
#7802 = SURFACE_SIDE_STYLE('',(#7803));
#7803 = SURFACE_STYLE_FILL_AREA(#7804);
#7804 = FILL_AREA_STYLE('',(#7805));
#7805 = FILL_AREA_STYLE_COLOUR('',#7754);
#7806 = CURVE_STYLE('',#7807,POSITIVE_LENGTH_MEASURE(0.1),#7757);
#7807 = DRAUGHTING_PRE_DEFINED_CURVE_FONT('continuous');
ENDSEC;
END-ISO-10303-21;
