ISO-10303-21;
HEADER;
/* Generated by software containing ST-Developer
 * from STEP Tools, Inc. (www.steptools.com) 
 */

FILE_DESCRIPTION(
/* description */ (''),
/* implementation_level */ '2;1');

FILE_NAME(
/* name */ 'pixelpadv2-TOP.step',
/* time_stamp */ '2026-08-14T10:21:15+12:00',
/* author */ (''),
/* organization */ (''),
/* preprocessor_version */ 'ST-DEVELOPER v20.1',
/* originating_system */ 'Autodesk Translation Framework v15.8.0.0',
/* authorisation */ '');

FILE_SCHEMA (('AUTOMOTIVE_DESIGN { 1 0 10303 214 3 1 1 }'));
ENDSEC;

DATA;
#10=MECHANICAL_DESIGN_GEOMETRIC_PRESENTATION_REPRESENTATION('',(#13),#2271);
#11=SHAPE_REPRESENTATION_RELATIONSHIP('SRR','None',#2278,#12);
#12=ADVANCED_BREP_SHAPE_REPRESENTATION('',(#14),#2270);
#13=STYLED_ITEM('',(#2287),#14);
#14=MANIFOLD_SOLID_BREP('Body7',#1347);
#15=FACE_BOUND('',#251,.T.);
#16=FACE_BOUND('',#252,.T.);
#17=FACE_BOUND('',#253,.T.);
#18=FACE_BOUND('',#254,.T.);
#19=FACE_BOUND('',#255,.T.);
#20=FACE_BOUND('',#256,.T.);
#21=FACE_BOUND('',#257,.T.);
#22=FACE_BOUND('',#258,.T.);
#23=FACE_BOUND('',#259,.T.);
#24=FACE_BOUND('',#260,.T.);
#25=FACE_BOUND('',#261,.T.);
#26=FACE_BOUND('',#276,.T.);
#27=FACE_BOUND('',#277,.T.);
#28=FACE_BOUND('',#278,.T.);
#29=FACE_BOUND('',#279,.T.);
#30=FACE_BOUND('',#280,.T.);
#31=FACE_BOUND('',#281,.T.);
#32=FACE_BOUND('',#282,.T.);
#33=FACE_BOUND('',#283,.T.);
#34=FACE_BOUND('',#284,.T.);
#35=FACE_BOUND('',#285,.T.);
#36=FACE_BOUND('',#286,.T.);
#37=CIRCLE('',#1366,0.499999999999998);
#38=CIRCLE('',#1367,0.499999999999998);
#39=CIRCLE('',#1370,0.499999999999998);
#40=CIRCLE('',#1371,0.499999999999998);
#41=CIRCLE('',#1374,0.499999999999998);
#42=CIRCLE('',#1375,0.499999999999998);
#43=CIRCLE('',#1378,0.5);
#44=CIRCLE('',#1379,0.5);
#45=CIRCLE('',#1382,0.499999999999998);
#46=CIRCLE('',#1383,0.499999999999998);
#47=CIRCLE('',#1386,0.499999999999998);
#48=CIRCLE('',#1387,0.499999999999998);
#49=CIRCLE('',#1390,0.500000000000003);
#50=CIRCLE('',#1391,0.500000000000003);
#51=CIRCLE('',#1394,0.499999999999998);
#52=CIRCLE('',#1395,0.499999999999998);
#53=CIRCLE('',#1398,0.499999999999998);
#54=CIRCLE('',#1399,0.499999999999998);
#55=CIRCLE('',#1402,0.499999999999998);
#56=CIRCLE('',#1403,0.499999999999998);
#57=CIRCLE('',#1406,0.499999999999998);
#58=CIRCLE('',#1407,0.499999999999998);
#59=CIRCLE('',#1410,0.5);
#60=CIRCLE('',#1411,0.5);
#61=CIRCLE('',#1414,0.499999999999998);
#62=CIRCLE('',#1415,0.499999999999998);
#63=CIRCLE('',#1418,0.499999999999998);
#64=CIRCLE('',#1419,0.499999999999998);
#65=CIRCLE('',#1422,0.499999999999998);
#66=CIRCLE('',#1423,0.499999999999998);
#67=CIRCLE('',#1426,0.499999999999998);
#68=CIRCLE('',#1427,0.499999999999998);
#69=CIRCLE('',#1430,0.499999999999998);
#70=CIRCLE('',#1431,0.499999999999998);
#71=CIRCLE('',#1434,0.499999999999998);
#72=CIRCLE('',#1435,0.499999999999998);
#73=CIRCLE('',#1438,0.500000000000003);
#74=CIRCLE('',#1439,0.500000000000003);
#75=CIRCLE('',#1442,0.5);
#76=CIRCLE('',#1443,0.5);
#77=CIRCLE('',#1446,0.499999999999998);
#78=CIRCLE('',#1447,0.499999999999998);
#79=CIRCLE('',#1450,0.499999999999998);
#80=CIRCLE('',#1451,0.499999999999998);
#81=CIRCLE('',#1454,0.499999999999998);
#82=CIRCLE('',#1455,0.499999999999998);
#83=CIRCLE('',#1458,0.499999999999998);
#84=CIRCLE('',#1459,0.499999999999998);
#85=CIRCLE('',#1461,5.);
#86=CIRCLE('',#1462,5.);
#87=CIRCLE('',#1463,5.);
#88=CIRCLE('',#1464,5.);
#89=CIRCLE('',#1465,1.45);
#90=CIRCLE('',#1466,1.45);
#91=CIRCLE('',#1467,1.45);
#92=CIRCLE('',#1468,1.45);
#93=CIRCLE('',#1471,1.45);
#94=CIRCLE('',#1473,1.45);
#95=CIRCLE('',#1475,1.45);
#96=CIRCLE('',#1477,1.45);
#97=CIRCLE('',#1480,5.);
#98=CIRCLE('',#1483,5.);
#99=CIRCLE('',#1486,5.);
#100=CIRCLE('',#1489,5.);
#101=CYLINDRICAL_SURFACE('',#1365,0.499999999999998);
#102=CYLINDRICAL_SURFACE('',#1369,0.499999999999998);
#103=CYLINDRICAL_SURFACE('',#1373,0.499999999999998);
#104=CYLINDRICAL_SURFACE('',#1377,0.5);
#105=CYLINDRICAL_SURFACE('',#1381,0.499999999999998);
#106=CYLINDRICAL_SURFACE('',#1385,0.499999999999998);
#107=CYLINDRICAL_SURFACE('',#1389,0.500000000000003);
#108=CYLINDRICAL_SURFACE('',#1393,0.499999999999998);
#109=CYLINDRICAL_SURFACE('',#1397,0.499999999999998);
#110=CYLINDRICAL_SURFACE('',#1401,0.499999999999998);
#111=CYLINDRICAL_SURFACE('',#1405,0.499999999999998);
#112=CYLINDRICAL_SURFACE('',#1409,0.5);
#113=CYLINDRICAL_SURFACE('',#1413,0.499999999999998);
#114=CYLINDRICAL_SURFACE('',#1417,0.499999999999998);
#115=CYLINDRICAL_SURFACE('',#1421,0.499999999999998);
#116=CYLINDRICAL_SURFACE('',#1425,0.499999999999998);
#117=CYLINDRICAL_SURFACE('',#1429,0.499999999999998);
#118=CYLINDRICAL_SURFACE('',#1433,0.499999999999998);
#119=CYLINDRICAL_SURFACE('',#1437,0.500000000000003);
#120=CYLINDRICAL_SURFACE('',#1441,0.5);
#121=CYLINDRICAL_SURFACE('',#1445,0.499999999999998);
#122=CYLINDRICAL_SURFACE('',#1449,0.499999999999998);
#123=CYLINDRICAL_SURFACE('',#1453,0.499999999999998);
#124=CYLINDRICAL_SURFACE('',#1457,0.499999999999998);
#125=CYLINDRICAL_SURFACE('',#1470,1.45);
#126=CYLINDRICAL_SURFACE('',#1472,1.45);
#127=CYLINDRICAL_SURFACE('',#1474,1.45);
#128=CYLINDRICAL_SURFACE('',#1476,1.45);
#129=CYLINDRICAL_SURFACE('',#1479,5.);
#130=CYLINDRICAL_SURFACE('',#1482,5.);
#131=CYLINDRICAL_SURFACE('',#1485,5.);
#132=CYLINDRICAL_SURFACE('',#1488,5.);
#133=FACE_OUTER_BOUND('',#199,.T.);
#134=FACE_OUTER_BOUND('',#200,.T.);
#135=FACE_OUTER_BOUND('',#201,.T.);
#136=FACE_OUTER_BOUND('',#202,.T.);
#137=FACE_OUTER_BOUND('',#203,.T.);
#138=FACE_OUTER_BOUND('',#204,.T.);
#139=FACE_OUTER_BOUND('',#205,.T.);
#140=FACE_OUTER_BOUND('',#206,.T.);
#141=FACE_OUTER_BOUND('',#207,.T.);
#142=FACE_OUTER_BOUND('',#208,.T.);
#143=FACE_OUTER_BOUND('',#209,.T.);
#144=FACE_OUTER_BOUND('',#210,.T.);
#145=FACE_OUTER_BOUND('',#211,.T.);
#146=FACE_OUTER_BOUND('',#212,.T.);
#147=FACE_OUTER_BOUND('',#213,.T.);
#148=FACE_OUTER_BOUND('',#214,.T.);
#149=FACE_OUTER_BOUND('',#215,.T.);
#150=FACE_OUTER_BOUND('',#216,.T.);
#151=FACE_OUTER_BOUND('',#217,.T.);
#152=FACE_OUTER_BOUND('',#218,.T.);
#153=FACE_OUTER_BOUND('',#219,.T.);
#154=FACE_OUTER_BOUND('',#220,.T.);
#155=FACE_OUTER_BOUND('',#221,.T.);
#156=FACE_OUTER_BOUND('',#222,.T.);
#157=FACE_OUTER_BOUND('',#223,.T.);
#158=FACE_OUTER_BOUND('',#224,.T.);
#159=FACE_OUTER_BOUND('',#225,.T.);
#160=FACE_OUTER_BOUND('',#226,.T.);
#161=FACE_OUTER_BOUND('',#227,.T.);
#162=FACE_OUTER_BOUND('',#228,.T.);
#163=FACE_OUTER_BOUND('',#229,.T.);
#164=FACE_OUTER_BOUND('',#230,.T.);
#165=FACE_OUTER_BOUND('',#231,.T.);
#166=FACE_OUTER_BOUND('',#232,.T.);
#167=FACE_OUTER_BOUND('',#233,.T.);
#168=FACE_OUTER_BOUND('',#234,.T.);
#169=FACE_OUTER_BOUND('',#235,.T.);
#170=FACE_OUTER_BOUND('',#236,.T.);
#171=FACE_OUTER_BOUND('',#237,.T.);
#172=FACE_OUTER_BOUND('',#238,.T.);
#173=FACE_OUTER_BOUND('',#239,.T.);
#174=FACE_OUTER_BOUND('',#240,.T.);
#175=FACE_OUTER_BOUND('',#241,.T.);
#176=FACE_OUTER_BOUND('',#242,.T.);
#177=FACE_OUTER_BOUND('',#243,.T.);
#178=FACE_OUTER_BOUND('',#244,.T.);
#179=FACE_OUTER_BOUND('',#245,.T.);
#180=FACE_OUTER_BOUND('',#246,.T.);
#181=FACE_OUTER_BOUND('',#247,.T.);
#182=FACE_OUTER_BOUND('',#248,.T.);
#183=FACE_OUTER_BOUND('',#249,.T.);
#184=FACE_OUTER_BOUND('',#250,.T.);
#185=FACE_OUTER_BOUND('',#262,.T.);
#186=FACE_OUTER_BOUND('',#263,.T.);
#187=FACE_OUTER_BOUND('',#264,.T.);
#188=FACE_OUTER_BOUND('',#265,.T.);
#189=FACE_OUTER_BOUND('',#266,.T.);
#190=FACE_OUTER_BOUND('',#267,.T.);
#191=FACE_OUTER_BOUND('',#268,.T.);
#192=FACE_OUTER_BOUND('',#269,.T.);
#193=FACE_OUTER_BOUND('',#270,.T.);
#194=FACE_OUTER_BOUND('',#271,.T.);
#195=FACE_OUTER_BOUND('',#272,.T.);
#196=FACE_OUTER_BOUND('',#273,.T.);
#197=FACE_OUTER_BOUND('',#274,.T.);
#198=FACE_OUTER_BOUND('',#275,.T.);
#199=EDGE_LOOP('',(#863,#864,#865,#866));
#200=EDGE_LOOP('',(#867,#868,#869,#870));
#201=EDGE_LOOP('',(#871,#872,#873,#874));
#202=EDGE_LOOP('',(#875,#876,#877,#878));
#203=EDGE_LOOP('',(#879,#880,#881,#882));
#204=EDGE_LOOP('',(#883,#884,#885,#886));
#205=EDGE_LOOP('',(#887,#888,#889,#890));
#206=EDGE_LOOP('',(#891,#892,#893,#894));
#207=EDGE_LOOP('',(#895,#896,#897,#898));
#208=EDGE_LOOP('',(#899,#900,#901,#902));
#209=EDGE_LOOP('',(#903,#904,#905,#906));
#210=EDGE_LOOP('',(#907,#908,#909,#910));
#211=EDGE_LOOP('',(#911,#912,#913,#914));
#212=EDGE_LOOP('',(#915,#916,#917,#918));
#213=EDGE_LOOP('',(#919,#920,#921,#922));
#214=EDGE_LOOP('',(#923,#924,#925,#926));
#215=EDGE_LOOP('',(#927,#928,#929,#930));
#216=EDGE_LOOP('',(#931,#932,#933,#934));
#217=EDGE_LOOP('',(#935,#936,#937,#938));
#218=EDGE_LOOP('',(#939,#940,#941,#942));
#219=EDGE_LOOP('',(#943,#944,#945,#946));
#220=EDGE_LOOP('',(#947,#948,#949,#950));
#221=EDGE_LOOP('',(#951,#952,#953,#954));
#222=EDGE_LOOP('',(#955,#956,#957,#958));
#223=EDGE_LOOP('',(#959,#960,#961,#962));
#224=EDGE_LOOP('',(#963,#964,#965,#966));
#225=EDGE_LOOP('',(#967,#968,#969,#970));
#226=EDGE_LOOP('',(#971,#972,#973,#974));
#227=EDGE_LOOP('',(#975,#976,#977,#978));
#228=EDGE_LOOP('',(#979,#980,#981,#982));
#229=EDGE_LOOP('',(#983,#984,#985,#986));
#230=EDGE_LOOP('',(#987,#988,#989,#990));
#231=EDGE_LOOP('',(#991,#992,#993,#994));
#232=EDGE_LOOP('',(#995,#996,#997,#998));
#233=EDGE_LOOP('',(#999,#1000,#1001,#1002));
#234=EDGE_LOOP('',(#1003,#1004,#1005,#1006));
#235=EDGE_LOOP('',(#1007,#1008,#1009,#1010));
#236=EDGE_LOOP('',(#1011,#1012,#1013,#1014));
#237=EDGE_LOOP('',(#1015,#1016,#1017,#1018));
#238=EDGE_LOOP('',(#1019,#1020,#1021,#1022));
#239=EDGE_LOOP('',(#1023,#1024,#1025,#1026));
#240=EDGE_LOOP('',(#1027,#1028,#1029,#1030));
#241=EDGE_LOOP('',(#1031,#1032,#1033,#1034));
#242=EDGE_LOOP('',(#1035,#1036,#1037,#1038));
#243=EDGE_LOOP('',(#1039,#1040,#1041,#1042));
#244=EDGE_LOOP('',(#1043,#1044,#1045,#1046));
#245=EDGE_LOOP('',(#1047,#1048,#1049,#1050));
#246=EDGE_LOOP('',(#1051,#1052,#1053,#1054));
#247=EDGE_LOOP('',(#1055,#1056,#1057,#1058));
#248=EDGE_LOOP('',(#1059,#1060,#1061,#1062));
#249=EDGE_LOOP('',(#1063,#1064,#1065,#1066));
#250=EDGE_LOOP('',(#1067,#1068,#1069,#1070,#1071,#1072,#1073,#1074));
#251=EDGE_LOOP('',(#1075,#1076,#1077,#1078,#1079,#1080,#1081,#1082));
#252=EDGE_LOOP('',(#1083,#1084,#1085,#1086,#1087,#1088,#1089,#1090));
#253=EDGE_LOOP('',(#1091,#1092,#1093,#1094,#1095,#1096,#1097,#1098));
#254=EDGE_LOOP('',(#1099,#1100,#1101,#1102,#1103,#1104,#1105,#1106));
#255=EDGE_LOOP('',(#1107,#1108,#1109,#1110,#1111,#1112,#1113,#1114));
#256=EDGE_LOOP('',(#1115,#1116,#1117,#1118,#1119,#1120,#1121,#1122));
#257=EDGE_LOOP('',(#1123,#1124,#1125,#1126));
#258=EDGE_LOOP('',(#1127));
#259=EDGE_LOOP('',(#1128));
#260=EDGE_LOOP('',(#1129));
#261=EDGE_LOOP('',(#1130));
#262=EDGE_LOOP('',(#1131,#1132,#1133,#1134));
#263=EDGE_LOOP('',(#1135,#1136,#1137,#1138));
#264=EDGE_LOOP('',(#1139,#1140,#1141,#1142));
#265=EDGE_LOOP('',(#1143,#1144,#1145,#1146));
#266=EDGE_LOOP('',(#1147,#1148,#1149,#1150));
#267=EDGE_LOOP('',(#1151,#1152,#1153,#1154));
#268=EDGE_LOOP('',(#1155,#1156,#1157,#1158));
#269=EDGE_LOOP('',(#1159,#1160,#1161,#1162));
#270=EDGE_LOOP('',(#1163,#1164,#1165,#1166));
#271=EDGE_LOOP('',(#1167,#1168,#1169,#1170));
#272=EDGE_LOOP('',(#1171,#1172,#1173,#1174));
#273=EDGE_LOOP('',(#1175,#1176,#1177,#1178));
#274=EDGE_LOOP('',(#1179,#1180,#1181,#1182));
#275=EDGE_LOOP('',(#1183,#1184,#1185,#1186,#1187,#1188,#1189,#1190));
#276=EDGE_LOOP('',(#1191,#1192,#1193,#1194,#1195,#1196,#1197,#1198));
#277=EDGE_LOOP('',(#1199,#1200,#1201,#1202,#1203,#1204,#1205,#1206));
#278=EDGE_LOOP('',(#1207,#1208,#1209,#1210,#1211,#1212,#1213,#1214));
#279=EDGE_LOOP('',(#1215,#1216,#1217,#1218,#1219,#1220,#1221,#1222));
#280=EDGE_LOOP('',(#1223,#1224,#1225,#1226,#1227,#1228,#1229,#1230));
#281=EDGE_LOOP('',(#1231,#1232,#1233,#1234,#1235,#1236,#1237,#1238));
#282=EDGE_LOOP('',(#1239,#1240,#1241,#1242));
#283=EDGE_LOOP('',(#1243));
#284=EDGE_LOOP('',(#1244));
#285=EDGE_LOOP('',(#1245));
#286=EDGE_LOOP('',(#1246));
#287=LINE('',#1885,#415);
#288=LINE('',#1887,#416);
#289=LINE('',#1889,#417);
#290=LINE('',#1890,#418);
#291=LINE('',#1894,#419);
#292=LINE('',#1895,#420);
#293=LINE('',#1896,#421);
#294=LINE('',#1899,#422);
#295=LINE('',#1901,#423);
#296=LINE('',#1902,#424);
#297=LINE('',#1906,#425);
#298=LINE('',#1908,#426);
#299=LINE('',#1910,#427);
#300=LINE('',#1911,#428);
#301=LINE('',#1917,#429);
#302=LINE('',#1920,#430);
#303=LINE('',#1922,#431);
#304=LINE('',#1923,#432);
#305=LINE('',#1929,#433);
#306=LINE('',#1932,#434);
#307=LINE('',#1934,#435);
#308=LINE('',#1935,#436);
#309=LINE('',#1941,#437);
#310=LINE('',#1944,#438);
#311=LINE('',#1946,#439);
#312=LINE('',#1947,#440);
#313=LINE('',#1954,#441);
#314=LINE('',#1956,#442);
#315=LINE('',#1958,#443);
#316=LINE('',#1959,#444);
#317=LINE('',#1965,#445);
#318=LINE('',#1968,#446);
#319=LINE('',#1970,#447);
#320=LINE('',#1971,#448);
#321=LINE('',#1977,#449);
#322=LINE('',#1980,#450);
#323=LINE('',#1982,#451);
#324=LINE('',#1983,#452);
#325=LINE('',#1989,#453);
#326=LINE('',#1992,#454);
#327=LINE('',#1994,#455);
#328=LINE('',#1995,#456);
#329=LINE('',#2002,#457);
#330=LINE('',#2004,#458);
#331=LINE('',#2006,#459);
#332=LINE('',#2007,#460);
#333=LINE('',#2013,#461);
#334=LINE('',#2016,#462);
#335=LINE('',#2018,#463);
#336=LINE('',#2019,#464);
#337=LINE('',#2025,#465);
#338=LINE('',#2028,#466);
#339=LINE('',#2030,#467);
#340=LINE('',#2031,#468);
#341=LINE('',#2037,#469);
#342=LINE('',#2040,#470);
#343=LINE('',#2042,#471);
#344=LINE('',#2043,#472);
#345=LINE('',#2050,#473);
#346=LINE('',#2052,#474);
#347=LINE('',#2054,#475);
#348=LINE('',#2055,#476);
#349=LINE('',#2061,#477);
#350=LINE('',#2064,#478);
#351=LINE('',#2066,#479);
#352=LINE('',#2067,#480);
#353=LINE('',#2073,#481);
#354=LINE('',#2076,#482);
#355=LINE('',#2078,#483);
#356=LINE('',#2079,#484);
#357=LINE('',#2085,#485);
#358=LINE('',#2088,#486);
#359=LINE('',#2090,#487);
#360=LINE('',#2091,#488);
#361=LINE('',#2098,#489);
#362=LINE('',#2100,#490);
#363=LINE('',#2102,#491);
#364=LINE('',#2103,#492);
#365=LINE('',#2109,#493);
#366=LINE('',#2112,#494);
#367=LINE('',#2114,#495);
#368=LINE('',#2115,#496);
#369=LINE('',#2121,#497);
#370=LINE('',#2124,#498);
#371=LINE('',#2126,#499);
#372=LINE('',#2127,#500);
#373=LINE('',#2133,#501);
#374=LINE('',#2136,#502);
#375=LINE('',#2138,#503);
#376=LINE('',#2139,#504);
#377=LINE('',#2146,#505);
#378=LINE('',#2148,#506);
#379=LINE('',#2150,#507);
#380=LINE('',#2151,#508);
#381=LINE('',#2157,#509);
#382=LINE('',#2160,#510);
#383=LINE('',#2162,#511);
#384=LINE('',#2163,#512);
#385=LINE('',#2169,#513);
#386=LINE('',#2172,#514);
#387=LINE('',#2174,#515);
#388=LINE('',#2175,#516);
#389=LINE('',#2181,#517);
#390=LINE('',#2184,#518);
#391=LINE('',#2186,#519);
#392=LINE('',#2187,#520);
#393=LINE('',#2196,#521);
#394=LINE('',#2200,#522);
#395=LINE('',#2204,#523);
#396=LINE('',#2207,#524);
#397=LINE('',#2208,#525);
#398=LINE('',#2218,#526);
#399=LINE('',#2221,#527);
#400=LINE('',#2225,#528);
#401=LINE('',#2229,#529);
#402=LINE('',#2233,#530);
#403=LINE('',#2238,#531);
#404=LINE('',#2239,#532);
#405=LINE('',#2240,#533);
#406=LINE('',#2244,#534);
#407=LINE('',#2247,#535);
#408=LINE('',#2248,#536);
#409=LINE('',#2252,#537);
#410=LINE('',#2255,#538);
#411=LINE('',#2256,#539);
#412=LINE('',#2260,#540);
#413=LINE('',#2263,#541);
#414=LINE('',#2264,#542);
#415=VECTOR('',#1495,10.);
#416=VECTOR('',#1496,10.);
#417=VECTOR('',#1497,10.);
#418=VECTOR('',#1498,10.);
#419=VECTOR('',#1501,10.);
#420=VECTOR('',#1502,10.);
#421=VECTOR('',#1503,10.);
#422=VECTOR('',#1506,10.);
#423=VECTOR('',#1507,10.);
#424=VECTOR('',#1508,10.);
#425=VECTOR('',#1511,10.);
#426=VECTOR('',#1512,10.);
#427=VECTOR('',#1513,10.);
#428=VECTOR('',#1514,10.);
#429=VECTOR('',#1521,10.);
#430=VECTOR('',#1524,10.);
#431=VECTOR('',#1525,10.);
#432=VECTOR('',#1526,10.);
#433=VECTOR('',#1533,10.);
#434=VECTOR('',#1536,10.);
#435=VECTOR('',#1537,10.);
#436=VECTOR('',#1538,10.);
#437=VECTOR('',#1545,10.);
#438=VECTOR('',#1548,10.);
#439=VECTOR('',#1549,10.);
#440=VECTOR('',#1550,10.);
#441=VECTOR('',#1559,10.);
#442=VECTOR('',#1560,10.);
#443=VECTOR('',#1561,10.);
#444=VECTOR('',#1562,10.);
#445=VECTOR('',#1569,10.);
#446=VECTOR('',#1572,10.);
#447=VECTOR('',#1573,10.);
#448=VECTOR('',#1574,10.);
#449=VECTOR('',#1581,10.);
#450=VECTOR('',#1584,10.);
#451=VECTOR('',#1585,10.);
#452=VECTOR('',#1586,10.);
#453=VECTOR('',#1593,10.);
#454=VECTOR('',#1596,10.);
#455=VECTOR('',#1597,10.);
#456=VECTOR('',#1598,10.);
#457=VECTOR('',#1607,10.);
#458=VECTOR('',#1608,10.);
#459=VECTOR('',#1609,10.);
#460=VECTOR('',#1610,10.);
#461=VECTOR('',#1617,10.);
#462=VECTOR('',#1620,10.);
#463=VECTOR('',#1621,10.);
#464=VECTOR('',#1622,10.);
#465=VECTOR('',#1629,10.);
#466=VECTOR('',#1632,10.);
#467=VECTOR('',#1633,10.);
#468=VECTOR('',#1634,10.);
#469=VECTOR('',#1641,10.);
#470=VECTOR('',#1644,10.);
#471=VECTOR('',#1645,10.);
#472=VECTOR('',#1646,10.);
#473=VECTOR('',#1655,10.);
#474=VECTOR('',#1656,10.);
#475=VECTOR('',#1657,10.);
#476=VECTOR('',#1658,10.);
#477=VECTOR('',#1665,10.);
#478=VECTOR('',#1668,10.);
#479=VECTOR('',#1669,10.);
#480=VECTOR('',#1670,10.);
#481=VECTOR('',#1677,10.);
#482=VECTOR('',#1680,10.);
#483=VECTOR('',#1681,10.);
#484=VECTOR('',#1682,10.);
#485=VECTOR('',#1689,10.);
#486=VECTOR('',#1692,10.);
#487=VECTOR('',#1693,10.);
#488=VECTOR('',#1694,10.);
#489=VECTOR('',#1703,10.);
#490=VECTOR('',#1704,10.);
#491=VECTOR('',#1705,10.);
#492=VECTOR('',#1706,10.);
#493=VECTOR('',#1713,10.);
#494=VECTOR('',#1716,10.);
#495=VECTOR('',#1717,10.);
#496=VECTOR('',#1718,10.);
#497=VECTOR('',#1725,10.);
#498=VECTOR('',#1728,10.);
#499=VECTOR('',#1729,10.);
#500=VECTOR('',#1730,10.);
#501=VECTOR('',#1737,10.);
#502=VECTOR('',#1740,10.);
#503=VECTOR('',#1741,10.);
#504=VECTOR('',#1742,10.);
#505=VECTOR('',#1751,10.);
#506=VECTOR('',#1752,10.);
#507=VECTOR('',#1753,10.);
#508=VECTOR('',#1754,10.);
#509=VECTOR('',#1761,10.);
#510=VECTOR('',#1764,10.);
#511=VECTOR('',#1765,10.);
#512=VECTOR('',#1766,10.);
#513=VECTOR('',#1773,10.);
#514=VECTOR('',#1776,10.);
#515=VECTOR('',#1777,10.);
#516=VECTOR('',#1778,10.);
#517=VECTOR('',#1785,10.);
#518=VECTOR('',#1788,10.);
#519=VECTOR('',#1789,10.);
#520=VECTOR('',#1790,10.);
#521=VECTOR('',#1801,10.);
#522=VECTOR('',#1804,10.);
#523=VECTOR('',#1807,10.);
#524=VECTOR('',#1810,10.);
#525=VECTOR('',#1811,10.);
#526=VECTOR('',#1822,10.);
#527=VECTOR('',#1825,1.45);
#528=VECTOR('',#1830,1.45);
#529=VECTOR('',#1835,1.45);
#530=VECTOR('',#1840,1.45);
#531=VECTOR('',#1845,10.);
#532=VECTOR('',#1846,10.);
#533=VECTOR('',#1847,10.);
#534=VECTOR('',#1852,10.);
#535=VECTOR('',#1855,10.);
#536=VECTOR('',#1856,10.);
#537=VECTOR('',#1861,10.);
#538=VECTOR('',#1864,10.);
#539=VECTOR('',#1865,10.);
#540=VECTOR('',#1870,10.);
#541=VECTOR('',#1873,10.);
#542=VECTOR('',#1874,10.);
#543=VERTEX_POINT('',#1883);
#544=VERTEX_POINT('',#1884);
#545=VERTEX_POINT('',#1886);
#546=VERTEX_POINT('',#1888);
#547=VERTEX_POINT('',#1892);
#548=VERTEX_POINT('',#1893);
#549=VERTEX_POINT('',#1898);
#550=VERTEX_POINT('',#1900);
#551=VERTEX_POINT('',#1904);
#552=VERTEX_POINT('',#1905);
#553=VERTEX_POINT('',#1907);
#554=VERTEX_POINT('',#1909);
#555=VERTEX_POINT('',#1913);
#556=VERTEX_POINT('',#1915);
#557=VERTEX_POINT('',#1919);
#558=VERTEX_POINT('',#1921);
#559=VERTEX_POINT('',#1925);
#560=VERTEX_POINT('',#1927);
#561=VERTEX_POINT('',#1931);
#562=VERTEX_POINT('',#1933);
#563=VERTEX_POINT('',#1937);
#564=VERTEX_POINT('',#1939);
#565=VERTEX_POINT('',#1943);
#566=VERTEX_POINT('',#1945);
#567=VERTEX_POINT('',#1952);
#568=VERTEX_POINT('',#1953);
#569=VERTEX_POINT('',#1955);
#570=VERTEX_POINT('',#1957);
#571=VERTEX_POINT('',#1961);
#572=VERTEX_POINT('',#1963);
#573=VERTEX_POINT('',#1967);
#574=VERTEX_POINT('',#1969);
#575=VERTEX_POINT('',#1973);
#576=VERTEX_POINT('',#1975);
#577=VERTEX_POINT('',#1979);
#578=VERTEX_POINT('',#1981);
#579=VERTEX_POINT('',#1985);
#580=VERTEX_POINT('',#1987);
#581=VERTEX_POINT('',#1991);
#582=VERTEX_POINT('',#1993);
#583=VERTEX_POINT('',#2000);
#584=VERTEX_POINT('',#2001);
#585=VERTEX_POINT('',#2003);
#586=VERTEX_POINT('',#2005);
#587=VERTEX_POINT('',#2009);
#588=VERTEX_POINT('',#2011);
#589=VERTEX_POINT('',#2015);
#590=VERTEX_POINT('',#2017);
#591=VERTEX_POINT('',#2021);
#592=VERTEX_POINT('',#2023);
#593=VERTEX_POINT('',#2027);
#594=VERTEX_POINT('',#2029);
#595=VERTEX_POINT('',#2033);
#596=VERTEX_POINT('',#2035);
#597=VERTEX_POINT('',#2039);
#598=VERTEX_POINT('',#2041);
#599=VERTEX_POINT('',#2048);
#600=VERTEX_POINT('',#2049);
#601=VERTEX_POINT('',#2051);
#602=VERTEX_POINT('',#2053);
#603=VERTEX_POINT('',#2057);
#604=VERTEX_POINT('',#2059);
#605=VERTEX_POINT('',#2063);
#606=VERTEX_POINT('',#2065);
#607=VERTEX_POINT('',#2069);
#608=VERTEX_POINT('',#2071);
#609=VERTEX_POINT('',#2075);
#610=VERTEX_POINT('',#2077);
#611=VERTEX_POINT('',#2081);
#612=VERTEX_POINT('',#2083);
#613=VERTEX_POINT('',#2087);
#614=VERTEX_POINT('',#2089);
#615=VERTEX_POINT('',#2096);
#616=VERTEX_POINT('',#2097);
#617=VERTEX_POINT('',#2099);
#618=VERTEX_POINT('',#2101);
#619=VERTEX_POINT('',#2105);
#620=VERTEX_POINT('',#2107);
#621=VERTEX_POINT('',#2111);
#622=VERTEX_POINT('',#2113);
#623=VERTEX_POINT('',#2117);
#624=VERTEX_POINT('',#2119);
#625=VERTEX_POINT('',#2123);
#626=VERTEX_POINT('',#2125);
#627=VERTEX_POINT('',#2129);
#628=VERTEX_POINT('',#2131);
#629=VERTEX_POINT('',#2135);
#630=VERTEX_POINT('',#2137);
#631=VERTEX_POINT('',#2144);
#632=VERTEX_POINT('',#2145);
#633=VERTEX_POINT('',#2147);
#634=VERTEX_POINT('',#2149);
#635=VERTEX_POINT('',#2153);
#636=VERTEX_POINT('',#2155);
#637=VERTEX_POINT('',#2159);
#638=VERTEX_POINT('',#2161);
#639=VERTEX_POINT('',#2165);
#640=VERTEX_POINT('',#2167);
#641=VERTEX_POINT('',#2171);
#642=VERTEX_POINT('',#2173);
#643=VERTEX_POINT('',#2177);
#644=VERTEX_POINT('',#2179);
#645=VERTEX_POINT('',#2183);
#646=VERTEX_POINT('',#2185);
#647=VERTEX_POINT('',#2192);
#648=VERTEX_POINT('',#2193);
#649=VERTEX_POINT('',#2195);
#650=VERTEX_POINT('',#2197);
#651=VERTEX_POINT('',#2199);
#652=VERTEX_POINT('',#2201);
#653=VERTEX_POINT('',#2203);
#654=VERTEX_POINT('',#2205);
#655=VERTEX_POINT('',#2209);
#656=VERTEX_POINT('',#2211);
#657=VERTEX_POINT('',#2213);
#658=VERTEX_POINT('',#2215);
#659=VERTEX_POINT('',#2220);
#660=VERTEX_POINT('',#2224);
#661=VERTEX_POINT('',#2228);
#662=VERTEX_POINT('',#2232);
#663=VERTEX_POINT('',#2236);
#664=VERTEX_POINT('',#2237);
#665=VERTEX_POINT('',#2242);
#666=VERTEX_POINT('',#2246);
#667=VERTEX_POINT('',#2250);
#668=VERTEX_POINT('',#2254);
#669=VERTEX_POINT('',#2258);
#670=VERTEX_POINT('',#2262);
#671=EDGE_CURVE('',#543,#544,#287,.T.);
#672=EDGE_CURVE('',#545,#544,#288,.T.);
#673=EDGE_CURVE('',#546,#545,#289,.T.);
#674=EDGE_CURVE('',#546,#543,#290,.T.);
#675=EDGE_CURVE('',#547,#548,#291,.T.);
#676=EDGE_CURVE('',#547,#544,#292,.T.);
#677=EDGE_CURVE('',#548,#543,#293,.T.);
#678=EDGE_CURVE('',#548,#549,#294,.T.);
#679=EDGE_CURVE('',#549,#550,#295,.T.);
#680=EDGE_CURVE('',#547,#550,#296,.T.);
#681=EDGE_CURVE('',#551,#552,#297,.T.);
#682=EDGE_CURVE('',#552,#553,#298,.T.);
#683=EDGE_CURVE('',#554,#553,#299,.T.);
#684=EDGE_CURVE('',#551,#554,#300,.T.);
#685=EDGE_CURVE('',#555,#551,#37,.T.);
#686=EDGE_CURVE('',#556,#554,#38,.T.);
#687=EDGE_CURVE('',#555,#556,#301,.T.);
#688=EDGE_CURVE('',#557,#555,#302,.T.);
#689=EDGE_CURVE('',#558,#556,#303,.T.);
#690=EDGE_CURVE('',#557,#558,#304,.T.);
#691=EDGE_CURVE('',#559,#557,#39,.T.);
#692=EDGE_CURVE('',#560,#558,#40,.T.);
#693=EDGE_CURVE('',#559,#560,#305,.T.);
#694=EDGE_CURVE('',#561,#559,#306,.T.);
#695=EDGE_CURVE('',#562,#560,#307,.T.);
#696=EDGE_CURVE('',#561,#562,#308,.T.);
#697=EDGE_CURVE('',#563,#561,#41,.T.);
#698=EDGE_CURVE('',#564,#562,#42,.T.);
#699=EDGE_CURVE('',#563,#564,#309,.T.);
#700=EDGE_CURVE('',#565,#563,#310,.T.);
#701=EDGE_CURVE('',#566,#564,#311,.T.);
#702=EDGE_CURVE('',#565,#566,#312,.T.);
#703=EDGE_CURVE('',#552,#565,#43,.T.);
#704=EDGE_CURVE('',#553,#566,#44,.T.);
#705=EDGE_CURVE('',#567,#568,#313,.T.);
#706=EDGE_CURVE('',#568,#569,#314,.T.);
#707=EDGE_CURVE('',#570,#569,#315,.T.);
#708=EDGE_CURVE('',#567,#570,#316,.T.);
#709=EDGE_CURVE('',#571,#567,#45,.T.);
#710=EDGE_CURVE('',#572,#570,#46,.T.);
#711=EDGE_CURVE('',#571,#572,#317,.T.);
#712=EDGE_CURVE('',#573,#571,#318,.T.);
#713=EDGE_CURVE('',#574,#572,#319,.T.);
#714=EDGE_CURVE('',#573,#574,#320,.T.);
#715=EDGE_CURVE('',#575,#573,#47,.T.);
#716=EDGE_CURVE('',#576,#574,#48,.T.);
#717=EDGE_CURVE('',#575,#576,#321,.T.);
#718=EDGE_CURVE('',#577,#575,#322,.T.);
#719=EDGE_CURVE('',#578,#576,#323,.T.);
#720=EDGE_CURVE('',#577,#578,#324,.T.);
#721=EDGE_CURVE('',#579,#577,#49,.T.);
#722=EDGE_CURVE('',#580,#578,#50,.T.);
#723=EDGE_CURVE('',#579,#580,#325,.T.);
#724=EDGE_CURVE('',#581,#579,#326,.T.);
#725=EDGE_CURVE('',#582,#580,#327,.T.);
#726=EDGE_CURVE('',#581,#582,#328,.T.);
#727=EDGE_CURVE('',#568,#581,#51,.T.);
#728=EDGE_CURVE('',#569,#582,#52,.T.);
#729=EDGE_CURVE('',#583,#584,#329,.T.);
#730=EDGE_CURVE('',#584,#585,#330,.T.);
#731=EDGE_CURVE('',#586,#585,#331,.T.);
#732=EDGE_CURVE('',#583,#586,#332,.T.);
#733=EDGE_CURVE('',#587,#583,#53,.T.);
#734=EDGE_CURVE('',#588,#586,#54,.T.);
#735=EDGE_CURVE('',#587,#588,#333,.T.);
#736=EDGE_CURVE('',#589,#587,#334,.T.);
#737=EDGE_CURVE('',#590,#588,#335,.T.);
#738=EDGE_CURVE('',#589,#590,#336,.T.);
#739=EDGE_CURVE('',#591,#589,#55,.T.);
#740=EDGE_CURVE('',#592,#590,#56,.T.);
#741=EDGE_CURVE('',#591,#592,#337,.T.);
#742=EDGE_CURVE('',#593,#591,#338,.T.);
#743=EDGE_CURVE('',#594,#592,#339,.T.);
#744=EDGE_CURVE('',#593,#594,#340,.T.);
#745=EDGE_CURVE('',#595,#593,#57,.T.);
#746=EDGE_CURVE('',#596,#594,#58,.T.);
#747=EDGE_CURVE('',#595,#596,#341,.T.);
#748=EDGE_CURVE('',#597,#595,#342,.T.);
#749=EDGE_CURVE('',#598,#596,#343,.T.);
#750=EDGE_CURVE('',#597,#598,#344,.T.);
#751=EDGE_CURVE('',#584,#597,#59,.T.);
#752=EDGE_CURVE('',#585,#598,#60,.T.);
#753=EDGE_CURVE('',#599,#600,#345,.T.);
#754=EDGE_CURVE('',#600,#601,#346,.T.);
#755=EDGE_CURVE('',#602,#601,#347,.T.);
#756=EDGE_CURVE('',#599,#602,#348,.T.);
#757=EDGE_CURVE('',#603,#599,#61,.T.);
#758=EDGE_CURVE('',#604,#602,#62,.T.);
#759=EDGE_CURVE('',#603,#604,#349,.T.);
#760=EDGE_CURVE('',#605,#603,#350,.T.);
#761=EDGE_CURVE('',#606,#604,#351,.T.);
#762=EDGE_CURVE('',#605,#606,#352,.T.);
#763=EDGE_CURVE('',#607,#605,#63,.T.);
#764=EDGE_CURVE('',#608,#606,#64,.T.);
#765=EDGE_CURVE('',#607,#608,#353,.T.);
#766=EDGE_CURVE('',#609,#607,#354,.T.);
#767=EDGE_CURVE('',#610,#608,#355,.T.);
#768=EDGE_CURVE('',#609,#610,#356,.T.);
#769=EDGE_CURVE('',#611,#609,#65,.T.);
#770=EDGE_CURVE('',#612,#610,#66,.T.);
#771=EDGE_CURVE('',#611,#612,#357,.T.);
#772=EDGE_CURVE('',#613,#611,#358,.T.);
#773=EDGE_CURVE('',#614,#612,#359,.T.);
#774=EDGE_CURVE('',#613,#614,#360,.T.);
#775=EDGE_CURVE('',#600,#613,#67,.T.);
#776=EDGE_CURVE('',#601,#614,#68,.T.);
#777=EDGE_CURVE('',#615,#616,#361,.T.);
#778=EDGE_CURVE('',#616,#617,#362,.T.);
#779=EDGE_CURVE('',#618,#617,#363,.T.);
#780=EDGE_CURVE('',#615,#618,#364,.T.);
#781=EDGE_CURVE('',#619,#615,#69,.T.);
#782=EDGE_CURVE('',#620,#618,#70,.T.);
#783=EDGE_CURVE('',#619,#620,#365,.T.);
#784=EDGE_CURVE('',#621,#619,#366,.T.);
#785=EDGE_CURVE('',#622,#620,#367,.T.);
#786=EDGE_CURVE('',#621,#622,#368,.T.);
#787=EDGE_CURVE('',#623,#621,#71,.T.);
#788=EDGE_CURVE('',#624,#622,#72,.T.);
#789=EDGE_CURVE('',#623,#624,#369,.T.);
#790=EDGE_CURVE('',#625,#623,#370,.T.);
#791=EDGE_CURVE('',#626,#624,#371,.T.);
#792=EDGE_CURVE('',#625,#626,#372,.T.);
#793=EDGE_CURVE('',#627,#625,#73,.T.);
#794=EDGE_CURVE('',#628,#626,#74,.T.);
#795=EDGE_CURVE('',#627,#628,#373,.T.);
#796=EDGE_CURVE('',#629,#627,#374,.T.);
#797=EDGE_CURVE('',#630,#628,#375,.T.);
#798=EDGE_CURVE('',#629,#630,#376,.T.);
#799=EDGE_CURVE('',#616,#629,#75,.T.);
#800=EDGE_CURVE('',#617,#630,#76,.T.);
#801=EDGE_CURVE('',#631,#632,#377,.T.);
#802=EDGE_CURVE('',#632,#633,#378,.T.);
#803=EDGE_CURVE('',#634,#633,#379,.T.);
#804=EDGE_CURVE('',#631,#634,#380,.T.);
#805=EDGE_CURVE('',#635,#631,#77,.T.);
#806=EDGE_CURVE('',#636,#634,#78,.T.);
#807=EDGE_CURVE('',#635,#636,#381,.T.);
#808=EDGE_CURVE('',#637,#635,#382,.T.);
#809=EDGE_CURVE('',#638,#636,#383,.T.);
#810=EDGE_CURVE('',#637,#638,#384,.T.);
#811=EDGE_CURVE('',#639,#637,#79,.T.);
#812=EDGE_CURVE('',#640,#638,#80,.T.);
#813=EDGE_CURVE('',#639,#640,#385,.T.);
#814=EDGE_CURVE('',#641,#639,#386,.T.);
#815=EDGE_CURVE('',#642,#640,#387,.T.);
#816=EDGE_CURVE('',#641,#642,#388,.T.);
#817=EDGE_CURVE('',#643,#641,#81,.T.);
#818=EDGE_CURVE('',#644,#642,#82,.T.);
#819=EDGE_CURVE('',#643,#644,#389,.T.);
#820=EDGE_CURVE('',#645,#643,#390,.T.);
#821=EDGE_CURVE('',#646,#644,#391,.T.);
#822=EDGE_CURVE('',#645,#646,#392,.T.);
#823=EDGE_CURVE('',#632,#645,#83,.T.);
#824=EDGE_CURVE('',#633,#646,#84,.T.);
#825=EDGE_CURVE('',#647,#648,#85,.T.);
#826=EDGE_CURVE('',#648,#649,#393,.T.);
#827=EDGE_CURVE('',#649,#650,#86,.T.);
#828=EDGE_CURVE('',#650,#651,#394,.T.);
#829=EDGE_CURVE('',#651,#652,#87,.T.);
#830=EDGE_CURVE('',#652,#653,#395,.T.);
#831=EDGE_CURVE('',#653,#654,#88,.T.);
#832=EDGE_CURVE('',#654,#647,#396,.T.);
#833=EDGE_CURVE('',#550,#545,#397,.T.);
#834=EDGE_CURVE('',#655,#655,#89,.T.);
#835=EDGE_CURVE('',#656,#656,#90,.T.);
#836=EDGE_CURVE('',#657,#657,#91,.T.);
#837=EDGE_CURVE('',#658,#658,#92,.T.);
#838=EDGE_CURVE('',#549,#546,#398,.T.);
#839=EDGE_CURVE('',#655,#659,#399,.T.);
#840=EDGE_CURVE('',#659,#659,#93,.T.);
#841=EDGE_CURVE('',#656,#660,#400,.T.);
#842=EDGE_CURVE('',#660,#660,#94,.T.);
#843=EDGE_CURVE('',#657,#661,#401,.T.);
#844=EDGE_CURVE('',#661,#661,#95,.T.);
#845=EDGE_CURVE('',#658,#662,#402,.T.);
#846=EDGE_CURVE('',#662,#662,#96,.T.);
#847=EDGE_CURVE('',#663,#664,#403,.T.);
#848=EDGE_CURVE('',#663,#647,#404,.T.);
#849=EDGE_CURVE('',#664,#654,#405,.T.);
#850=EDGE_CURVE('',#665,#664,#97,.T.);
#851=EDGE_CURVE('',#665,#653,#406,.T.);
#852=EDGE_CURVE('',#665,#666,#407,.T.);
#853=EDGE_CURVE('',#666,#652,#408,.T.);
#854=EDGE_CURVE('',#667,#666,#98,.T.);
#855=EDGE_CURVE('',#667,#651,#409,.T.);
#856=EDGE_CURVE('',#668,#667,#410,.T.);
#857=EDGE_CURVE('',#668,#650,#411,.T.);
#858=EDGE_CURVE('',#669,#668,#99,.T.);
#859=EDGE_CURVE('',#669,#649,#412,.T.);
#860=EDGE_CURVE('',#670,#669,#413,.T.);
#861=EDGE_CURVE('',#670,#648,#414,.T.);
#862=EDGE_CURVE('',#663,#670,#100,.T.);
#863=ORIENTED_EDGE('',*,*,#671,.T.);
#864=ORIENTED_EDGE('',*,*,#672,.F.);
#865=ORIENTED_EDGE('',*,*,#673,.F.);
#866=ORIENTED_EDGE('',*,*,#674,.T.);
#867=ORIENTED_EDGE('',*,*,#675,.F.);
#868=ORIENTED_EDGE('',*,*,#676,.T.);
#869=ORIENTED_EDGE('',*,*,#671,.F.);
#870=ORIENTED_EDGE('',*,*,#677,.F.);
#871=ORIENTED_EDGE('',*,*,#675,.T.);
#872=ORIENTED_EDGE('',*,*,#678,.T.);
#873=ORIENTED_EDGE('',*,*,#679,.T.);
#874=ORIENTED_EDGE('',*,*,#680,.F.);
#875=ORIENTED_EDGE('',*,*,#681,.T.);
#876=ORIENTED_EDGE('',*,*,#682,.T.);
#877=ORIENTED_EDGE('',*,*,#683,.F.);
#878=ORIENTED_EDGE('',*,*,#684,.F.);
#879=ORIENTED_EDGE('',*,*,#685,.T.);
#880=ORIENTED_EDGE('',*,*,#684,.T.);
#881=ORIENTED_EDGE('',*,*,#686,.F.);
#882=ORIENTED_EDGE('',*,*,#687,.F.);
#883=ORIENTED_EDGE('',*,*,#688,.T.);
#884=ORIENTED_EDGE('',*,*,#687,.T.);
#885=ORIENTED_EDGE('',*,*,#689,.F.);
#886=ORIENTED_EDGE('',*,*,#690,.F.);
#887=ORIENTED_EDGE('',*,*,#691,.T.);
#888=ORIENTED_EDGE('',*,*,#690,.T.);
#889=ORIENTED_EDGE('',*,*,#692,.F.);
#890=ORIENTED_EDGE('',*,*,#693,.F.);
#891=ORIENTED_EDGE('',*,*,#694,.T.);
#892=ORIENTED_EDGE('',*,*,#693,.T.);
#893=ORIENTED_EDGE('',*,*,#695,.F.);
#894=ORIENTED_EDGE('',*,*,#696,.F.);
#895=ORIENTED_EDGE('',*,*,#697,.T.);
#896=ORIENTED_EDGE('',*,*,#696,.T.);
#897=ORIENTED_EDGE('',*,*,#698,.F.);
#898=ORIENTED_EDGE('',*,*,#699,.F.);
#899=ORIENTED_EDGE('',*,*,#700,.T.);
#900=ORIENTED_EDGE('',*,*,#699,.T.);
#901=ORIENTED_EDGE('',*,*,#701,.F.);
#902=ORIENTED_EDGE('',*,*,#702,.F.);
#903=ORIENTED_EDGE('',*,*,#703,.T.);
#904=ORIENTED_EDGE('',*,*,#702,.T.);
#905=ORIENTED_EDGE('',*,*,#704,.F.);
#906=ORIENTED_EDGE('',*,*,#682,.F.);
#907=ORIENTED_EDGE('',*,*,#705,.T.);
#908=ORIENTED_EDGE('',*,*,#706,.T.);
#909=ORIENTED_EDGE('',*,*,#707,.F.);
#910=ORIENTED_EDGE('',*,*,#708,.F.);
#911=ORIENTED_EDGE('',*,*,#709,.T.);
#912=ORIENTED_EDGE('',*,*,#708,.T.);
#913=ORIENTED_EDGE('',*,*,#710,.F.);
#914=ORIENTED_EDGE('',*,*,#711,.F.);
#915=ORIENTED_EDGE('',*,*,#712,.T.);
#916=ORIENTED_EDGE('',*,*,#711,.T.);
#917=ORIENTED_EDGE('',*,*,#713,.F.);
#918=ORIENTED_EDGE('',*,*,#714,.F.);
#919=ORIENTED_EDGE('',*,*,#715,.T.);
#920=ORIENTED_EDGE('',*,*,#714,.T.);
#921=ORIENTED_EDGE('',*,*,#716,.F.);
#922=ORIENTED_EDGE('',*,*,#717,.F.);
#923=ORIENTED_EDGE('',*,*,#718,.T.);
#924=ORIENTED_EDGE('',*,*,#717,.T.);
#925=ORIENTED_EDGE('',*,*,#719,.F.);
#926=ORIENTED_EDGE('',*,*,#720,.F.);
#927=ORIENTED_EDGE('',*,*,#721,.T.);
#928=ORIENTED_EDGE('',*,*,#720,.T.);
#929=ORIENTED_EDGE('',*,*,#722,.F.);
#930=ORIENTED_EDGE('',*,*,#723,.F.);
#931=ORIENTED_EDGE('',*,*,#724,.T.);
#932=ORIENTED_EDGE('',*,*,#723,.T.);
#933=ORIENTED_EDGE('',*,*,#725,.F.);
#934=ORIENTED_EDGE('',*,*,#726,.F.);
#935=ORIENTED_EDGE('',*,*,#727,.T.);
#936=ORIENTED_EDGE('',*,*,#726,.T.);
#937=ORIENTED_EDGE('',*,*,#728,.F.);
#938=ORIENTED_EDGE('',*,*,#706,.F.);
#939=ORIENTED_EDGE('',*,*,#729,.T.);
#940=ORIENTED_EDGE('',*,*,#730,.T.);
#941=ORIENTED_EDGE('',*,*,#731,.F.);
#942=ORIENTED_EDGE('',*,*,#732,.F.);
#943=ORIENTED_EDGE('',*,*,#733,.T.);
#944=ORIENTED_EDGE('',*,*,#732,.T.);
#945=ORIENTED_EDGE('',*,*,#734,.F.);
#946=ORIENTED_EDGE('',*,*,#735,.F.);
#947=ORIENTED_EDGE('',*,*,#736,.T.);
#948=ORIENTED_EDGE('',*,*,#735,.T.);
#949=ORIENTED_EDGE('',*,*,#737,.F.);
#950=ORIENTED_EDGE('',*,*,#738,.F.);
#951=ORIENTED_EDGE('',*,*,#739,.T.);
#952=ORIENTED_EDGE('',*,*,#738,.T.);
#953=ORIENTED_EDGE('',*,*,#740,.F.);
#954=ORIENTED_EDGE('',*,*,#741,.F.);
#955=ORIENTED_EDGE('',*,*,#742,.T.);
#956=ORIENTED_EDGE('',*,*,#741,.T.);
#957=ORIENTED_EDGE('',*,*,#743,.F.);
#958=ORIENTED_EDGE('',*,*,#744,.F.);
#959=ORIENTED_EDGE('',*,*,#745,.T.);
#960=ORIENTED_EDGE('',*,*,#744,.T.);
#961=ORIENTED_EDGE('',*,*,#746,.F.);
#962=ORIENTED_EDGE('',*,*,#747,.F.);
#963=ORIENTED_EDGE('',*,*,#748,.T.);
#964=ORIENTED_EDGE('',*,*,#747,.T.);
#965=ORIENTED_EDGE('',*,*,#749,.F.);
#966=ORIENTED_EDGE('',*,*,#750,.F.);
#967=ORIENTED_EDGE('',*,*,#751,.T.);
#968=ORIENTED_EDGE('',*,*,#750,.T.);
#969=ORIENTED_EDGE('',*,*,#752,.F.);
#970=ORIENTED_EDGE('',*,*,#730,.F.);
#971=ORIENTED_EDGE('',*,*,#753,.T.);
#972=ORIENTED_EDGE('',*,*,#754,.T.);
#973=ORIENTED_EDGE('',*,*,#755,.F.);
#974=ORIENTED_EDGE('',*,*,#756,.F.);
#975=ORIENTED_EDGE('',*,*,#757,.T.);
#976=ORIENTED_EDGE('',*,*,#756,.T.);
#977=ORIENTED_EDGE('',*,*,#758,.F.);
#978=ORIENTED_EDGE('',*,*,#759,.F.);
#979=ORIENTED_EDGE('',*,*,#760,.T.);
#980=ORIENTED_EDGE('',*,*,#759,.T.);
#981=ORIENTED_EDGE('',*,*,#761,.F.);
#982=ORIENTED_EDGE('',*,*,#762,.F.);
#983=ORIENTED_EDGE('',*,*,#763,.T.);
#984=ORIENTED_EDGE('',*,*,#762,.T.);
#985=ORIENTED_EDGE('',*,*,#764,.F.);
#986=ORIENTED_EDGE('',*,*,#765,.F.);
#987=ORIENTED_EDGE('',*,*,#766,.T.);
#988=ORIENTED_EDGE('',*,*,#765,.T.);
#989=ORIENTED_EDGE('',*,*,#767,.F.);
#990=ORIENTED_EDGE('',*,*,#768,.F.);
#991=ORIENTED_EDGE('',*,*,#769,.T.);
#992=ORIENTED_EDGE('',*,*,#768,.T.);
#993=ORIENTED_EDGE('',*,*,#770,.F.);
#994=ORIENTED_EDGE('',*,*,#771,.F.);
#995=ORIENTED_EDGE('',*,*,#772,.T.);
#996=ORIENTED_EDGE('',*,*,#771,.T.);
#997=ORIENTED_EDGE('',*,*,#773,.F.);
#998=ORIENTED_EDGE('',*,*,#774,.F.);
#999=ORIENTED_EDGE('',*,*,#775,.T.);
#1000=ORIENTED_EDGE('',*,*,#774,.T.);
#1001=ORIENTED_EDGE('',*,*,#776,.F.);
#1002=ORIENTED_EDGE('',*,*,#754,.F.);
#1003=ORIENTED_EDGE('',*,*,#777,.T.);
#1004=ORIENTED_EDGE('',*,*,#778,.T.);
#1005=ORIENTED_EDGE('',*,*,#779,.F.);
#1006=ORIENTED_EDGE('',*,*,#780,.F.);
#1007=ORIENTED_EDGE('',*,*,#781,.T.);
#1008=ORIENTED_EDGE('',*,*,#780,.T.);
#1009=ORIENTED_EDGE('',*,*,#782,.F.);
#1010=ORIENTED_EDGE('',*,*,#783,.F.);
#1011=ORIENTED_EDGE('',*,*,#784,.T.);
#1012=ORIENTED_EDGE('',*,*,#783,.T.);
#1013=ORIENTED_EDGE('',*,*,#785,.F.);
#1014=ORIENTED_EDGE('',*,*,#786,.F.);
#1015=ORIENTED_EDGE('',*,*,#787,.T.);
#1016=ORIENTED_EDGE('',*,*,#786,.T.);
#1017=ORIENTED_EDGE('',*,*,#788,.F.);
#1018=ORIENTED_EDGE('',*,*,#789,.F.);
#1019=ORIENTED_EDGE('',*,*,#790,.T.);
#1020=ORIENTED_EDGE('',*,*,#789,.T.);
#1021=ORIENTED_EDGE('',*,*,#791,.F.);
#1022=ORIENTED_EDGE('',*,*,#792,.F.);
#1023=ORIENTED_EDGE('',*,*,#793,.T.);
#1024=ORIENTED_EDGE('',*,*,#792,.T.);
#1025=ORIENTED_EDGE('',*,*,#794,.F.);
#1026=ORIENTED_EDGE('',*,*,#795,.F.);
#1027=ORIENTED_EDGE('',*,*,#796,.T.);
#1028=ORIENTED_EDGE('',*,*,#795,.T.);
#1029=ORIENTED_EDGE('',*,*,#797,.F.);
#1030=ORIENTED_EDGE('',*,*,#798,.F.);
#1031=ORIENTED_EDGE('',*,*,#799,.T.);
#1032=ORIENTED_EDGE('',*,*,#798,.T.);
#1033=ORIENTED_EDGE('',*,*,#800,.F.);
#1034=ORIENTED_EDGE('',*,*,#778,.F.);
#1035=ORIENTED_EDGE('',*,*,#801,.T.);
#1036=ORIENTED_EDGE('',*,*,#802,.T.);
#1037=ORIENTED_EDGE('',*,*,#803,.F.);
#1038=ORIENTED_EDGE('',*,*,#804,.F.);
#1039=ORIENTED_EDGE('',*,*,#805,.T.);
#1040=ORIENTED_EDGE('',*,*,#804,.T.);
#1041=ORIENTED_EDGE('',*,*,#806,.F.);
#1042=ORIENTED_EDGE('',*,*,#807,.F.);
#1043=ORIENTED_EDGE('',*,*,#808,.T.);
#1044=ORIENTED_EDGE('',*,*,#807,.T.);
#1045=ORIENTED_EDGE('',*,*,#809,.F.);
#1046=ORIENTED_EDGE('',*,*,#810,.F.);
#1047=ORIENTED_EDGE('',*,*,#811,.T.);
#1048=ORIENTED_EDGE('',*,*,#810,.T.);
#1049=ORIENTED_EDGE('',*,*,#812,.F.);
#1050=ORIENTED_EDGE('',*,*,#813,.F.);
#1051=ORIENTED_EDGE('',*,*,#814,.T.);
#1052=ORIENTED_EDGE('',*,*,#813,.T.);
#1053=ORIENTED_EDGE('',*,*,#815,.F.);
#1054=ORIENTED_EDGE('',*,*,#816,.F.);
#1055=ORIENTED_EDGE('',*,*,#817,.T.);
#1056=ORIENTED_EDGE('',*,*,#816,.T.);
#1057=ORIENTED_EDGE('',*,*,#818,.F.);
#1058=ORIENTED_EDGE('',*,*,#819,.F.);
#1059=ORIENTED_EDGE('',*,*,#820,.T.);
#1060=ORIENTED_EDGE('',*,*,#819,.T.);
#1061=ORIENTED_EDGE('',*,*,#821,.F.);
#1062=ORIENTED_EDGE('',*,*,#822,.F.);
#1063=ORIENTED_EDGE('',*,*,#823,.T.);
#1064=ORIENTED_EDGE('',*,*,#822,.T.);
#1065=ORIENTED_EDGE('',*,*,#824,.F.);
#1066=ORIENTED_EDGE('',*,*,#802,.F.);
#1067=ORIENTED_EDGE('',*,*,#825,.T.);
#1068=ORIENTED_EDGE('',*,*,#826,.T.);
#1069=ORIENTED_EDGE('',*,*,#827,.T.);
#1070=ORIENTED_EDGE('',*,*,#828,.T.);
#1071=ORIENTED_EDGE('',*,*,#829,.T.);
#1072=ORIENTED_EDGE('',*,*,#830,.T.);
#1073=ORIENTED_EDGE('',*,*,#831,.T.);
#1074=ORIENTED_EDGE('',*,*,#832,.T.);
#1075=ORIENTED_EDGE('',*,*,#704,.T.);
#1076=ORIENTED_EDGE('',*,*,#701,.T.);
#1077=ORIENTED_EDGE('',*,*,#698,.T.);
#1078=ORIENTED_EDGE('',*,*,#695,.T.);
#1079=ORIENTED_EDGE('',*,*,#692,.T.);
#1080=ORIENTED_EDGE('',*,*,#689,.T.);
#1081=ORIENTED_EDGE('',*,*,#686,.T.);
#1082=ORIENTED_EDGE('',*,*,#683,.T.);
#1083=ORIENTED_EDGE('',*,*,#728,.T.);
#1084=ORIENTED_EDGE('',*,*,#725,.T.);
#1085=ORIENTED_EDGE('',*,*,#722,.T.);
#1086=ORIENTED_EDGE('',*,*,#719,.T.);
#1087=ORIENTED_EDGE('',*,*,#716,.T.);
#1088=ORIENTED_EDGE('',*,*,#713,.T.);
#1089=ORIENTED_EDGE('',*,*,#710,.T.);
#1090=ORIENTED_EDGE('',*,*,#707,.T.);
#1091=ORIENTED_EDGE('',*,*,#752,.T.);
#1092=ORIENTED_EDGE('',*,*,#749,.T.);
#1093=ORIENTED_EDGE('',*,*,#746,.T.);
#1094=ORIENTED_EDGE('',*,*,#743,.T.);
#1095=ORIENTED_EDGE('',*,*,#740,.T.);
#1096=ORIENTED_EDGE('',*,*,#737,.T.);
#1097=ORIENTED_EDGE('',*,*,#734,.T.);
#1098=ORIENTED_EDGE('',*,*,#731,.T.);
#1099=ORIENTED_EDGE('',*,*,#776,.T.);
#1100=ORIENTED_EDGE('',*,*,#773,.T.);
#1101=ORIENTED_EDGE('',*,*,#770,.T.);
#1102=ORIENTED_EDGE('',*,*,#767,.T.);
#1103=ORIENTED_EDGE('',*,*,#764,.T.);
#1104=ORIENTED_EDGE('',*,*,#761,.T.);
#1105=ORIENTED_EDGE('',*,*,#758,.T.);
#1106=ORIENTED_EDGE('',*,*,#755,.T.);
#1107=ORIENTED_EDGE('',*,*,#800,.T.);
#1108=ORIENTED_EDGE('',*,*,#797,.T.);
#1109=ORIENTED_EDGE('',*,*,#794,.T.);
#1110=ORIENTED_EDGE('',*,*,#791,.T.);
#1111=ORIENTED_EDGE('',*,*,#788,.T.);
#1112=ORIENTED_EDGE('',*,*,#785,.T.);
#1113=ORIENTED_EDGE('',*,*,#782,.T.);
#1114=ORIENTED_EDGE('',*,*,#779,.T.);
#1115=ORIENTED_EDGE('',*,*,#824,.T.);
#1116=ORIENTED_EDGE('',*,*,#821,.T.);
#1117=ORIENTED_EDGE('',*,*,#818,.T.);
#1118=ORIENTED_EDGE('',*,*,#815,.T.);
#1119=ORIENTED_EDGE('',*,*,#812,.T.);
#1120=ORIENTED_EDGE('',*,*,#809,.T.);
#1121=ORIENTED_EDGE('',*,*,#806,.T.);
#1122=ORIENTED_EDGE('',*,*,#803,.T.);
#1123=ORIENTED_EDGE('',*,*,#680,.T.);
#1124=ORIENTED_EDGE('',*,*,#833,.T.);
#1125=ORIENTED_EDGE('',*,*,#672,.T.);
#1126=ORIENTED_EDGE('',*,*,#676,.F.);
#1127=ORIENTED_EDGE('',*,*,#834,.T.);
#1128=ORIENTED_EDGE('',*,*,#835,.T.);
#1129=ORIENTED_EDGE('',*,*,#836,.T.);
#1130=ORIENTED_EDGE('',*,*,#837,.T.);
#1131=ORIENTED_EDGE('',*,*,#838,.T.);
#1132=ORIENTED_EDGE('',*,*,#673,.T.);
#1133=ORIENTED_EDGE('',*,*,#833,.F.);
#1134=ORIENTED_EDGE('',*,*,#679,.F.);
#1135=ORIENTED_EDGE('',*,*,#834,.F.);
#1136=ORIENTED_EDGE('',*,*,#839,.T.);
#1137=ORIENTED_EDGE('',*,*,#840,.T.);
#1138=ORIENTED_EDGE('',*,*,#839,.F.);
#1139=ORIENTED_EDGE('',*,*,#835,.F.);
#1140=ORIENTED_EDGE('',*,*,#841,.T.);
#1141=ORIENTED_EDGE('',*,*,#842,.T.);
#1142=ORIENTED_EDGE('',*,*,#841,.F.);
#1143=ORIENTED_EDGE('',*,*,#836,.F.);
#1144=ORIENTED_EDGE('',*,*,#843,.T.);
#1145=ORIENTED_EDGE('',*,*,#844,.T.);
#1146=ORIENTED_EDGE('',*,*,#843,.F.);
#1147=ORIENTED_EDGE('',*,*,#837,.F.);
#1148=ORIENTED_EDGE('',*,*,#845,.T.);
#1149=ORIENTED_EDGE('',*,*,#846,.T.);
#1150=ORIENTED_EDGE('',*,*,#845,.F.);
#1151=ORIENTED_EDGE('',*,*,#847,.F.);
#1152=ORIENTED_EDGE('',*,*,#848,.T.);
#1153=ORIENTED_EDGE('',*,*,#832,.F.);
#1154=ORIENTED_EDGE('',*,*,#849,.F.);
#1155=ORIENTED_EDGE('',*,*,#850,.T.);
#1156=ORIENTED_EDGE('',*,*,#849,.T.);
#1157=ORIENTED_EDGE('',*,*,#831,.F.);
#1158=ORIENTED_EDGE('',*,*,#851,.F.);
#1159=ORIENTED_EDGE('',*,*,#852,.F.);
#1160=ORIENTED_EDGE('',*,*,#851,.T.);
#1161=ORIENTED_EDGE('',*,*,#830,.F.);
#1162=ORIENTED_EDGE('',*,*,#853,.F.);
#1163=ORIENTED_EDGE('',*,*,#854,.T.);
#1164=ORIENTED_EDGE('',*,*,#853,.T.);
#1165=ORIENTED_EDGE('',*,*,#829,.F.);
#1166=ORIENTED_EDGE('',*,*,#855,.F.);
#1167=ORIENTED_EDGE('',*,*,#856,.T.);
#1168=ORIENTED_EDGE('',*,*,#855,.T.);
#1169=ORIENTED_EDGE('',*,*,#828,.F.);
#1170=ORIENTED_EDGE('',*,*,#857,.F.);
#1171=ORIENTED_EDGE('',*,*,#858,.T.);
#1172=ORIENTED_EDGE('',*,*,#857,.T.);
#1173=ORIENTED_EDGE('',*,*,#827,.F.);
#1174=ORIENTED_EDGE('',*,*,#859,.F.);
#1175=ORIENTED_EDGE('',*,*,#860,.T.);
#1176=ORIENTED_EDGE('',*,*,#859,.T.);
#1177=ORIENTED_EDGE('',*,*,#826,.F.);
#1178=ORIENTED_EDGE('',*,*,#861,.F.);
#1179=ORIENTED_EDGE('',*,*,#862,.T.);
#1180=ORIENTED_EDGE('',*,*,#861,.T.);
#1181=ORIENTED_EDGE('',*,*,#825,.F.);
#1182=ORIENTED_EDGE('',*,*,#848,.F.);
#1183=ORIENTED_EDGE('',*,*,#862,.F.);
#1184=ORIENTED_EDGE('',*,*,#847,.T.);
#1185=ORIENTED_EDGE('',*,*,#850,.F.);
#1186=ORIENTED_EDGE('',*,*,#852,.T.);
#1187=ORIENTED_EDGE('',*,*,#854,.F.);
#1188=ORIENTED_EDGE('',*,*,#856,.F.);
#1189=ORIENTED_EDGE('',*,*,#858,.F.);
#1190=ORIENTED_EDGE('',*,*,#860,.F.);
#1191=ORIENTED_EDGE('',*,*,#823,.F.);
#1192=ORIENTED_EDGE('',*,*,#801,.F.);
#1193=ORIENTED_EDGE('',*,*,#805,.F.);
#1194=ORIENTED_EDGE('',*,*,#808,.F.);
#1195=ORIENTED_EDGE('',*,*,#811,.F.);
#1196=ORIENTED_EDGE('',*,*,#814,.F.);
#1197=ORIENTED_EDGE('',*,*,#817,.F.);
#1198=ORIENTED_EDGE('',*,*,#820,.F.);
#1199=ORIENTED_EDGE('',*,*,#799,.F.);
#1200=ORIENTED_EDGE('',*,*,#777,.F.);
#1201=ORIENTED_EDGE('',*,*,#781,.F.);
#1202=ORIENTED_EDGE('',*,*,#784,.F.);
#1203=ORIENTED_EDGE('',*,*,#787,.F.);
#1204=ORIENTED_EDGE('',*,*,#790,.F.);
#1205=ORIENTED_EDGE('',*,*,#793,.F.);
#1206=ORIENTED_EDGE('',*,*,#796,.F.);
#1207=ORIENTED_EDGE('',*,*,#775,.F.);
#1208=ORIENTED_EDGE('',*,*,#753,.F.);
#1209=ORIENTED_EDGE('',*,*,#757,.F.);
#1210=ORIENTED_EDGE('',*,*,#760,.F.);
#1211=ORIENTED_EDGE('',*,*,#763,.F.);
#1212=ORIENTED_EDGE('',*,*,#766,.F.);
#1213=ORIENTED_EDGE('',*,*,#769,.F.);
#1214=ORIENTED_EDGE('',*,*,#772,.F.);
#1215=ORIENTED_EDGE('',*,*,#751,.F.);
#1216=ORIENTED_EDGE('',*,*,#729,.F.);
#1217=ORIENTED_EDGE('',*,*,#733,.F.);
#1218=ORIENTED_EDGE('',*,*,#736,.F.);
#1219=ORIENTED_EDGE('',*,*,#739,.F.);
#1220=ORIENTED_EDGE('',*,*,#742,.F.);
#1221=ORIENTED_EDGE('',*,*,#745,.F.);
#1222=ORIENTED_EDGE('',*,*,#748,.F.);
#1223=ORIENTED_EDGE('',*,*,#727,.F.);
#1224=ORIENTED_EDGE('',*,*,#705,.F.);
#1225=ORIENTED_EDGE('',*,*,#709,.F.);
#1226=ORIENTED_EDGE('',*,*,#712,.F.);
#1227=ORIENTED_EDGE('',*,*,#715,.F.);
#1228=ORIENTED_EDGE('',*,*,#718,.F.);
#1229=ORIENTED_EDGE('',*,*,#721,.F.);
#1230=ORIENTED_EDGE('',*,*,#724,.F.);
#1231=ORIENTED_EDGE('',*,*,#703,.F.);
#1232=ORIENTED_EDGE('',*,*,#681,.F.);
#1233=ORIENTED_EDGE('',*,*,#685,.F.);
#1234=ORIENTED_EDGE('',*,*,#688,.F.);
#1235=ORIENTED_EDGE('',*,*,#691,.F.);
#1236=ORIENTED_EDGE('',*,*,#694,.F.);
#1237=ORIENTED_EDGE('',*,*,#697,.F.);
#1238=ORIENTED_EDGE('',*,*,#700,.F.);
#1239=ORIENTED_EDGE('',*,*,#677,.T.);
#1240=ORIENTED_EDGE('',*,*,#674,.F.);
#1241=ORIENTED_EDGE('',*,*,#838,.F.);
#1242=ORIENTED_EDGE('',*,*,#678,.F.);
#1243=ORIENTED_EDGE('',*,*,#846,.F.);
#1244=ORIENTED_EDGE('',*,*,#844,.F.);
#1245=ORIENTED_EDGE('',*,*,#842,.F.);
#1246=ORIENTED_EDGE('',*,*,#840,.F.);
#1247=PLANE('',#1361);
#1248=PLANE('',#1362);
#1249=PLANE('',#1363);
#1250=PLANE('',#1364);
#1251=PLANE('',#1368);
#1252=PLANE('',#1372);
#1253=PLANE('',#1376);
#1254=PLANE('',#1380);
#1255=PLANE('',#1384);
#1256=PLANE('',#1388);
#1257=PLANE('',#1392);
#1258=PLANE('',#1396);
#1259=PLANE('',#1400);
#1260=PLANE('',#1404);
#1261=PLANE('',#1408);
#1262=PLANE('',#1412);
#1263=PLANE('',#1416);
#1264=PLANE('',#1420);
#1265=PLANE('',#1424);
#1266=PLANE('',#1428);
#1267=PLANE('',#1432);
#1268=PLANE('',#1436);
#1269=PLANE('',#1440);
#1270=PLANE('',#1444);
#1271=PLANE('',#1448);
#1272=PLANE('',#1452);
#1273=PLANE('',#1456);
#1274=PLANE('',#1460);
#1275=PLANE('',#1469);
#1276=PLANE('',#1478);
#1277=PLANE('',#1481);
#1278=PLANE('',#1484);
#1279=PLANE('',#1487);
#1280=PLANE('',#1490);
#1281=ADVANCED_FACE('',(#133),#1247,.T.);
#1282=ADVANCED_FACE('',(#134),#1248,.T.);
#1283=ADVANCED_FACE('',(#135),#1249,.T.);
#1284=ADVANCED_FACE('',(#136),#1250,.T.);
#1285=ADVANCED_FACE('',(#137),#101,.F.);
#1286=ADVANCED_FACE('',(#138),#1251,.T.);
#1287=ADVANCED_FACE('',(#139),#102,.F.);
#1288=ADVANCED_FACE('',(#140),#1252,.T.);
#1289=ADVANCED_FACE('',(#141),#103,.F.);
#1290=ADVANCED_FACE('',(#142),#1253,.T.);
#1291=ADVANCED_FACE('',(#143),#104,.F.);
#1292=ADVANCED_FACE('',(#144),#1254,.T.);
#1293=ADVANCED_FACE('',(#145),#105,.F.);
#1294=ADVANCED_FACE('',(#146),#1255,.T.);
#1295=ADVANCED_FACE('',(#147),#106,.F.);
#1296=ADVANCED_FACE('',(#148),#1256,.T.);
#1297=ADVANCED_FACE('',(#149),#107,.F.);
#1298=ADVANCED_FACE('',(#150),#1257,.T.);
#1299=ADVANCED_FACE('',(#151),#108,.F.);
#1300=ADVANCED_FACE('',(#152),#1258,.T.);
#1301=ADVANCED_FACE('',(#153),#109,.F.);
#1302=ADVANCED_FACE('',(#154),#1259,.T.);
#1303=ADVANCED_FACE('',(#155),#110,.F.);
#1304=ADVANCED_FACE('',(#156),#1260,.T.);
#1305=ADVANCED_FACE('',(#157),#111,.F.);
#1306=ADVANCED_FACE('',(#158),#1261,.T.);
#1307=ADVANCED_FACE('',(#159),#112,.F.);
#1308=ADVANCED_FACE('',(#160),#1262,.T.);
#1309=ADVANCED_FACE('',(#161),#113,.F.);
#1310=ADVANCED_FACE('',(#162),#1263,.T.);
#1311=ADVANCED_FACE('',(#163),#114,.F.);
#1312=ADVANCED_FACE('',(#164),#1264,.T.);
#1313=ADVANCED_FACE('',(#165),#115,.F.);
#1314=ADVANCED_FACE('',(#166),#1265,.T.);
#1315=ADVANCED_FACE('',(#167),#116,.F.);
#1316=ADVANCED_FACE('',(#168),#1266,.T.);
#1317=ADVANCED_FACE('',(#169),#117,.F.);
#1318=ADVANCED_FACE('',(#170),#1267,.T.);
#1319=ADVANCED_FACE('',(#171),#118,.F.);
#1320=ADVANCED_FACE('',(#172),#1268,.T.);
#1321=ADVANCED_FACE('',(#173),#119,.F.);
#1322=ADVANCED_FACE('',(#174),#1269,.T.);
#1323=ADVANCED_FACE('',(#175),#120,.F.);
#1324=ADVANCED_FACE('',(#176),#1270,.T.);
#1325=ADVANCED_FACE('',(#177),#121,.F.);
#1326=ADVANCED_FACE('',(#178),#1271,.T.);
#1327=ADVANCED_FACE('',(#179),#122,.F.);
#1328=ADVANCED_FACE('',(#180),#1272,.T.);
#1329=ADVANCED_FACE('',(#181),#123,.F.);
#1330=ADVANCED_FACE('',(#182),#1273,.T.);
#1331=ADVANCED_FACE('',(#183),#124,.F.);
#1332=ADVANCED_FACE('',(#184,#15,#16,#17,#18,#19,#20,#21,#22,#23,#24,#25),
#1274,.T.);
#1333=ADVANCED_FACE('',(#185),#1275,.T.);
#1334=ADVANCED_FACE('',(#186),#125,.F.);
#1335=ADVANCED_FACE('',(#187),#126,.F.);
#1336=ADVANCED_FACE('',(#188),#127,.F.);
#1337=ADVANCED_FACE('',(#189),#128,.F.);
#1338=ADVANCED_FACE('',(#190),#1276,.T.);
#1339=ADVANCED_FACE('',(#191),#129,.T.);
#1340=ADVANCED_FACE('',(#192),#1277,.T.);
#1341=ADVANCED_FACE('',(#193),#130,.T.);
#1342=ADVANCED_FACE('',(#194),#1278,.T.);
#1343=ADVANCED_FACE('',(#195),#131,.T.);
#1344=ADVANCED_FACE('',(#196),#1279,.T.);
#1345=ADVANCED_FACE('',(#197),#132,.T.);
#1346=ADVANCED_FACE('',(#198,#26,#27,#28,#29,#30,#31,#32,#33,#34,#35,#36),
#1280,.F.);
#1347=CLOSED_SHELL('',(#1281,#1282,#1283,#1284,#1285,#1286,#1287,#1288,
#1289,#1290,#1291,#1292,#1293,#1294,#1295,#1296,#1297,#1298,#1299,#1300,
#1301,#1302,#1303,#1304,#1305,#1306,#1307,#1308,#1309,#1310,#1311,#1312,
#1313,#1314,#1315,#1316,#1317,#1318,#1319,#1320,#1321,#1322,#1323,#1324,
#1325,#1326,#1327,#1328,#1329,#1330,#1331,#1332,#1333,#1334,#1335,#1336,
#1337,#1338,#1339,#1340,#1341,#1342,#1343,#1344,#1345,#1346));
#1348=DERIVED_UNIT_ELEMENT(#1350,1.);
#1349=DERIVED_UNIT_ELEMENT(#2273,-3.);
#1350=(
MASS_UNIT()
NAMED_UNIT(*)
SI_UNIT(.KILO.,.GRAM.)
);
#1351=DERIVED_UNIT((#1348,#1349));
#1352=MEASURE_REPRESENTATION_ITEM('density measure',
POSITIVE_RATIO_MEASURE(7850.),#1351);
#1353=PROPERTY_DEFINITION_REPRESENTATION(#1358,#1355);
#1354=PROPERTY_DEFINITION_REPRESENTATION(#1359,#1356);
#1355=REPRESENTATION('material name',(#1357),#2270);
#1356=REPRESENTATION('density',(#1352),#2270);
#1357=DESCRIPTIVE_REPRESENTATION_ITEM('Steel','Steel');
#1358=PROPERTY_DEFINITION('material property','material name',#2280);
#1359=PROPERTY_DEFINITION('material property','density of part',#2280);
#1360=AXIS2_PLACEMENT_3D('',#1881,#1491,#1492);
#1361=AXIS2_PLACEMENT_3D('',#1882,#1493,#1494);
#1362=AXIS2_PLACEMENT_3D('',#1891,#1499,#1500);
#1363=AXIS2_PLACEMENT_3D('',#1897,#1504,#1505);
#1364=AXIS2_PLACEMENT_3D('',#1903,#1509,#1510);
#1365=AXIS2_PLACEMENT_3D('',#1912,#1515,#1516);
#1366=AXIS2_PLACEMENT_3D('',#1914,#1517,#1518);
#1367=AXIS2_PLACEMENT_3D('',#1916,#1519,#1520);
#1368=AXIS2_PLACEMENT_3D('',#1918,#1522,#1523);
#1369=AXIS2_PLACEMENT_3D('',#1924,#1527,#1528);
#1370=AXIS2_PLACEMENT_3D('',#1926,#1529,#1530);
#1371=AXIS2_PLACEMENT_3D('',#1928,#1531,#1532);
#1372=AXIS2_PLACEMENT_3D('',#1930,#1534,#1535);
#1373=AXIS2_PLACEMENT_3D('',#1936,#1539,#1540);
#1374=AXIS2_PLACEMENT_3D('',#1938,#1541,#1542);
#1375=AXIS2_PLACEMENT_3D('',#1940,#1543,#1544);
#1376=AXIS2_PLACEMENT_3D('',#1942,#1546,#1547);
#1377=AXIS2_PLACEMENT_3D('',#1948,#1551,#1552);
#1378=AXIS2_PLACEMENT_3D('',#1949,#1553,#1554);
#1379=AXIS2_PLACEMENT_3D('',#1950,#1555,#1556);
#1380=AXIS2_PLACEMENT_3D('',#1951,#1557,#1558);
#1381=AXIS2_PLACEMENT_3D('',#1960,#1563,#1564);
#1382=AXIS2_PLACEMENT_3D('',#1962,#1565,#1566);
#1383=AXIS2_PLACEMENT_3D('',#1964,#1567,#1568);
#1384=AXIS2_PLACEMENT_3D('',#1966,#1570,#1571);
#1385=AXIS2_PLACEMENT_3D('',#1972,#1575,#1576);
#1386=AXIS2_PLACEMENT_3D('',#1974,#1577,#1578);
#1387=AXIS2_PLACEMENT_3D('',#1976,#1579,#1580);
#1388=AXIS2_PLACEMENT_3D('',#1978,#1582,#1583);
#1389=AXIS2_PLACEMENT_3D('',#1984,#1587,#1588);
#1390=AXIS2_PLACEMENT_3D('',#1986,#1589,#1590);
#1391=AXIS2_PLACEMENT_3D('',#1988,#1591,#1592);
#1392=AXIS2_PLACEMENT_3D('',#1990,#1594,#1595);
#1393=AXIS2_PLACEMENT_3D('',#1996,#1599,#1600);
#1394=AXIS2_PLACEMENT_3D('',#1997,#1601,#1602);
#1395=AXIS2_PLACEMENT_3D('',#1998,#1603,#1604);
#1396=AXIS2_PLACEMENT_3D('',#1999,#1605,#1606);
#1397=AXIS2_PLACEMENT_3D('',#2008,#1611,#1612);
#1398=AXIS2_PLACEMENT_3D('',#2010,#1613,#1614);
#1399=AXIS2_PLACEMENT_3D('',#2012,#1615,#1616);
#1400=AXIS2_PLACEMENT_3D('',#2014,#1618,#1619);
#1401=AXIS2_PLACEMENT_3D('',#2020,#1623,#1624);
#1402=AXIS2_PLACEMENT_3D('',#2022,#1625,#1626);
#1403=AXIS2_PLACEMENT_3D('',#2024,#1627,#1628);
#1404=AXIS2_PLACEMENT_3D('',#2026,#1630,#1631);
#1405=AXIS2_PLACEMENT_3D('',#2032,#1635,#1636);
#1406=AXIS2_PLACEMENT_3D('',#2034,#1637,#1638);
#1407=AXIS2_PLACEMENT_3D('',#2036,#1639,#1640);
#1408=AXIS2_PLACEMENT_3D('',#2038,#1642,#1643);
#1409=AXIS2_PLACEMENT_3D('',#2044,#1647,#1648);
#1410=AXIS2_PLACEMENT_3D('',#2045,#1649,#1650);
#1411=AXIS2_PLACEMENT_3D('',#2046,#1651,#1652);
#1412=AXIS2_PLACEMENT_3D('',#2047,#1653,#1654);
#1413=AXIS2_PLACEMENT_3D('',#2056,#1659,#1660);
#1414=AXIS2_PLACEMENT_3D('',#2058,#1661,#1662);
#1415=AXIS2_PLACEMENT_3D('',#2060,#1663,#1664);
#1416=AXIS2_PLACEMENT_3D('',#2062,#1666,#1667);
#1417=AXIS2_PLACEMENT_3D('',#2068,#1671,#1672);
#1418=AXIS2_PLACEMENT_3D('',#2070,#1673,#1674);
#1419=AXIS2_PLACEMENT_3D('',#2072,#1675,#1676);
#1420=AXIS2_PLACEMENT_3D('',#2074,#1678,#1679);
#1421=AXIS2_PLACEMENT_3D('',#2080,#1683,#1684);
#1422=AXIS2_PLACEMENT_3D('',#2082,#1685,#1686);
#1423=AXIS2_PLACEMENT_3D('',#2084,#1687,#1688);
#1424=AXIS2_PLACEMENT_3D('',#2086,#1690,#1691);
#1425=AXIS2_PLACEMENT_3D('',#2092,#1695,#1696);
#1426=AXIS2_PLACEMENT_3D('',#2093,#1697,#1698);
#1427=AXIS2_PLACEMENT_3D('',#2094,#1699,#1700);
#1428=AXIS2_PLACEMENT_3D('',#2095,#1701,#1702);
#1429=AXIS2_PLACEMENT_3D('',#2104,#1707,#1708);
#1430=AXIS2_PLACEMENT_3D('',#2106,#1709,#1710);
#1431=AXIS2_PLACEMENT_3D('',#2108,#1711,#1712);
#1432=AXIS2_PLACEMENT_3D('',#2110,#1714,#1715);
#1433=AXIS2_PLACEMENT_3D('',#2116,#1719,#1720);
#1434=AXIS2_PLACEMENT_3D('',#2118,#1721,#1722);
#1435=AXIS2_PLACEMENT_3D('',#2120,#1723,#1724);
#1436=AXIS2_PLACEMENT_3D('',#2122,#1726,#1727);
#1437=AXIS2_PLACEMENT_3D('',#2128,#1731,#1732);
#1438=AXIS2_PLACEMENT_3D('',#2130,#1733,#1734);
#1439=AXIS2_PLACEMENT_3D('',#2132,#1735,#1736);
#1440=AXIS2_PLACEMENT_3D('',#2134,#1738,#1739);
#1441=AXIS2_PLACEMENT_3D('',#2140,#1743,#1744);
#1442=AXIS2_PLACEMENT_3D('',#2141,#1745,#1746);
#1443=AXIS2_PLACEMENT_3D('',#2142,#1747,#1748);
#1444=AXIS2_PLACEMENT_3D('',#2143,#1749,#1750);
#1445=AXIS2_PLACEMENT_3D('',#2152,#1755,#1756);
#1446=AXIS2_PLACEMENT_3D('',#2154,#1757,#1758);
#1447=AXIS2_PLACEMENT_3D('',#2156,#1759,#1760);
#1448=AXIS2_PLACEMENT_3D('',#2158,#1762,#1763);
#1449=AXIS2_PLACEMENT_3D('',#2164,#1767,#1768);
#1450=AXIS2_PLACEMENT_3D('',#2166,#1769,#1770);
#1451=AXIS2_PLACEMENT_3D('',#2168,#1771,#1772);
#1452=AXIS2_PLACEMENT_3D('',#2170,#1774,#1775);
#1453=AXIS2_PLACEMENT_3D('',#2176,#1779,#1780);
#1454=AXIS2_PLACEMENT_3D('',#2178,#1781,#1782);
#1455=AXIS2_PLACEMENT_3D('',#2180,#1783,#1784);
#1456=AXIS2_PLACEMENT_3D('',#2182,#1786,#1787);
#1457=AXIS2_PLACEMENT_3D('',#2188,#1791,#1792);
#1458=AXIS2_PLACEMENT_3D('',#2189,#1793,#1794);
#1459=AXIS2_PLACEMENT_3D('',#2190,#1795,#1796);
#1460=AXIS2_PLACEMENT_3D('',#2191,#1797,#1798);
#1461=AXIS2_PLACEMENT_3D('',#2194,#1799,#1800);
#1462=AXIS2_PLACEMENT_3D('',#2198,#1802,#1803);
#1463=AXIS2_PLACEMENT_3D('',#2202,#1805,#1806);
#1464=AXIS2_PLACEMENT_3D('',#2206,#1808,#1809);
#1465=AXIS2_PLACEMENT_3D('',#2210,#1812,#1813);
#1466=AXIS2_PLACEMENT_3D('',#2212,#1814,#1815);
#1467=AXIS2_PLACEMENT_3D('',#2214,#1816,#1817);
#1468=AXIS2_PLACEMENT_3D('',#2216,#1818,#1819);
#1469=AXIS2_PLACEMENT_3D('',#2217,#1820,#1821);
#1470=AXIS2_PLACEMENT_3D('',#2219,#1823,#1824);
#1471=AXIS2_PLACEMENT_3D('',#2222,#1826,#1827);
#1472=AXIS2_PLACEMENT_3D('',#2223,#1828,#1829);
#1473=AXIS2_PLACEMENT_3D('',#2226,#1831,#1832);
#1474=AXIS2_PLACEMENT_3D('',#2227,#1833,#1834);
#1475=AXIS2_PLACEMENT_3D('',#2230,#1836,#1837);
#1476=AXIS2_PLACEMENT_3D('',#2231,#1838,#1839);
#1477=AXIS2_PLACEMENT_3D('',#2234,#1841,#1842);
#1478=AXIS2_PLACEMENT_3D('',#2235,#1843,#1844);
#1479=AXIS2_PLACEMENT_3D('',#2241,#1848,#1849);
#1480=AXIS2_PLACEMENT_3D('',#2243,#1850,#1851);
#1481=AXIS2_PLACEMENT_3D('',#2245,#1853,#1854);
#1482=AXIS2_PLACEMENT_3D('',#2249,#1857,#1858);
#1483=AXIS2_PLACEMENT_3D('',#2251,#1859,#1860);
#1484=AXIS2_PLACEMENT_3D('',#2253,#1862,#1863);
#1485=AXIS2_PLACEMENT_3D('',#2257,#1866,#1867);
#1486=AXIS2_PLACEMENT_3D('',#2259,#1868,#1869);
#1487=AXIS2_PLACEMENT_3D('',#2261,#1871,#1872);
#1488=AXIS2_PLACEMENT_3D('',#2265,#1875,#1876);
#1489=AXIS2_PLACEMENT_3D('',#2266,#1877,#1878);
#1490=AXIS2_PLACEMENT_3D('',#2267,#1879,#1880);
#1491=DIRECTION('axis',(0.,0.,1.));
#1492=DIRECTION('refdir',(1.,0.,0.));
#1493=DIRECTION('center_axis',(0.,0.,-1.));
#1494=DIRECTION('ref_axis',(1.,-2.22044604925031E-16,0.));
#1495=DIRECTION('',(-2.22044604925031E-16,-1.,0.));
#1496=DIRECTION('',(1.,-2.22044604925031E-16,0.));
#1497=DIRECTION('',(-2.22044604925031E-16,-1.,0.));
#1498=DIRECTION('',(1.,-2.22044604925031E-16,0.));
#1499=DIRECTION('center_axis',(-1.,0.,0.));
#1500=DIRECTION('ref_axis',(0.,0.,1.));
#1501=DIRECTION('',(0.,1.,0.));
#1502=DIRECTION('',(0.,0.,1.));
#1503=DIRECTION('',(0.,0.,1.));
#1504=DIRECTION('center_axis',(0.,0.,1.));
#1505=DIRECTION('ref_axis',(-1.,2.22044604925031E-16,0.));
#1506=DIRECTION('',(-1.,2.22044604925031E-16,0.));
#1507=DIRECTION('',(-2.22044604925031E-16,-1.,0.));
#1508=DIRECTION('',(-1.,2.22044604925031E-16,0.));
#1509=DIRECTION('center_axis',(0.,0.,-1.));
#1510=DIRECTION('ref_axis',(1.,-2.22044604925031E-16,0.));
#1511=DIRECTION('',(1.,-2.22044604925031E-16,0.));
#1512=DIRECTION('',(-2.22044604925031E-16,-1.,0.));
#1513=DIRECTION('',(1.,-2.22044604925031E-16,0.));
#1514=DIRECTION('',(-2.22044604925031E-16,-1.,0.));
#1515=DIRECTION('center_axis',(-2.22044604925031E-16,-1.,0.));
#1516=DIRECTION('ref_axis',(0.,0.,1.));
#1517=DIRECTION('center_axis',(2.22044604925031E-16,1.,0.));
#1518=DIRECTION('ref_axis',(0.,0.,1.));
#1519=DIRECTION('center_axis',(2.22044604925031E-16,1.,0.));
#1520=DIRECTION('ref_axis',(0.,0.,1.));
#1521=DIRECTION('',(-2.22044604925031E-16,-1.,0.));
#1522=DIRECTION('center_axis',(1.,-2.22044604925031E-16,0.));
#1523=DIRECTION('ref_axis',(0.,0.,1.));
#1524=DIRECTION('',(0.,0.,1.));
#1525=DIRECTION('',(0.,0.,1.));
#1526=DIRECTION('',(-2.22044604925031E-16,-1.,0.));
#1527=DIRECTION('center_axis',(-2.22044604925031E-16,-1.,0.));
#1528=DIRECTION('ref_axis',(-1.,2.22044604925031E-16,0.));
#1529=DIRECTION('center_axis',(2.22044604925031E-16,1.,0.));
#1530=DIRECTION('ref_axis',(-1.,2.22044604925031E-16,0.));
#1531=DIRECTION('center_axis',(2.22044604925031E-16,1.,0.));
#1532=DIRECTION('ref_axis',(-1.,2.22044604925031E-16,0.));
#1533=DIRECTION('',(-2.22044604925031E-16,-1.,0.));
#1534=DIRECTION('center_axis',(0.,0.,1.));
#1535=DIRECTION('ref_axis',(-1.,2.22044604925031E-16,0.));
#1536=DIRECTION('',(-1.,2.22044604925031E-16,0.));
#1537=DIRECTION('',(-1.,2.22044604925031E-16,0.));
#1538=DIRECTION('',(-2.22044604925031E-16,-1.,0.));
#1539=DIRECTION('center_axis',(-2.22044604925031E-16,-1.,0.));
#1540=DIRECTION('ref_axis',(0.,0.,-1.));
#1541=DIRECTION('center_axis',(2.22044604925031E-16,1.,0.));
#1542=DIRECTION('ref_axis',(0.,0.,-1.));
#1543=DIRECTION('center_axis',(2.22044604925031E-16,1.,0.));
#1544=DIRECTION('ref_axis',(0.,0.,-1.));
#1545=DIRECTION('',(-2.22044604925031E-16,-1.,0.));
#1546=DIRECTION('center_axis',(-1.,2.22044604925031E-16,0.));
#1547=DIRECTION('ref_axis',(0.,0.,-1.));
#1548=DIRECTION('',(0.,0.,-1.));
#1549=DIRECTION('',(0.,0.,-1.));
#1550=DIRECTION('',(-2.22044604925031E-16,-1.,0.));
#1551=DIRECTION('center_axis',(-2.22044604925031E-16,-1.,0.));
#1552=DIRECTION('ref_axis',(1.,-2.22044604925031E-16,0.));
#1553=DIRECTION('center_axis',(2.22044604925031E-16,1.,0.));
#1554=DIRECTION('ref_axis',(1.,-2.22044604925031E-16,0.));
#1555=DIRECTION('center_axis',(2.22044604925031E-16,1.,0.));
#1556=DIRECTION('ref_axis',(1.,-2.22044604925031E-16,0.));
#1557=DIRECTION('center_axis',(0.,0.,-1.));
#1558=DIRECTION('ref_axis',(1.,-2.22044604925031E-16,0.));
#1559=DIRECTION('',(1.,-2.22044604925031E-16,0.));
#1560=DIRECTION('',(-2.22044604925031E-16,-1.,0.));
#1561=DIRECTION('',(1.,-2.22044604925031E-16,0.));
#1562=DIRECTION('',(-2.22044604925031E-16,-1.,0.));
#1563=DIRECTION('center_axis',(-2.22044604925031E-16,-1.,0.));
#1564=DIRECTION('ref_axis',(0.,0.,1.));
#1565=DIRECTION('center_axis',(2.22044604925031E-16,1.,0.));
#1566=DIRECTION('ref_axis',(0.,0.,1.));
#1567=DIRECTION('center_axis',(2.22044604925031E-16,1.,0.));
#1568=DIRECTION('ref_axis',(0.,0.,1.));
#1569=DIRECTION('',(-2.22044604925031E-16,-1.,0.));
#1570=DIRECTION('center_axis',(1.,-2.22044604925031E-16,0.));
#1571=DIRECTION('ref_axis',(0.,0.,1.));
#1572=DIRECTION('',(0.,0.,1.));
#1573=DIRECTION('',(0.,0.,1.));
#1574=DIRECTION('',(-2.22044604925031E-16,-1.,0.));
#1575=DIRECTION('center_axis',(-2.22044604925031E-16,-1.,0.));
#1576=DIRECTION('ref_axis',(-1.,2.22044604925031E-16,0.));
#1577=DIRECTION('center_axis',(2.22044604925031E-16,1.,0.));
#1578=DIRECTION('ref_axis',(-1.,2.22044604925031E-16,0.));
#1579=DIRECTION('center_axis',(2.22044604925031E-16,1.,0.));
#1580=DIRECTION('ref_axis',(-1.,2.22044604925031E-16,0.));
#1581=DIRECTION('',(-2.22044604925031E-16,-1.,0.));
#1582=DIRECTION('center_axis',(0.,0.,1.));
#1583=DIRECTION('ref_axis',(-1.,2.22044604925031E-16,0.));
#1584=DIRECTION('',(-1.,2.22044604925031E-16,0.));
#1585=DIRECTION('',(-1.,2.22044604925031E-16,0.));
#1586=DIRECTION('',(-2.22044604925031E-16,-1.,0.));
#1587=DIRECTION('center_axis',(-2.22044604925031E-16,-1.,0.));
#1588=DIRECTION('ref_axis',(0.,0.,-1.));
#1589=DIRECTION('center_axis',(2.22044604925031E-16,1.,0.));
#1590=DIRECTION('ref_axis',(0.,0.,-1.));
#1591=DIRECTION('center_axis',(2.22044604925031E-16,1.,0.));
#1592=DIRECTION('ref_axis',(0.,0.,-1.));
#1593=DIRECTION('',(-2.22044604925031E-16,-1.,0.));
#1594=DIRECTION('center_axis',(-1.,2.22044604925031E-16,0.));
#1595=DIRECTION('ref_axis',(0.,0.,-1.));
#1596=DIRECTION('',(0.,0.,-1.));
#1597=DIRECTION('',(0.,0.,-1.));
#1598=DIRECTION('',(-2.22044604925031E-16,-1.,0.));
#1599=DIRECTION('center_axis',(-2.22044604925031E-16,-1.,0.));
#1600=DIRECTION('ref_axis',(1.,-2.22044604925031E-16,0.));
#1601=DIRECTION('center_axis',(2.22044604925031E-16,1.,0.));
#1602=DIRECTION('ref_axis',(1.,-2.22044604925031E-16,0.));
#1603=DIRECTION('center_axis',(2.22044604925031E-16,1.,0.));
#1604=DIRECTION('ref_axis',(1.,-2.22044604925031E-16,0.));
#1605=DIRECTION('center_axis',(0.,0.,-1.));
#1606=DIRECTION('ref_axis',(1.,-2.22044604925031E-16,0.));
#1607=DIRECTION('',(1.,-2.22044604925031E-16,0.));
#1608=DIRECTION('',(-2.22044604925031E-16,-1.,0.));
#1609=DIRECTION('',(1.,-2.22044604925031E-16,0.));
#1610=DIRECTION('',(-2.22044604925031E-16,-1.,0.));
#1611=DIRECTION('center_axis',(-2.22044604925031E-16,-1.,0.));
#1612=DIRECTION('ref_axis',(0.,0.,1.));
#1613=DIRECTION('center_axis',(2.22044604925031E-16,1.,0.));
#1614=DIRECTION('ref_axis',(0.,0.,1.));
#1615=DIRECTION('center_axis',(2.22044604925031E-16,1.,0.));
#1616=DIRECTION('ref_axis',(0.,0.,1.));
#1617=DIRECTION('',(-2.22044604925031E-16,-1.,0.));
#1618=DIRECTION('center_axis',(1.,-2.22044604925031E-16,0.));
#1619=DIRECTION('ref_axis',(0.,0.,1.));
#1620=DIRECTION('',(0.,0.,1.));
#1621=DIRECTION('',(0.,0.,1.));
#1622=DIRECTION('',(-2.22044604925031E-16,-1.,0.));
#1623=DIRECTION('center_axis',(-2.22044604925031E-16,-1.,0.));
#1624=DIRECTION('ref_axis',(-1.,2.22044604925031E-16,0.));
#1625=DIRECTION('center_axis',(2.22044604925031E-16,1.,0.));
#1626=DIRECTION('ref_axis',(-1.,2.22044604925031E-16,0.));
#1627=DIRECTION('center_axis',(2.22044604925031E-16,1.,0.));
#1628=DIRECTION('ref_axis',(-1.,2.22044604925031E-16,0.));
#1629=DIRECTION('',(-2.22044604925031E-16,-1.,0.));
#1630=DIRECTION('center_axis',(0.,0.,1.));
#1631=DIRECTION('ref_axis',(-1.,2.22044604925031E-16,0.));
#1632=DIRECTION('',(-1.,2.22044604925031E-16,0.));
#1633=DIRECTION('',(-1.,2.22044604925031E-16,0.));
#1634=DIRECTION('',(-2.22044604925031E-16,-1.,0.));
#1635=DIRECTION('center_axis',(-2.22044604925031E-16,-1.,0.));
#1636=DIRECTION('ref_axis',(0.,0.,-1.));
#1637=DIRECTION('center_axis',(2.22044604925031E-16,1.,0.));
#1638=DIRECTION('ref_axis',(0.,0.,-1.));
#1639=DIRECTION('center_axis',(2.22044604925031E-16,1.,0.));
#1640=DIRECTION('ref_axis',(0.,0.,-1.));
#1641=DIRECTION('',(-2.22044604925031E-16,-1.,0.));
#1642=DIRECTION('center_axis',(-1.,2.22044604925031E-16,0.));
#1643=DIRECTION('ref_axis',(0.,0.,-1.));
#1644=DIRECTION('',(0.,0.,-1.));
#1645=DIRECTION('',(0.,0.,-1.));
#1646=DIRECTION('',(-2.22044604925031E-16,-1.,0.));
#1647=DIRECTION('center_axis',(-2.22044604925031E-16,-1.,0.));
#1648=DIRECTION('ref_axis',(1.,-2.22044604925031E-16,0.));
#1649=DIRECTION('center_axis',(2.22044604925031E-16,1.,0.));
#1650=DIRECTION('ref_axis',(1.,-2.22044604925031E-16,0.));
#1651=DIRECTION('center_axis',(2.22044604925031E-16,1.,0.));
#1652=DIRECTION('ref_axis',(1.,-2.22044604925031E-16,0.));
#1653=DIRECTION('center_axis',(0.,0.,-1.));
#1654=DIRECTION('ref_axis',(1.,-2.22044604925031E-16,0.));
#1655=DIRECTION('',(1.,-2.22044604925031E-16,0.));
#1656=DIRECTION('',(-2.22044604925031E-16,-1.,0.));
#1657=DIRECTION('',(1.,-2.22044604925031E-16,0.));
#1658=DIRECTION('',(-2.22044604925031E-16,-1.,0.));
#1659=DIRECTION('center_axis',(-2.22044604925031E-16,-1.,0.));
#1660=DIRECTION('ref_axis',(0.,0.,1.));
#1661=DIRECTION('center_axis',(2.22044604925031E-16,1.,0.));
#1662=DIRECTION('ref_axis',(0.,0.,1.));
#1663=DIRECTION('center_axis',(2.22044604925031E-16,1.,0.));
#1664=DIRECTION('ref_axis',(0.,0.,1.));
#1665=DIRECTION('',(-2.22044604925031E-16,-1.,0.));
#1666=DIRECTION('center_axis',(1.,-2.22044604925031E-16,0.));
#1667=DIRECTION('ref_axis',(0.,0.,1.));
#1668=DIRECTION('',(0.,0.,1.));
#1669=DIRECTION('',(0.,0.,1.));
#1670=DIRECTION('',(-2.22044604925031E-16,-1.,0.));
#1671=DIRECTION('center_axis',(-2.22044604925031E-16,-1.,0.));
#1672=DIRECTION('ref_axis',(-1.,2.22044604925031E-16,0.));
#1673=DIRECTION('center_axis',(2.22044604925031E-16,1.,0.));
#1674=DIRECTION('ref_axis',(-1.,2.22044604925031E-16,0.));
#1675=DIRECTION('center_axis',(2.22044604925031E-16,1.,0.));
#1676=DIRECTION('ref_axis',(-1.,2.22044604925031E-16,0.));
#1677=DIRECTION('',(-2.22044604925031E-16,-1.,0.));
#1678=DIRECTION('center_axis',(0.,0.,1.));
#1679=DIRECTION('ref_axis',(-1.,2.22044604925031E-16,0.));
#1680=DIRECTION('',(-1.,2.22044604925031E-16,0.));
#1681=DIRECTION('',(-1.,2.22044604925031E-16,0.));
#1682=DIRECTION('',(-2.22044604925031E-16,-1.,0.));
#1683=DIRECTION('center_axis',(-2.22044604925031E-16,-1.,0.));
#1684=DIRECTION('ref_axis',(0.,0.,-1.));
#1685=DIRECTION('center_axis',(2.22044604925031E-16,1.,0.));
#1686=DIRECTION('ref_axis',(0.,0.,-1.));
#1687=DIRECTION('center_axis',(2.22044604925031E-16,1.,0.));
#1688=DIRECTION('ref_axis',(0.,0.,-1.));
#1689=DIRECTION('',(-2.22044604925031E-16,-1.,0.));
#1690=DIRECTION('center_axis',(-1.,2.22044604925031E-16,0.));
#1691=DIRECTION('ref_axis',(0.,0.,-1.));
#1692=DIRECTION('',(0.,0.,-1.));
#1693=DIRECTION('',(0.,0.,-1.));
#1694=DIRECTION('',(-2.22044604925031E-16,-1.,0.));
#1695=DIRECTION('center_axis',(-2.22044604925031E-16,-1.,0.));
#1696=DIRECTION('ref_axis',(1.,-2.22044604925031E-16,0.));
#1697=DIRECTION('center_axis',(2.22044604925031E-16,1.,0.));
#1698=DIRECTION('ref_axis',(1.,-2.22044604925031E-16,0.));
#1699=DIRECTION('center_axis',(2.22044604925031E-16,1.,0.));
#1700=DIRECTION('ref_axis',(1.,-2.22044604925031E-16,0.));
#1701=DIRECTION('center_axis',(0.,0.,-1.));
#1702=DIRECTION('ref_axis',(1.,-2.22044604925031E-16,0.));
#1703=DIRECTION('',(1.,-2.22044604925031E-16,0.));
#1704=DIRECTION('',(-2.22044604925031E-16,-1.,0.));
#1705=DIRECTION('',(1.,-2.22044604925031E-16,0.));
#1706=DIRECTION('',(-2.22044604925031E-16,-1.,0.));
#1707=DIRECTION('center_axis',(-2.22044604925031E-16,-1.,0.));
#1708=DIRECTION('ref_axis',(0.,0.,1.));
#1709=DIRECTION('center_axis',(2.22044604925031E-16,1.,0.));
#1710=DIRECTION('ref_axis',(0.,0.,1.));
#1711=DIRECTION('center_axis',(2.22044604925031E-16,1.,0.));
#1712=DIRECTION('ref_axis',(0.,0.,1.));
#1713=DIRECTION('',(-2.22044604925031E-16,-1.,0.));
#1714=DIRECTION('center_axis',(1.,-2.22044604925031E-16,0.));
#1715=DIRECTION('ref_axis',(0.,0.,1.));
#1716=DIRECTION('',(0.,0.,1.));
#1717=DIRECTION('',(0.,0.,1.));
#1718=DIRECTION('',(-2.22044604925031E-16,-1.,0.));
#1719=DIRECTION('center_axis',(-2.22044604925031E-16,-1.,0.));
#1720=DIRECTION('ref_axis',(-1.,2.22044604925031E-16,0.));
#1721=DIRECTION('center_axis',(2.22044604925031E-16,1.,0.));
#1722=DIRECTION('ref_axis',(-1.,2.22044604925031E-16,0.));
#1723=DIRECTION('center_axis',(2.22044604925031E-16,1.,0.));
#1724=DIRECTION('ref_axis',(-1.,2.22044604925031E-16,0.));
#1725=DIRECTION('',(-2.22044604925031E-16,-1.,0.));
#1726=DIRECTION('center_axis',(0.,0.,1.));
#1727=DIRECTION('ref_axis',(-1.,2.22044604925031E-16,0.));
#1728=DIRECTION('',(-1.,2.22044604925031E-16,0.));
#1729=DIRECTION('',(-1.,2.22044604925031E-16,0.));
#1730=DIRECTION('',(-2.22044604925031E-16,-1.,0.));
#1731=DIRECTION('center_axis',(-2.22044604925031E-16,-1.,0.));
#1732=DIRECTION('ref_axis',(0.,0.,-1.));
#1733=DIRECTION('center_axis',(2.22044604925031E-16,1.,0.));
#1734=DIRECTION('ref_axis',(0.,0.,-1.));
#1735=DIRECTION('center_axis',(2.22044604925031E-16,1.,0.));
#1736=DIRECTION('ref_axis',(0.,0.,-1.));
#1737=DIRECTION('',(-2.22044604925031E-16,-1.,0.));
#1738=DIRECTION('center_axis',(-1.,2.22044604925031E-16,0.));
#1739=DIRECTION('ref_axis',(0.,0.,-1.));
#1740=DIRECTION('',(0.,0.,-1.));
#1741=DIRECTION('',(0.,0.,-1.));
#1742=DIRECTION('',(-2.22044604925031E-16,-1.,0.));
#1743=DIRECTION('center_axis',(-2.22044604925031E-16,-1.,0.));
#1744=DIRECTION('ref_axis',(1.,-2.22044604925031E-16,0.));
#1745=DIRECTION('center_axis',(2.22044604925031E-16,1.,0.));
#1746=DIRECTION('ref_axis',(1.,-2.22044604925031E-16,0.));
#1747=DIRECTION('center_axis',(2.22044604925031E-16,1.,0.));
#1748=DIRECTION('ref_axis',(1.,-2.22044604925031E-16,0.));
#1749=DIRECTION('center_axis',(0.,0.,-1.));
#1750=DIRECTION('ref_axis',(1.,-2.22044604925031E-16,0.));
#1751=DIRECTION('',(1.,-2.22044604925031E-16,0.));
#1752=DIRECTION('',(-2.22044604925031E-16,-1.,0.));
#1753=DIRECTION('',(1.,-2.22044604925031E-16,0.));
#1754=DIRECTION('',(-2.22044604925031E-16,-1.,0.));
#1755=DIRECTION('center_axis',(-2.22044604925031E-16,-1.,0.));
#1756=DIRECTION('ref_axis',(0.,0.,1.));
#1757=DIRECTION('center_axis',(2.22044604925031E-16,1.,0.));
#1758=DIRECTION('ref_axis',(0.,0.,1.));
#1759=DIRECTION('center_axis',(2.22044604925031E-16,1.,0.));
#1760=DIRECTION('ref_axis',(0.,0.,1.));
#1761=DIRECTION('',(-2.22044604925031E-16,-1.,0.));
#1762=DIRECTION('center_axis',(1.,-2.22044604925031E-16,0.));
#1763=DIRECTION('ref_axis',(0.,0.,1.));
#1764=DIRECTION('',(0.,0.,1.));
#1765=DIRECTION('',(0.,0.,1.));
#1766=DIRECTION('',(-2.22044604925031E-16,-1.,0.));
#1767=DIRECTION('center_axis',(-2.22044604925031E-16,-1.,0.));
#1768=DIRECTION('ref_axis',(-1.,2.22044604925031E-16,0.));
#1769=DIRECTION('center_axis',(2.22044604925031E-16,1.,0.));
#1770=DIRECTION('ref_axis',(-1.,2.22044604925031E-16,0.));
#1771=DIRECTION('center_axis',(2.22044604925031E-16,1.,0.));
#1772=DIRECTION('ref_axis',(-1.,2.22044604925031E-16,0.));
#1773=DIRECTION('',(-2.22044604925031E-16,-1.,0.));
#1774=DIRECTION('center_axis',(0.,0.,1.));
#1775=DIRECTION('ref_axis',(-1.,2.22044604925031E-16,0.));
#1776=DIRECTION('',(-1.,2.22044604925031E-16,0.));
#1777=DIRECTION('',(-1.,2.22044604925031E-16,0.));
#1778=DIRECTION('',(-2.22044604925031E-16,-1.,0.));
#1779=DIRECTION('center_axis',(-2.22044604925031E-16,-1.,0.));
#1780=DIRECTION('ref_axis',(0.,0.,-1.));
#1781=DIRECTION('center_axis',(2.22044604925031E-16,1.,0.));
#1782=DIRECTION('ref_axis',(0.,0.,-1.));
#1783=DIRECTION('center_axis',(2.22044604925031E-16,1.,0.));
#1784=DIRECTION('ref_axis',(0.,0.,-1.));
#1785=DIRECTION('',(-2.22044604925031E-16,-1.,0.));
#1786=DIRECTION('center_axis',(-1.,2.22044604925031E-16,0.));
#1787=DIRECTION('ref_axis',(0.,0.,-1.));
#1788=DIRECTION('',(0.,0.,-1.));
#1789=DIRECTION('',(0.,0.,-1.));
#1790=DIRECTION('',(-2.22044604925031E-16,-1.,0.));
#1791=DIRECTION('center_axis',(-2.22044604925031E-16,-1.,0.));
#1792=DIRECTION('ref_axis',(1.,-2.22044604925031E-16,0.));
#1793=DIRECTION('center_axis',(2.22044604925031E-16,1.,0.));
#1794=DIRECTION('ref_axis',(1.,-2.22044604925031E-16,0.));
#1795=DIRECTION('center_axis',(2.22044604925031E-16,1.,0.));
#1796=DIRECTION('ref_axis',(1.,-2.22044604925031E-16,0.));
#1797=DIRECTION('center_axis',(-2.22044604925031E-16,-1.,0.));
#1798=DIRECTION('ref_axis',(0.,0.,-1.));
#1799=DIRECTION('center_axis',(-2.22044604925031E-16,-1.,0.));
#1800=DIRECTION('ref_axis',(1.,-2.22044604925031E-16,0.));
#1801=DIRECTION('',(-1.,2.22044604925031E-16,0.));
#1802=DIRECTION('center_axis',(-2.22044604925031E-16,-1.,0.));
#1803=DIRECTION('ref_axis',(3.5527136788005E-15,-7.88860905221012E-31,1.));
#1804=DIRECTION('',(0.,0.,-1.));
#1805=DIRECTION('center_axis',(-2.22044604925031E-16,-1.,0.));
#1806=DIRECTION('ref_axis',(-1.,2.22044604925031E-16,2.66453525910038E-15));
#1807=DIRECTION('',(1.,-2.22044604925031E-16,5.04646829375071E-17));
#1808=DIRECTION('center_axis',(-2.22044604925031E-16,-1.,0.));
#1809=DIRECTION('ref_axis',(0.,0.,-1.));
#1810=DIRECTION('',(5.35047240783208E-17,-1.18804353195935E-32,1.));
#1811=DIRECTION('',(0.,0.,1.));
#1812=DIRECTION('center_axis',(2.22044604925031E-16,1.,0.));
#1813=DIRECTION('ref_axis',(0.,0.,-1.));
#1814=DIRECTION('center_axis',(2.22044604925031E-16,1.,0.));
#1815=DIRECTION('ref_axis',(0.,0.,-1.));
#1816=DIRECTION('center_axis',(2.22044604925031E-16,1.,0.));
#1817=DIRECTION('ref_axis',(0.,0.,-1.));
#1818=DIRECTION('center_axis',(2.22044604925031E-16,1.,0.));
#1819=DIRECTION('ref_axis',(0.,0.,-1.));
#1820=DIRECTION('center_axis',(1.,-2.22044604925031E-16,0.));
#1821=DIRECTION('ref_axis',(0.,0.,1.));
#1822=DIRECTION('',(0.,0.,1.));
#1823=DIRECTION('center_axis',(-2.22044604925031E-16,-1.,0.));
#1824=DIRECTION('ref_axis',(0.,0.,-1.));
#1825=DIRECTION('',(2.22044604925031E-16,1.,0.));
#1826=DIRECTION('center_axis',(2.22044604925031E-16,1.,0.));
#1827=DIRECTION('ref_axis',(0.,0.,-1.));
#1828=DIRECTION('center_axis',(-2.22044604925031E-16,-1.,0.));
#1829=DIRECTION('ref_axis',(0.,0.,-1.));
#1830=DIRECTION('',(2.22044604925031E-16,1.,0.));
#1831=DIRECTION('center_axis',(2.22044604925031E-16,1.,0.));
#1832=DIRECTION('ref_axis',(0.,0.,-1.));
#1833=DIRECTION('center_axis',(-2.22044604925031E-16,-1.,0.));
#1834=DIRECTION('ref_axis',(0.,0.,-1.));
#1835=DIRECTION('',(2.22044604925031E-16,1.,0.));
#1836=DIRECTION('center_axis',(2.22044604925031E-16,1.,0.));
#1837=DIRECTION('ref_axis',(0.,0.,-1.));
#1838=DIRECTION('center_axis',(-2.22044604925031E-16,-1.,0.));
#1839=DIRECTION('ref_axis',(0.,0.,-1.));
#1840=DIRECTION('',(2.22044604925031E-16,1.,0.));
#1841=DIRECTION('center_axis',(2.22044604925031E-16,1.,0.));
#1842=DIRECTION('ref_axis',(0.,0.,-1.));
#1843=DIRECTION('center_axis',(1.,-2.22044604925031E-16,-5.35047240783208E-17));
#1844=DIRECTION('ref_axis',(5.35047240783208E-17,-1.18804353195935E-32,
1.));
#1845=DIRECTION('',(-5.35047240783208E-17,1.18804353195935E-32,-1.));
#1846=DIRECTION('',(-2.22044604925031E-16,-1.,0.));
#1847=DIRECTION('',(-2.22044604925031E-16,-1.,0.));
#1848=DIRECTION('center_axis',(-2.22044604925031E-16,-1.,0.));
#1849=DIRECTION('ref_axis',(0.,0.,-1.));
#1850=DIRECTION('center_axis',(-2.22044604925031E-16,-1.,0.));
#1851=DIRECTION('ref_axis',(0.,0.,-1.));
#1852=DIRECTION('',(-2.22044604925031E-16,-1.,0.));
#1853=DIRECTION('center_axis',(5.04646829375071E-17,-1.12054105855257E-32,
-1.));
#1854=DIRECTION('ref_axis',(1.,-2.22044604925031E-16,5.04646829375071E-17));
#1855=DIRECTION('',(-1.,2.22044604925031E-16,-5.04646829375071E-17));
#1856=DIRECTION('',(-2.22044604925031E-16,-1.,0.));
#1857=DIRECTION('center_axis',(-2.22044604925031E-16,-1.,0.));
#1858=DIRECTION('ref_axis',(-1.,2.22044604925031E-16,2.66453525910038E-15));
#1859=DIRECTION('center_axis',(-2.22044604925031E-16,-1.,0.));
#1860=DIRECTION('ref_axis',(-1.,2.22044604925031E-16,2.66453525910038E-15));
#1861=DIRECTION('',(-2.22044604925031E-16,-1.,0.));
#1862=DIRECTION('center_axis',(-1.,2.22044604925031E-16,0.));
#1863=DIRECTION('ref_axis',(0.,0.,-1.));
#1864=DIRECTION('',(0.,0.,-1.));
#1865=DIRECTION('',(-2.22044604925031E-16,-1.,0.));
#1866=DIRECTION('center_axis',(-2.22044604925031E-16,-1.,0.));
#1867=DIRECTION('ref_axis',(3.5527136788005E-15,-7.88860905221012E-31,1.));
#1868=DIRECTION('center_axis',(-2.22044604925031E-16,-1.,0.));
#1869=DIRECTION('ref_axis',(3.5527136788005E-15,-7.88860905221012E-31,1.));
#1870=DIRECTION('',(-2.22044604925031E-16,-1.,0.));
#1871=DIRECTION('center_axis',(0.,0.,1.));
#1872=DIRECTION('ref_axis',(-1.,2.22044604925031E-16,0.));
#1873=DIRECTION('',(-1.,2.22044604925031E-16,0.));
#1874=DIRECTION('',(-2.22044604925031E-16,-1.,0.));
#1875=DIRECTION('center_axis',(-2.22044604925031E-16,-1.,0.));
#1876=DIRECTION('ref_axis',(1.,-2.22044604925031E-16,0.));
#1877=DIRECTION('center_axis',(-2.22044604925031E-16,-1.,0.));
#1878=DIRECTION('ref_axis',(1.,-2.22044604925031E-16,0.));
#1879=DIRECTION('center_axis',(-2.22044604925031E-16,-1.,0.));
#1880=DIRECTION('ref_axis',(0.,0.,-1.));
#1881=CARTESIAN_POINT('',(0.,0.,0.));
#1882=CARTESIAN_POINT('Origin',(10.0358375850991,-80.035837585099,68.));
#1883=CARTESIAN_POINT('',(35.9358375850991,-80.0358375850991,68.));
#1884=CARTESIAN_POINT('',(35.9358375850991,-84.035837585099,68.));
#1885=CARTESIAN_POINT('',(35.9358375850991,-80.035837585099,68.));
#1886=CARTESIAN_POINT('',(10.0358375850991,-84.035837585099,68.));
#1887=CARTESIAN_POINT('',(88.0358375850991,-84.0358375850991,68.));
#1888=CARTESIAN_POINT('',(10.0358375850991,-80.035837585099,68.));
#1889=CARTESIAN_POINT('',(10.0358375850991,-80.035837585099,68.));
#1890=CARTESIAN_POINT('',(88.0358375850991,-80.0358375850991,68.));
#1891=CARTESIAN_POINT('Origin',(35.9358375850991,-80.0358375850991,52.));
#1892=CARTESIAN_POINT('',(35.9358375850991,-84.035837585099,-5.));
#1893=CARTESIAN_POINT('',(35.9358375850991,-80.0358375850991,-5.));
#1894=CARTESIAN_POINT('',(35.9358375850991,-80.0358375850991,-5.));
#1895=CARTESIAN_POINT('',(35.9358375850991,-84.035837585099,52.));
#1896=CARTESIAN_POINT('',(35.9358375850991,-80.0358375850991,52.));
#1897=CARTESIAN_POINT('Origin',(88.0358375850991,-80.0358375850991,-5.));
#1898=CARTESIAN_POINT('',(10.0358375850991,-80.035837585099,-5.));
#1899=CARTESIAN_POINT('',(10.0358375850991,-80.035837585099,-5.));
#1900=CARTESIAN_POINT('',(10.0358375850991,-84.035837585099,-5.));
#1901=CARTESIAN_POINT('',(10.0358375850991,-80.035837585099,-5.));
#1902=CARTESIAN_POINT('',(10.0358375850991,-84.035837585099,-5.));
#1903=CARTESIAN_POINT('Origin',(72.0108375850991,-80.0358375850991,11.375));
#1904=CARTESIAN_POINT('',(72.0108375850991,-80.0358375850991,11.375));
#1905=CARTESIAN_POINT('',(85.0108375850991,-80.0358375850991,11.375));
#1906=CARTESIAN_POINT('',(85.0108375850991,-80.0358375850991,11.375));
#1907=CARTESIAN_POINT('',(85.0108375850991,-84.0358375850991,11.375));
#1908=CARTESIAN_POINT('',(85.0108375850991,-80.0358375850991,11.375));
#1909=CARTESIAN_POINT('',(72.0108375850991,-84.0358375850991,11.375));
#1910=CARTESIAN_POINT('',(85.0108375850991,-84.0358375850991,11.375));
#1911=CARTESIAN_POINT('',(72.0108375850991,-80.0358375850991,11.375));
#1912=CARTESIAN_POINT('Origin',(72.0108375850991,-80.0358375850991,10.875));
#1913=CARTESIAN_POINT('',(71.5108375850991,-80.0358375850991,10.875));
#1914=CARTESIAN_POINT('Origin',(72.0108375850991,-80.0358375850991,10.875));
#1915=CARTESIAN_POINT('',(71.5108375850991,-84.0358375850991,10.875));
#1916=CARTESIAN_POINT('Origin',(72.0108375850991,-84.0358375850991,10.875));
#1917=CARTESIAN_POINT('',(71.5108375850991,-80.0358375850991,10.875));
#1918=CARTESIAN_POINT('Origin',(71.5108375850991,-80.0358375850991,-2.125));
#1919=CARTESIAN_POINT('',(71.5108375850991,-80.0358375850991,-2.125));
#1920=CARTESIAN_POINT('',(71.5108375850991,-80.0358375850991,10.875));
#1921=CARTESIAN_POINT('',(71.5108375850991,-84.0358375850991,-2.125));
#1922=CARTESIAN_POINT('',(71.5108375850991,-84.0358375850991,10.875));
#1923=CARTESIAN_POINT('',(71.5108375850991,-80.0358375850991,-2.125));
#1924=CARTESIAN_POINT('Origin',(72.0108375850991,-80.0358375850991,-2.125));
#1925=CARTESIAN_POINT('',(72.0108375850991,-80.0358375850991,-2.625));
#1926=CARTESIAN_POINT('Origin',(72.0108375850991,-80.0358375850991,-2.125));
#1927=CARTESIAN_POINT('',(72.0108375850991,-84.0358375850991,-2.625));
#1928=CARTESIAN_POINT('Origin',(72.0108375850991,-84.0358375850991,-2.125));
#1929=CARTESIAN_POINT('',(72.0108375850991,-80.0358375850991,-2.625));
#1930=CARTESIAN_POINT('Origin',(85.0108375850991,-80.0358375850991,-2.625));
#1931=CARTESIAN_POINT('',(85.0108375850991,-80.0358375850991,-2.625));
#1932=CARTESIAN_POINT('',(85.0108375850991,-80.0358375850991,-2.625));
#1933=CARTESIAN_POINT('',(85.0108375850991,-84.0358375850991,-2.625));
#1934=CARTESIAN_POINT('',(85.0108375850991,-84.0358375850991,-2.625));
#1935=CARTESIAN_POINT('',(85.0108375850991,-80.0358375850991,-2.625));
#1936=CARTESIAN_POINT('Origin',(85.0108375850991,-80.0358375850991,-2.125));
#1937=CARTESIAN_POINT('',(85.5108375850991,-80.0358375850991,-2.125));
#1938=CARTESIAN_POINT('Origin',(85.0108375850991,-80.0358375850991,-2.125));
#1939=CARTESIAN_POINT('',(85.5108375850991,-84.0358375850991,-2.125));
#1940=CARTESIAN_POINT('Origin',(85.0108375850991,-84.0358375850991,-2.125));
#1941=CARTESIAN_POINT('',(85.5108375850991,-80.0358375850991,-2.125));
#1942=CARTESIAN_POINT('Origin',(85.5108375850991,-80.0358375850991,10.875));
#1943=CARTESIAN_POINT('',(85.5108375850991,-80.0358375850991,10.875));
#1944=CARTESIAN_POINT('',(85.5108375850991,-80.0358375850991,10.875));
#1945=CARTESIAN_POINT('',(85.5108375850991,-84.0358375850991,10.875));
#1946=CARTESIAN_POINT('',(85.5108375850991,-84.0358375850991,10.875));
#1947=CARTESIAN_POINT('',(85.5108375850991,-80.0358375850991,10.875));
#1948=CARTESIAN_POINT('Origin',(85.0108375850991,-80.0358375850991,10.875));
#1949=CARTESIAN_POINT('Origin',(85.0108375850991,-80.0358375850991,10.875));
#1950=CARTESIAN_POINT('Origin',(85.0108375850991,-84.0358375850991,10.875));
#1951=CARTESIAN_POINT('Origin',(52.9608375850991,-80.0358375850991,30.425));
#1952=CARTESIAN_POINT('',(52.9608375850991,-80.0358375850991,30.425));
#1953=CARTESIAN_POINT('',(65.9608375850991,-80.0358375850991,30.425));
#1954=CARTESIAN_POINT('',(65.9608375850991,-80.0358375850991,30.425));
#1955=CARTESIAN_POINT('',(65.9608375850991,-84.0358375850991,30.425));
#1956=CARTESIAN_POINT('',(65.9608375850991,-80.0358375850991,30.425));
#1957=CARTESIAN_POINT('',(52.9608375850991,-84.035837585099,30.425));
#1958=CARTESIAN_POINT('',(65.9608375850991,-84.0358375850991,30.425));
#1959=CARTESIAN_POINT('',(52.9608375850991,-80.0358375850991,30.425));
#1960=CARTESIAN_POINT('Origin',(52.9608375850991,-80.0358375850991,29.925));
#1961=CARTESIAN_POINT('',(52.4608375850991,-80.0358375850991,29.925));
#1962=CARTESIAN_POINT('Origin',(52.9608375850991,-80.0358375850991,29.925));
#1963=CARTESIAN_POINT('',(52.4608375850991,-84.035837585099,29.925));
#1964=CARTESIAN_POINT('Origin',(52.9608375850991,-84.035837585099,29.925));
#1965=CARTESIAN_POINT('',(52.4608375850991,-80.0358375850991,29.925));
#1966=CARTESIAN_POINT('Origin',(52.4608375850991,-80.0358375850991,16.925));
#1967=CARTESIAN_POINT('',(52.4608375850991,-80.0358375850991,16.925));
#1968=CARTESIAN_POINT('',(52.4608375850991,-80.0358375850991,29.925));
#1969=CARTESIAN_POINT('',(52.4608375850991,-84.035837585099,16.925));
#1970=CARTESIAN_POINT('',(52.4608375850991,-84.035837585099,29.925));
#1971=CARTESIAN_POINT('',(52.4608375850991,-80.0358375850991,16.925));
#1972=CARTESIAN_POINT('Origin',(52.9608375850991,-80.0358375850991,16.925));
#1973=CARTESIAN_POINT('',(52.9608375850991,-80.0358375850991,16.425));
#1974=CARTESIAN_POINT('Origin',(52.9608375850991,-80.0358375850991,16.925));
#1975=CARTESIAN_POINT('',(52.9608375850991,-84.035837585099,16.425));
#1976=CARTESIAN_POINT('Origin',(52.9608375850991,-84.035837585099,16.925));
#1977=CARTESIAN_POINT('',(52.9608375850991,-80.0358375850991,16.425));
#1978=CARTESIAN_POINT('Origin',(65.9608375850991,-80.0358375850991,16.425));
#1979=CARTESIAN_POINT('',(65.9608375850991,-80.0358375850991,16.425));
#1980=CARTESIAN_POINT('',(65.9608375850991,-80.0358375850991,16.425));
#1981=CARTESIAN_POINT('',(65.9608375850991,-84.0358375850991,16.425));
#1982=CARTESIAN_POINT('',(65.9608375850991,-84.0358375850991,16.425));
#1983=CARTESIAN_POINT('',(65.9608375850991,-80.0358375850991,16.425));
#1984=CARTESIAN_POINT('Origin',(65.9608375850991,-80.0358375850991,16.925));
#1985=CARTESIAN_POINT('',(66.4608375850991,-80.0358375850991,16.925));
#1986=CARTESIAN_POINT('Origin',(65.9608375850991,-80.0358375850991,16.925));
#1987=CARTESIAN_POINT('',(66.4608375850991,-84.0358375850991,16.925));
#1988=CARTESIAN_POINT('Origin',(65.9608375850991,-84.0358375850991,16.925));
#1989=CARTESIAN_POINT('',(66.4608375850991,-80.0358375850991,16.925));
#1990=CARTESIAN_POINT('Origin',(66.4608375850991,-80.0358375850991,29.925));
#1991=CARTESIAN_POINT('',(66.4608375850991,-80.0358375850991,29.925));
#1992=CARTESIAN_POINT('',(66.4608375850991,-80.0358375850991,29.925));
#1993=CARTESIAN_POINT('',(66.4608375850991,-84.0358375850991,29.925));
#1994=CARTESIAN_POINT('',(66.4608375850991,-84.0358375850991,29.925));
#1995=CARTESIAN_POINT('',(66.4608375850991,-80.0358375850991,29.925));
#1996=CARTESIAN_POINT('Origin',(65.9608375850991,-80.0358375850991,29.925));
#1997=CARTESIAN_POINT('Origin',(65.9608375850991,-80.0358375850991,29.925));
#1998=CARTESIAN_POINT('Origin',(65.9608375850991,-84.0358375850991,29.925));
#1999=CARTESIAN_POINT('Origin',(72.0108375850991,-80.0358375850991,49.475));
#2000=CARTESIAN_POINT('',(72.0108375850991,-80.0358375850991,49.475));
#2001=CARTESIAN_POINT('',(85.0108375850991,-80.0358375850991,49.475));
#2002=CARTESIAN_POINT('',(85.0108375850991,-80.0358375850991,49.475));
#2003=CARTESIAN_POINT('',(85.0108375850991,-84.0358375850991,49.475));
#2004=CARTESIAN_POINT('',(85.0108375850991,-80.0358375850991,49.475));
#2005=CARTESIAN_POINT('',(72.0108375850991,-84.0358375850991,49.475));
#2006=CARTESIAN_POINT('',(85.0108375850991,-84.0358375850991,49.475));
#2007=CARTESIAN_POINT('',(72.0108375850991,-80.0358375850991,49.475));
#2008=CARTESIAN_POINT('Origin',(72.0108375850991,-80.0358375850991,48.975));
#2009=CARTESIAN_POINT('',(71.5108375850991,-80.0358375850991,48.975));
#2010=CARTESIAN_POINT('Origin',(72.0108375850991,-80.0358375850991,48.975));
#2011=CARTESIAN_POINT('',(71.5108375850991,-84.0358375850991,48.975));
#2012=CARTESIAN_POINT('Origin',(72.0108375850991,-84.0358375850991,48.975));
#2013=CARTESIAN_POINT('',(71.5108375850991,-80.0358375850991,48.975));
#2014=CARTESIAN_POINT('Origin',(71.5108375850991,-80.0358375850991,35.975));
#2015=CARTESIAN_POINT('',(71.5108375850991,-80.0358375850991,35.975));
#2016=CARTESIAN_POINT('',(71.5108375850991,-80.0358375850991,48.975));
#2017=CARTESIAN_POINT('',(71.5108375850991,-84.0358375850991,35.975));
#2018=CARTESIAN_POINT('',(71.5108375850991,-84.0358375850991,48.975));
#2019=CARTESIAN_POINT('',(71.5108375850991,-80.0358375850991,35.975));
#2020=CARTESIAN_POINT('Origin',(72.0108375850991,-80.0358375850991,35.975));
#2021=CARTESIAN_POINT('',(72.0108375850991,-80.0358375850991,35.475));
#2022=CARTESIAN_POINT('Origin',(72.0108375850991,-80.0358375850991,35.975));
#2023=CARTESIAN_POINT('',(72.0108375850991,-84.0358375850991,35.475));
#2024=CARTESIAN_POINT('Origin',(72.0108375850991,-84.0358375850991,35.975));
#2025=CARTESIAN_POINT('',(72.0108375850991,-80.0358375850991,35.475));
#2026=CARTESIAN_POINT('Origin',(85.0108375850991,-80.0358375850991,35.475));
#2027=CARTESIAN_POINT('',(85.0108375850991,-80.0358375850991,35.475));
#2028=CARTESIAN_POINT('',(85.0108375850991,-80.0358375850991,35.475));
#2029=CARTESIAN_POINT('',(85.0108375850991,-84.0358375850991,35.475));
#2030=CARTESIAN_POINT('',(85.0108375850991,-84.0358375850991,35.475));
#2031=CARTESIAN_POINT('',(85.0108375850991,-80.0358375850991,35.475));
#2032=CARTESIAN_POINT('Origin',(85.0108375850991,-80.0358375850991,35.975));
#2033=CARTESIAN_POINT('',(85.5108375850991,-80.0358375850991,35.975));
#2034=CARTESIAN_POINT('Origin',(85.0108375850991,-80.0358375850991,35.975));
#2035=CARTESIAN_POINT('',(85.5108375850991,-84.0358375850991,35.975));
#2036=CARTESIAN_POINT('Origin',(85.0108375850991,-84.0358375850991,35.975));
#2037=CARTESIAN_POINT('',(85.5108375850991,-80.0358375850991,35.975));
#2038=CARTESIAN_POINT('Origin',(85.5108375850991,-80.0358375850991,48.975));
#2039=CARTESIAN_POINT('',(85.5108375850991,-80.0358375850991,48.975));
#2040=CARTESIAN_POINT('',(85.5108375850991,-80.0358375850991,48.975));
#2041=CARTESIAN_POINT('',(85.5108375850991,-84.0358375850991,48.975));
#2042=CARTESIAN_POINT('',(85.5108375850991,-84.0358375850991,48.975));
#2043=CARTESIAN_POINT('',(85.5108375850991,-80.0358375850991,48.975));
#2044=CARTESIAN_POINT('Origin',(85.0108375850991,-80.0358375850991,48.975));
#2045=CARTESIAN_POINT('Origin',(85.0108375850991,-80.0358375850991,48.975));
#2046=CARTESIAN_POINT('Origin',(85.0108375850991,-84.0358375850991,48.975));
#2047=CARTESIAN_POINT('Origin',(52.9608375850991,-80.0358375850991,49.475));
#2048=CARTESIAN_POINT('',(52.9608375850991,-80.0358375850991,49.475));
#2049=CARTESIAN_POINT('',(65.9608375850991,-80.0358375850991,49.475));
#2050=CARTESIAN_POINT('',(65.9608375850991,-80.0358375850991,49.475));
#2051=CARTESIAN_POINT('',(65.9608375850991,-84.0358375850991,49.475));
#2052=CARTESIAN_POINT('',(65.9608375850991,-80.0358375850991,49.475));
#2053=CARTESIAN_POINT('',(52.9608375850991,-84.035837585099,49.475));
#2054=CARTESIAN_POINT('',(65.9608375850991,-84.0358375850991,49.475));
#2055=CARTESIAN_POINT('',(52.9608375850991,-80.0358375850991,49.475));
#2056=CARTESIAN_POINT('Origin',(52.9608375850991,-80.0358375850991,48.975));
#2057=CARTESIAN_POINT('',(52.4608375850991,-80.0358375850991,48.975));
#2058=CARTESIAN_POINT('Origin',(52.9608375850991,-80.0358375850991,48.975));
#2059=CARTESIAN_POINT('',(52.4608375850991,-84.035837585099,48.975));
#2060=CARTESIAN_POINT('Origin',(52.9608375850991,-84.035837585099,48.975));
#2061=CARTESIAN_POINT('',(52.4608375850991,-80.0358375850991,48.975));
#2062=CARTESIAN_POINT('Origin',(52.4608375850991,-80.0358375850991,35.975));
#2063=CARTESIAN_POINT('',(52.4608375850991,-80.0358375850991,35.975));
#2064=CARTESIAN_POINT('',(52.4608375850991,-80.0358375850991,48.975));
#2065=CARTESIAN_POINT('',(52.4608375850991,-84.035837585099,35.975));
#2066=CARTESIAN_POINT('',(52.4608375850991,-84.035837585099,48.975));
#2067=CARTESIAN_POINT('',(52.4608375850991,-80.0358375850991,35.975));
#2068=CARTESIAN_POINT('Origin',(52.9608375850991,-80.0358375850991,35.975));
#2069=CARTESIAN_POINT('',(52.9608375850991,-80.0358375850991,35.475));
#2070=CARTESIAN_POINT('Origin',(52.9608375850991,-80.0358375850991,35.975));
#2071=CARTESIAN_POINT('',(52.9608375850991,-84.035837585099,35.475));
#2072=CARTESIAN_POINT('Origin',(52.9608375850991,-84.035837585099,35.975));
#2073=CARTESIAN_POINT('',(52.9608375850991,-80.0358375850991,35.475));
#2074=CARTESIAN_POINT('Origin',(65.9608375850991,-80.0358375850991,35.475));
#2075=CARTESIAN_POINT('',(65.9608375850991,-80.0358375850991,35.475));
#2076=CARTESIAN_POINT('',(65.9608375850991,-80.0358375850991,35.475));
#2077=CARTESIAN_POINT('',(65.9608375850991,-84.0358375850991,35.475));
#2078=CARTESIAN_POINT('',(65.9608375850991,-84.0358375850991,35.475));
#2079=CARTESIAN_POINT('',(65.9608375850991,-80.0358375850991,35.475));
#2080=CARTESIAN_POINT('Origin',(65.9608375850991,-80.0358375850991,35.975));
#2081=CARTESIAN_POINT('',(66.4608375850991,-80.0358375850991,35.975));
#2082=CARTESIAN_POINT('Origin',(65.9608375850991,-80.0358375850991,35.975));
#2083=CARTESIAN_POINT('',(66.4608375850991,-84.0358375850991,35.975));
#2084=CARTESIAN_POINT('Origin',(65.9608375850991,-84.0358375850991,35.975));
#2085=CARTESIAN_POINT('',(66.4608375850991,-80.0358375850991,35.975));
#2086=CARTESIAN_POINT('Origin',(66.4608375850991,-80.0358375850991,48.975));
#2087=CARTESIAN_POINT('',(66.4608375850991,-80.0358375850991,48.975));
#2088=CARTESIAN_POINT('',(66.4608375850991,-80.0358375850991,48.975));
#2089=CARTESIAN_POINT('',(66.4608375850991,-84.0358375850991,48.975));
#2090=CARTESIAN_POINT('',(66.4608375850991,-84.0358375850991,48.975));
#2091=CARTESIAN_POINT('',(66.4608375850991,-80.0358375850991,48.975));
#2092=CARTESIAN_POINT('Origin',(65.9608375850991,-80.0358375850991,48.975));
#2093=CARTESIAN_POINT('Origin',(65.9608375850991,-80.0358375850991,48.975));
#2094=CARTESIAN_POINT('Origin',(65.9608375850991,-84.0358375850991,48.975));
#2095=CARTESIAN_POINT('Origin',(72.0108375850991,-80.0358375850991,30.425));
#2096=CARTESIAN_POINT('',(72.0108375850991,-80.0358375850991,30.425));
#2097=CARTESIAN_POINT('',(85.0108375850991,-80.0358375850991,30.425));
#2098=CARTESIAN_POINT('',(85.0108375850991,-80.0358375850991,30.425));
#2099=CARTESIAN_POINT('',(85.0108375850991,-84.0358375850991,30.425));
#2100=CARTESIAN_POINT('',(85.0108375850991,-80.0358375850991,30.425));
#2101=CARTESIAN_POINT('',(72.0108375850991,-84.0358375850991,30.425));
#2102=CARTESIAN_POINT('',(85.0108375850991,-84.0358375850991,30.425));
#2103=CARTESIAN_POINT('',(72.0108375850991,-80.0358375850991,30.425));
#2104=CARTESIAN_POINT('Origin',(72.0108375850991,-80.0358375850991,29.925));
#2105=CARTESIAN_POINT('',(71.5108375850991,-80.0358375850991,29.925));
#2106=CARTESIAN_POINT('Origin',(72.0108375850991,-80.0358375850991,29.925));
#2107=CARTESIAN_POINT('',(71.5108375850991,-84.0358375850991,29.925));
#2108=CARTESIAN_POINT('Origin',(72.0108375850991,-84.0358375850991,29.925));
#2109=CARTESIAN_POINT('',(71.5108375850991,-80.0358375850991,29.925));
#2110=CARTESIAN_POINT('Origin',(71.5108375850991,-80.0358375850991,16.925));
#2111=CARTESIAN_POINT('',(71.5108375850991,-80.0358375850991,16.925));
#2112=CARTESIAN_POINT('',(71.5108375850991,-80.0358375850991,29.925));
#2113=CARTESIAN_POINT('',(71.5108375850991,-84.0358375850991,16.925));
#2114=CARTESIAN_POINT('',(71.5108375850991,-84.0358375850991,29.925));
#2115=CARTESIAN_POINT('',(71.5108375850991,-80.0358375850991,16.925));
#2116=CARTESIAN_POINT('Origin',(72.0108375850991,-80.0358375850991,16.925));
#2117=CARTESIAN_POINT('',(72.0108375850991,-80.0358375850991,16.425));
#2118=CARTESIAN_POINT('Origin',(72.0108375850991,-80.0358375850991,16.925));
#2119=CARTESIAN_POINT('',(72.0108375850991,-84.0358375850991,16.425));
#2120=CARTESIAN_POINT('Origin',(72.0108375850991,-84.0358375850991,16.925));
#2121=CARTESIAN_POINT('',(72.0108375850991,-80.0358375850991,16.425));
#2122=CARTESIAN_POINT('Origin',(85.0108375850991,-80.0358375850991,16.425));
#2123=CARTESIAN_POINT('',(85.0108375850991,-80.0358375850991,16.425));
#2124=CARTESIAN_POINT('',(85.0108375850991,-80.0358375850991,16.425));
#2125=CARTESIAN_POINT('',(85.0108375850991,-84.0358375850991,16.425));
#2126=CARTESIAN_POINT('',(85.0108375850991,-84.0358375850991,16.425));
#2127=CARTESIAN_POINT('',(85.0108375850991,-80.0358375850991,16.425));
#2128=CARTESIAN_POINT('Origin',(85.0108375850991,-80.0358375850991,16.925));
#2129=CARTESIAN_POINT('',(85.5108375850991,-80.0358375850991,16.925));
#2130=CARTESIAN_POINT('Origin',(85.0108375850991,-80.0358375850991,16.925));
#2131=CARTESIAN_POINT('',(85.5108375850991,-84.0358375850991,16.925));
#2132=CARTESIAN_POINT('Origin',(85.0108375850991,-84.0358375850991,16.925));
#2133=CARTESIAN_POINT('',(85.5108375850991,-80.0358375850991,16.925));
#2134=CARTESIAN_POINT('Origin',(85.5108375850991,-80.0358375850991,29.925));
#2135=CARTESIAN_POINT('',(85.5108375850991,-80.0358375850991,29.925));
#2136=CARTESIAN_POINT('',(85.5108375850991,-80.0358375850991,29.925));
#2137=CARTESIAN_POINT('',(85.5108375850991,-84.0358375850991,29.925));
#2138=CARTESIAN_POINT('',(85.5108375850991,-84.0358375850991,29.925));
#2139=CARTESIAN_POINT('',(85.5108375850991,-80.0358375850991,29.925));
#2140=CARTESIAN_POINT('Origin',(85.0108375850991,-80.0358375850991,29.925));
#2141=CARTESIAN_POINT('Origin',(85.0108375850991,-80.0358375850991,29.925));
#2142=CARTESIAN_POINT('Origin',(85.0108375850991,-84.0358375850991,29.925));
#2143=CARTESIAN_POINT('Origin',(52.9608375850991,-80.0358375850991,11.375));
#2144=CARTESIAN_POINT('',(52.9608375850991,-80.0358375850991,11.375));
#2145=CARTESIAN_POINT('',(65.9608375850991,-80.0358375850991,11.375));
#2146=CARTESIAN_POINT('',(65.9608375850991,-80.0358375850991,11.375));
#2147=CARTESIAN_POINT('',(65.9608375850991,-84.0358375850991,11.375));
#2148=CARTESIAN_POINT('',(65.9608375850991,-80.0358375850991,11.375));
#2149=CARTESIAN_POINT('',(52.9608375850991,-84.035837585099,11.375));
#2150=CARTESIAN_POINT('',(65.9608375850991,-84.0358375850991,11.375));
#2151=CARTESIAN_POINT('',(52.9608375850991,-80.0358375850991,11.375));
#2152=CARTESIAN_POINT('Origin',(52.9608375850991,-80.0358375850991,10.875));
#2153=CARTESIAN_POINT('',(52.4608375850991,-80.0358375850991,10.875));
#2154=CARTESIAN_POINT('Origin',(52.9608375850991,-80.0358375850991,10.875));
#2155=CARTESIAN_POINT('',(52.4608375850991,-84.035837585099,10.875));
#2156=CARTESIAN_POINT('Origin',(52.9608375850991,-84.035837585099,10.875));
#2157=CARTESIAN_POINT('',(52.4608375850991,-80.0358375850991,10.875));
#2158=CARTESIAN_POINT('Origin',(52.4608375850991,-80.0358375850991,-2.125));
#2159=CARTESIAN_POINT('',(52.4608375850991,-80.0358375850991,-2.125));
#2160=CARTESIAN_POINT('',(52.4608375850991,-80.0358375850991,10.875));
#2161=CARTESIAN_POINT('',(52.4608375850991,-84.035837585099,-2.125));
#2162=CARTESIAN_POINT('',(52.4608375850991,-84.035837585099,10.875));
#2163=CARTESIAN_POINT('',(52.4608375850991,-80.0358375850991,-2.125));
#2164=CARTESIAN_POINT('Origin',(52.9608375850991,-80.0358375850991,-2.125));
#2165=CARTESIAN_POINT('',(52.9608375850991,-80.0358375850991,-2.625));
#2166=CARTESIAN_POINT('Origin',(52.9608375850991,-80.0358375850991,-2.125));
#2167=CARTESIAN_POINT('',(52.9608375850991,-84.035837585099,-2.625));
#2168=CARTESIAN_POINT('Origin',(52.9608375850991,-84.035837585099,-2.125));
#2169=CARTESIAN_POINT('',(52.9608375850991,-80.0358375850991,-2.625));
#2170=CARTESIAN_POINT('Origin',(65.9608375850991,-80.0358375850991,-2.625));
#2171=CARTESIAN_POINT('',(65.9608375850991,-80.0358375850991,-2.625));
#2172=CARTESIAN_POINT('',(65.9608375850991,-80.0358375850991,-2.625));
#2173=CARTESIAN_POINT('',(65.9608375850991,-84.0358375850991,-2.625));
#2174=CARTESIAN_POINT('',(65.9608375850991,-84.0358375850991,-2.625));
#2175=CARTESIAN_POINT('',(65.9608375850991,-80.0358375850991,-2.625));
#2176=CARTESIAN_POINT('Origin',(65.9608375850991,-80.0358375850991,-2.125));
#2177=CARTESIAN_POINT('',(66.4608375850991,-80.0358375850991,-2.125));
#2178=CARTESIAN_POINT('Origin',(65.9608375850991,-80.0358375850991,-2.125));
#2179=CARTESIAN_POINT('',(66.4608375850991,-84.0358375850991,-2.125));
#2180=CARTESIAN_POINT('Origin',(65.9608375850991,-84.0358375850991,-2.125));
#2181=CARTESIAN_POINT('',(66.4608375850991,-80.0358375850991,-2.125));
#2182=CARTESIAN_POINT('Origin',(66.4608375850991,-80.0358375850991,10.875));
#2183=CARTESIAN_POINT('',(66.4608375850991,-80.0358375850991,10.875));
#2184=CARTESIAN_POINT('',(66.4608375850991,-80.0358375850991,10.875));
#2185=CARTESIAN_POINT('',(66.4608375850991,-84.0358375850991,10.875));
#2186=CARTESIAN_POINT('',(66.4608375850991,-84.0358375850991,10.875));
#2187=CARTESIAN_POINT('',(66.4608375850991,-80.0358375850991,10.875));
#2188=CARTESIAN_POINT('Origin',(65.9608375850991,-80.0358375850991,10.875));
#2189=CARTESIAN_POINT('Origin',(65.9608375850991,-80.0358375850991,10.875));
#2190=CARTESIAN_POINT('Origin',(65.9608375850991,-84.0358375850991,10.875));
#2191=CARTESIAN_POINT('Origin',(49.,-84.035837585099,31.5));
#2192=CARTESIAN_POINT('',(98.,-84.0358375850991,73.));
#2193=CARTESIAN_POINT('',(93.,-84.0358375850991,78.));
#2194=CARTESIAN_POINT('Origin',(93.,-84.0358375850991,73.));
#2195=CARTESIAN_POINT('',(5.00000000000003,-84.035837585099,78.));
#2196=CARTESIAN_POINT('',(93.,-84.0358375850991,78.));
#2197=CARTESIAN_POINT('',(1.77635683940025E-14,-84.035837585099,73.));
#2198=CARTESIAN_POINT('Origin',(5.00000000000001,-84.035837585099,73.));
#2199=CARTESIAN_POINT('',(1.77635683940025E-14,-84.035837585099,-9.99999999999999));
#2200=CARTESIAN_POINT('',(1.77635683940025E-14,-84.035837585099,73.));
#2201=CARTESIAN_POINT('',(5.00000000000002,-84.035837585099,-15.));
#2202=CARTESIAN_POINT('Origin',(5.00000000000002,-84.035837585099,-10.));
#2203=CARTESIAN_POINT('',(93.,-84.0358375850991,-15.));
#2204=CARTESIAN_POINT('',(93.,-84.0358375850991,-15.));
#2205=CARTESIAN_POINT('',(98.,-84.0358375850991,-9.99999999999999));
#2206=CARTESIAN_POINT('Origin',(93.,-84.0358375850991,-10.));
#2207=CARTESIAN_POINT('',(98.,-84.0358375850991,73.));
#2208=CARTESIAN_POINT('',(10.0358375850991,-84.035837585099,68.));
#2209=CARTESIAN_POINT('',(93.0358377788142,-84.0358375850991,-8.55000014901161));
#2210=CARTESIAN_POINT('Origin',(93.0358377788142,-84.0358375850991,-10.0000001490116));
#2211=CARTESIAN_POINT('',(93.0358377788142,-84.0358375850991,74.4500010877848));
#2212=CARTESIAN_POINT('Origin',(93.0358377788142,-84.0358375850991,73.0000010877848));
#2213=CARTESIAN_POINT('',(5.03583646751197,-84.035837585099,-8.55000014901161));
#2214=CARTESIAN_POINT('Origin',(5.03583646751197,-84.035837585099,-10.0000001490116));
#2215=CARTESIAN_POINT('',(5.03583646751197,-84.035837585099,74.4500010877848));
#2216=CARTESIAN_POINT('Origin',(5.03583646751197,-84.035837585099,73.0000010877848));
#2217=CARTESIAN_POINT('Origin',(10.0358375850991,-80.035837585099,-5.));
#2218=CARTESIAN_POINT('',(10.0358375850991,-80.035837585099,68.));
#2219=CARTESIAN_POINT('Origin',(93.0358377788142,-80.0358375850991,-10.0000001490116));
#2220=CARTESIAN_POINT('',(93.0358377788142,-80.0358375850991,-8.55000014901161));
#2221=CARTESIAN_POINT('',(93.0358377788142,-80.0358375850991,-8.55000014901161));
#2222=CARTESIAN_POINT('Origin',(93.0358377788142,-80.0358375850991,-10.0000001490116));
#2223=CARTESIAN_POINT('Origin',(93.0358377788142,-80.0358375850991,73.0000010877848));
#2224=CARTESIAN_POINT('',(93.0358377788142,-80.0358375850991,74.4500010877848));
#2225=CARTESIAN_POINT('',(93.0358377788142,-80.0358375850991,74.4500010877848));
#2226=CARTESIAN_POINT('Origin',(93.0358377788142,-80.0358375850991,73.0000010877848));
#2227=CARTESIAN_POINT('Origin',(5.03583646751197,-80.035837585099,-10.0000001490116));
#2228=CARTESIAN_POINT('',(5.03583646751197,-80.035837585099,-8.55000014901161));
#2229=CARTESIAN_POINT('',(5.03583646751197,-80.035837585099,-8.55000014901161));
#2230=CARTESIAN_POINT('Origin',(5.03583646751197,-80.035837585099,-10.0000001490116));
#2231=CARTESIAN_POINT('Origin',(5.03583646751197,-80.035837585099,73.0000010877848));
#2232=CARTESIAN_POINT('',(5.03583646751197,-80.035837585099,74.4500010877848));
#2233=CARTESIAN_POINT('',(5.03583646751197,-80.035837585099,74.4500010877848));
#2234=CARTESIAN_POINT('Origin',(5.03583646751197,-80.035837585099,73.0000010877848));
#2235=CARTESIAN_POINT('Origin',(98.,-80.0358375850991,-10.));
#2236=CARTESIAN_POINT('',(98.,-80.0358375850991,73.));
#2237=CARTESIAN_POINT('',(98.,-80.0358375850991,-10.));
#2238=CARTESIAN_POINT('',(98.,-80.0358375850991,73.));
#2239=CARTESIAN_POINT('',(98.,-80.0358375850991,73.));
#2240=CARTESIAN_POINT('',(98.,-80.0358375850991,-10.));
#2241=CARTESIAN_POINT('Origin',(93.,-80.0358375850991,-10.));
#2242=CARTESIAN_POINT('',(93.,-80.0358375850991,-15.));
#2243=CARTESIAN_POINT('Origin',(93.,-80.0358375850991,-10.));
#2244=CARTESIAN_POINT('',(93.,-80.0358375850991,-15.));
#2245=CARTESIAN_POINT('Origin',(5.00000000000003,-80.035837585099,-15.));
#2246=CARTESIAN_POINT('',(5.00000000000002,-80.035837585099,-15.));
#2247=CARTESIAN_POINT('',(93.,-80.0358375850991,-15.));
#2248=CARTESIAN_POINT('',(5.00000000000002,-80.035837585099,-15.));
#2249=CARTESIAN_POINT('Origin',(5.00000000000002,-80.035837585099,-10.));
#2250=CARTESIAN_POINT('',(1.77635683940025E-14,-80.035837585099,-9.99999999999999));
#2251=CARTESIAN_POINT('Origin',(5.00000000000002,-80.035837585099,-10.));
#2252=CARTESIAN_POINT('',(1.77635683940025E-14,-80.035837585099,-9.99999999999999));
#2253=CARTESIAN_POINT('Origin',(1.77635683940025E-14,-80.035837585099,73.));
#2254=CARTESIAN_POINT('',(1.77635683940025E-14,-80.035837585099,73.));
#2255=CARTESIAN_POINT('',(1.77635683940025E-14,-80.035837585099,73.));
#2256=CARTESIAN_POINT('',(1.77635683940025E-14,-80.035837585099,73.));
#2257=CARTESIAN_POINT('Origin',(5.00000000000001,-80.035837585099,73.));
#2258=CARTESIAN_POINT('',(5.00000000000003,-80.035837585099,78.));
#2259=CARTESIAN_POINT('Origin',(5.00000000000001,-80.035837585099,73.));
#2260=CARTESIAN_POINT('',(5.00000000000003,-80.035837585099,78.));
#2261=CARTESIAN_POINT('Origin',(93.,-80.0358375850991,78.));
#2262=CARTESIAN_POINT('',(93.,-80.0358375850991,78.));
#2263=CARTESIAN_POINT('',(93.,-80.0358375850991,78.));
#2264=CARTESIAN_POINT('',(93.,-80.0358375850991,78.));
#2265=CARTESIAN_POINT('Origin',(93.,-80.0358375850991,73.));
#2266=CARTESIAN_POINT('Origin',(93.,-80.0358375850991,73.));
#2267=CARTESIAN_POINT('Origin',(49.,-80.0358375850991,31.5));
#2268=UNCERTAINTY_MEASURE_WITH_UNIT(LENGTH_MEASURE(0.01),#2272,
'DISTANCE_ACCURACY_VALUE',
'Maximum model space distance between geometric entities at asserted c
onnectivities');
#2269=UNCERTAINTY_MEASURE_WITH_UNIT(LENGTH_MEASURE(0.01),#2272,
'DISTANCE_ACCURACY_VALUE',
'Maximum model space distance between geometric entities at asserted c
onnectivities');
#2270=(
GEOMETRIC_REPRESENTATION_CONTEXT(3)
GLOBAL_UNCERTAINTY_ASSIGNED_CONTEXT((#2268))
GLOBAL_UNIT_ASSIGNED_CONTEXT((#2272,#2274,#2275))
REPRESENTATION_CONTEXT('','3D')
);
#2271=(
GEOMETRIC_REPRESENTATION_CONTEXT(3)
GLOBAL_UNCERTAINTY_ASSIGNED_CONTEXT((#2269))
GLOBAL_UNIT_ASSIGNED_CONTEXT((#2272,#2274,#2275))
REPRESENTATION_CONTEXT('','3D')
);
#2272=(
LENGTH_UNIT()
NAMED_UNIT(*)
SI_UNIT(.MILLI.,.METRE.)
);
#2273=(
LENGTH_UNIT()
NAMED_UNIT(*)
SI_UNIT($,.METRE.)
);
#2274=(
NAMED_UNIT(*)
PLANE_ANGLE_UNIT()
SI_UNIT($,.RADIAN.)
);
#2275=(
NAMED_UNIT(*)
SI_UNIT($,.STERADIAN.)
SOLID_ANGLE_UNIT()
);
#2276=SHAPE_DEFINITION_REPRESENTATION(#2277,#2278);
#2277=PRODUCT_DEFINITION_SHAPE('',$,#2280);
#2278=SHAPE_REPRESENTATION('',(#1360),#2270);
#2279=PRODUCT_DEFINITION_CONTEXT('part definition',#2284,'design');
#2280=PRODUCT_DEFINITION('2026-06-24-08-41-47-317','pixelpadv2',#2281,#2279);
#2281=PRODUCT_DEFINITION_FORMATION('',$,#2286);
#2282=PRODUCT_RELATED_PRODUCT_CATEGORY('pixelpadv2','pixelpadv2',(#2286));
#2283=APPLICATION_PROTOCOL_DEFINITION('international standard',
'automotive_design',2009,#2284);
#2284=APPLICATION_CONTEXT(
'Core Data for Automotive Mechanical Design Process');
#2285=PRODUCT_CONTEXT('part definition',#2284,'mechanical');
#2286=PRODUCT('2026-06-24-08-41-47-317','pixelpadv2',$,(#2285));
#2287=PRESENTATION_STYLE_ASSIGNMENT((#2288));
#2288=SURFACE_STYLE_USAGE(.BOTH.,#2289);
#2289=SURFACE_SIDE_STYLE('',(#2290));
#2290=SURFACE_STYLE_FILL_AREA(#2291);
#2291=FILL_AREA_STYLE('Steel - Satin',(#2292));
#2292=FILL_AREA_STYLE_COLOUR('Steel - Satin',#2293);
#2293=COLOUR_RGB('Steel - Satin',0.627450980392157,0.627450980392157,0.627450980392157);
ENDSEC;
END-ISO-10303-21;
